company_id,name,reason_bucket,reason,priority_tier,priority_score,industry,signal_count,signal_types
37,Marriott Hotels,buyer_opportunity_gate,"buyer opportunity gate: no buyer-intent signal found (labor, expansion, capex, RFP, deployment, or operations hiring)",COLD,0.0,Hospitality,1,news
65,Jones Lang LaSalle (JLL),misattributed_headline,company name not found in signal text (mis-attributed headline fragment),COLD,0.0,Real Estate & Facilities,4,"capex,labor_shortage,news,strategic_hire"
145,Samsung C&T,buyer_opportunity_gate,"buyer opportunity gate: no buyer-intent signal found (labor, expansion, capex, RFP, deployment, or operations hiring)",COLD,0.0,Logistics,4,automation_interest
151,N.J. logistics park,buyer_opportunity_gate,"buyer opportunity gate: seller/vendor or publisher story, not a buyer opportunity",COLD,0.0,Logistics,1,news
157,US hospitality,buyer_opportunity_gate,"buyer opportunity gate: no buyer-intent signal found (labor, expansion, capex, RFP, deployment, or operations hiring)",COLD,0.0,Healthcare,2,strategic_hire
160,Viega North America,buyer_opportunity_gate,"buyer opportunity gate: seller/vendor or publisher story, not a buyer opportunity",COLD,0.0,Automotive & Manufacturing,5,"news,strategic_hire"
161,EG America,buyer_opportunity_gate,"buyer opportunity gate: no buyer-intent signal found (labor, expansion, capex, RFP, deployment, or operations hiring)",COLD,0.0,Retail,4,"automation_interest,news,strategic_hire"
166,Third Party Logistics,buyer_opportunity_gate,"buyer opportunity gate: no buyer-intent signal found (labor, expansion, capex, RFP, deployment, or operations hiring)",COLD,0.0,Logistics,2,news
172,Palladium Hotel Group,buyer_opportunity_gate,"buyer opportunity gate: no buyer-intent signal found (labor, expansion, capex, RFP, deployment, or operations hiring)",COLD,0.0,Hospitality,5,"funding_round,news"
180,Elderly Americans,buyer_opportunity_gate,"buyer opportunity gate: no buyer-intent signal found (labor, expansion, capex, RFP, deployment, or operations hiring)",COLD,0.0,Unknown,2,news
182,Six Flags,buyer_opportunity_gate,"buyer opportunity gate: seller/vendor or publisher story, not a buyer opportunity",COLD,0.0,Media & Publishing,2,"automation_interest,funding_round"
190,Red Lobster,buyer_opportunity_gate,"buyer opportunity gate: no buyer-intent signal found (labor, expansion, capex, RFP, deployment, or operations hiring)",COLD,0.0,Food Service,6,"news,strategic_hire"
191,Echo Global Logistics,buyer_opportunity_gate,"buyer opportunity gate: no buyer-intent signal found (labor, expansion, capex, RFP, deployment, or operations hiring)",COLD,0.0,Logistics,4,"expansion,ma_activity"
194,Fresh Blends,buyer_opportunity_gate,"buyer opportunity gate: seller/vendor or publisher story, not a buyer opportunity",COLD,0.0,Healthcare,5,"automation_interest,news,strategic_hire"
206,US restaurant,fast_junk,junk pattern: (?i)^(qsr|nj|ny|ca|tx|fl|us|u\.s\.)\s+(operators?|restaurant,COLD,0.0,Food Service,1,automation_interest
208,ECOVACS,buyer_opportunity_gate,"buyer opportunity gate: no buyer-intent signal found (labor, expansion, capex, RFP, deployment, or operations hiring)",COLD,0.0,Hospitality,5,automation_interest
220,SpaceX vets,buyer_opportunity_gate,"buyer opportunity gate: seller/vendor or publisher story, not a buyer opportunity",COLD,0.0,Datacenters,2,funding_round
222,Smarter,buyer_opportunity_gate,"buyer opportunity gate: no buyer-intent signal found (labor, expansion, capex, RFP, deployment, or operations hiring)",COLD,0.0,Airports & Aviation,2,news
223,BESTSELLER,buyer_opportunity_gate,"buyer opportunity gate: no buyer-intent signal found (labor, expansion, capex, RFP, deployment, or operations hiring)",COLD,0.0,Apparel & Textiles,2,automation_interest
232,Rowan University,buyer_opportunity_gate,"buyer opportunity gate: no buyer-intent signal found (labor, expansion, capex, RFP, deployment, or operations hiring)",COLD,0.0,Automotive & Manufacturing,3,"expansion,news"
238,CKE Restaurants,buyer_opportunity_gate,"buyer opportunity gate: no buyer-intent signal found (labor, expansion, capex, RFP, deployment, or operations hiring)",COLD,0.0,Food Service,2,news
247,US Manufacturers Make Big,buyer_opportunity_gate,"buyer opportunity gate: no buyer-intent signal found (labor, expansion, capex, RFP, deployment, or operations hiring)",COLD,0.0,Automotive & Manufacturing,2,news
256,Churchill,buyer_opportunity_gate,"buyer opportunity gate: no buyer-intent signal found (labor, expansion, capex, RFP, deployment, or operations hiring)",COLD,0.0,Unknown,2,"automation_interest,expansion"
275,BurgerBots,buyer_opportunity_gate,"buyer opportunity gate: no buyer-intent signal found (labor, expansion, capex, RFP, deployment, or operations hiring)",COLD,0.0,Food Service,2,"automation_interest,strategic_hire"
285,Omnicell,buyer_opportunity_gate,"buyer opportunity gate: no buyer-intent signal found (labor, expansion, capex, RFP, deployment, or operations hiring)",COLD,0.0,Healthcare,6,news
292,Vitestro,buyer_opportunity_gate,"buyer opportunity gate: seller/vendor or publisher story, not a buyer opportunity",COLD,0.0,Medical Technology,3,funding_round
295,Cellares,buyer_opportunity_gate,"buyer opportunity gate: seller/vendor or publisher story, not a buyer opportunity",COLD,0.0,Automotive & Manufacturing,3,"funding_round,news,strategic_hire"
328,Changi Airport,buyer_opportunity_gate,"buyer opportunity gate: no buyer-intent signal found (labor, expansion, capex, RFP, deployment, or operations hiring)",COLD,0.0,Airports & Aviation,10,"automation_interest,expansion,news,strategic_hire"
345,Target Corporation,buyer_opportunity_gate,"buyer opportunity gate: no buyer-intent signal found (labor, expansion, capex, RFP, deployment, or operations hiring)",COLD,0.0,Retail,2,news
386,Restaurant Brands International,buyer_opportunity_gate,"buyer opportunity gate: seller/vendor or publisher story, not a buyer opportunity",COLD,0.0,Food Service,2,"ma_activity,news"
412,UPS Supply Chain Solutions,buyer_opportunity_gate,"buyer opportunity gate: no buyer-intent signal found (labor, expansion, capex, RFP, deployment, or operations hiring)",COLD,0.0,Logistics,2,news
481,Hilton Worldwide Holdings,buyer_opportunity_gate,"buyer opportunity gate: no buyer-intent signal found (labor, expansion, capex, RFP, deployment, or operations hiring)",COLD,0.0,Hospitality,5,"funding_round,ma_activity,news"
532,Air India CEO,buyer_opportunity_gate,"buyer opportunity gate: no buyer-intent signal found (labor, expansion, capex, RFP, deployment, or operations hiring)",COLD,0.0,Airports & Aviation,2,"automation_interest,news"
811,Rivian Spinout Mind Robotics,buyer_opportunity_gate,"buyer opportunity gate: seller/vendor or publisher story, not a buyer opportunity",COLD,0.0,Automotive & Manufacturing,2,expansion
812,Chinese humanoids,buyer_opportunity_gate,"buyer opportunity gate: seller/vendor or publisher story, not a buyer opportunity",COLD,0.0,Automotive & Manufacturing,2,news
820,Dutch hospitality operating system Mews,buyer_opportunity_gate,"buyer opportunity gate: seller/vendor or publisher story, not a buyer opportunity",COLD,0.0,Healthcare,3,automation_interest
827,QSR Operators,fast_junk,junk pattern: (?i)^(qsr|nj|ny|ca|tx|fl|us|u\.s\.)\s+(operators?|restaurant,COLD,0.0,Food Service,3,labor_shortage
832,FinThrive,buyer_opportunity_gate,"buyer opportunity gate: seller/vendor or publisher story, not a buyer opportunity",COLD,0.0,Healthcare,2,strategic_hire
833,California health workers helps patients,buyer_opportunity_gate,"buyer opportunity gate: no buyer-intent signal found (labor, expansion, capex, RFP, deployment, or operations hiring)",COLD,0.0,Healthcare,2,news
834,Philly-area hospitals,buyer_opportunity_gate,"buyer opportunity gate: no buyer-intent signal found (labor, expansion, capex, RFP, deployment, or operations hiring)",COLD,0.0,Healthcare,2,news
838,MGM Springfield and the technology,buyer_opportunity_gate,"buyer opportunity gate: no buyer-intent signal found (labor, expansion, capex, RFP, deployment, or operations hiring)",COLD,0.0,Casinos & Gaming,3,strategic_hire
839,Bay - Challenger,buyer_opportunity_gate,"buyer opportunity gate: no buyer-intent signal found (labor, expansion, capex, RFP, deployment, or operations hiring)",COLD,0.0,Unknown,1,news
840,Scaling Restaurants,buyer_opportunity_gate,"buyer opportunity gate: no buyer-intent signal found (labor, expansion, capex, RFP, deployment, or operations hiring)",COLD,0.0,Food Service,1,news
842,Seagull Software,buyer_opportunity_gate,"buyer opportunity gate: no buyer-intent signal found (labor, expansion, capex, RFP, deployment, or operations hiring)",COLD,0.0,Datacenters,2,"expansion,strategic_hire"
848,Supply chain consultancy SCALA,fast_junk,junk pattern: (?i)^(supply\s+chain|hospitality|logistics|restaurant|hotel),COLD,0.0,Logistics,3,expansion
849,Twin Peaks owner,buyer_opportunity_gate,"buyer opportunity gate: no buyer-intent signal found (labor, expansion, capex, RFP, deployment, or operations hiring)",COLD,0.0,Food Service,4,news
852,Curative,buyer_opportunity_gate,"buyer opportunity gate: seller/vendor or publisher story, not a buyer opportunity",COLD,0.0,Healthcare,3,funding_round
853,Empathy Health,buyer_opportunity_gate,"buyer opportunity gate: seller/vendor or publisher story, not a buyer opportunity",COLD,0.0,Healthcare,3,funding_round
855,JetBlue,buyer_opportunity_gate,"buyer opportunity gate: no buyer-intent signal found (labor, expansion, capex, RFP, deployment, or operations hiring)",COLD,0.0,Airports & Aviation,3,automation_interest
856,Heathrow Airport,buyer_opportunity_gate,"buyer opportunity gate: no buyer-intent signal found (labor, expansion, capex, RFP, deployment, or operations hiring)",COLD,0.0,Airports & Aviation,5,"automation_interest,news"
858,Pailton Engineering,buyer_opportunity_gate,"buyer opportunity gate: no buyer-intent signal found (labor, expansion, capex, RFP, deployment, or operations hiring)",COLD,0.0,Automotive & Manufacturing,4,news
874,Dipylon Medical,buyer_opportunity_gate,"buyer opportunity gate: no buyer-intent signal found (labor, expansion, capex, RFP, deployment, or operations hiring)",COLD,0.0,Healthcare,5,"funding_round,news"
886,FV Hospital,buyer_opportunity_gate,"buyer opportunity gate: no buyer-intent signal found (labor, expansion, capex, RFP, deployment, or operations hiring)",COLD,0.0,Medical Technology,2,"automation_interest,strategic_hire"
892,Dutch Bros,buyer_opportunity_gate,"buyer opportunity gate: no buyer-intent signal found (labor, expansion, capex, RFP, deployment, or operations hiring)",COLD,0.0,Food Service,2,news
900,Hospitality Robots Strategic Business,buyer_opportunity_gate,"buyer opportunity gate: seller/vendor or publisher story, not a buyer opportunity",COLD,0.0,Healthcare,1,automation_interest
901,Rivian spin-out Mind Robotics,buyer_opportunity_gate,"buyer opportunity gate: seller/vendor or publisher story, not a buyer opportunity",COLD,0.0,Automotive & Manufacturing,3,"funding_round,strategic_hire"
905,Premiums,buyer_opportunity_gate,"buyer opportunity gate: no buyer-intent signal found (labor, expansion, capex, RFP, deployment, or operations hiring)",COLD,0.0,Unknown,1,news
907,Consumer,buyer_opportunity_gate,"buyer opportunity gate: no buyer-intent signal found (labor, expansion, capex, RFP, deployment, or operations hiring)",COLD,0.0,Food Service,2,"automation_interest,expansion"
910,McDonald,buyer_opportunity_gate,"buyer opportunity gate: no buyer-intent signal found (labor, expansion, capex, RFP, deployment, or operations hiring)",COLD,0.0,Food Service,7,"news,strategic_hire"
912,Serve Robotics and White Castle,buyer_opportunity_gate,"buyer opportunity gate: no buyer-intent signal found (labor, expansion, capex, RFP, deployment, or operations hiring)",COLD,0.0,Logistics,3,automation_interest
919,Data Center Robotics Business,buyer_opportunity_gate,"buyer opportunity gate: no buyer-intent signal found (labor, expansion, capex, RFP, deployment, or operations hiring)",COLD,0.0,Datacenters,3,expansion
938,General Mills,buyer_opportunity_gate,"buyer opportunity gate: no buyer-intent signal found (labor, expansion, capex, RFP, deployment, or operations hiring)",COLD,0.0,Automotive & Manufacturing,3,news
939,NexChapter,buyer_opportunity_gate,"buyer opportunity gate: no buyer-intent signal found (labor, expansion, capex, RFP, deployment, or operations hiring)",COLD,0.0,Retail,1,news
940,Del Taco owner,buyer_opportunity_gate,"buyer opportunity gate: no buyer-intent signal found (labor, expansion, capex, RFP, deployment, or operations hiring)",COLD,0.0,Food Service,2,expansion
941,Performance Food Group,buyer_opportunity_gate,"buyer opportunity gate: no buyer-intent signal found (labor, expansion, capex, RFP, deployment, or operations hiring)",COLD,0.0,Logistics,2,news
942,Chipotle,buyer_opportunity_gate,"buyer opportunity gate: no buyer-intent signal found (labor, expansion, capex, RFP, deployment, or operations hiring)",COLD,0.0,Food Service,3,news
943,Wingstop,buyer_opportunity_gate,"buyer opportunity gate: no buyer-intent signal found (labor, expansion, capex, RFP, deployment, or operations hiring)",COLD,0.0,Food Service,2,news
944,Duravant,buyer_opportunity_gate,"buyer opportunity gate: seller/vendor or publisher story, not a buyer opportunity",COLD,0.0,Automotive & Manufacturing,3,"ma_activity,news"
950,Northern Kentucky International Airport,buyer_opportunity_gate,"buyer opportunity gate: no buyer-intent signal found (labor, expansion, capex, RFP, deployment, or operations hiring)",COLD,0.0,Airports & Aviation,3,automation_interest
954,Brick Hospitality,buyer_opportunity_gate,"buyer opportunity gate: no buyer-intent signal found (labor, expansion, capex, RFP, deployment, or operations hiring)",COLD,0.0,Hospitality,3,automation_interest
959,VeroSkills,buyer_opportunity_gate,"buyer opportunity gate: seller/vendor or publisher story, not a buyer opportunity",COLD,0.0,Media & Publishing,2,expansion
962,Hesai Technology,buyer_opportunity_gate,"buyer opportunity gate: no buyer-intent signal found (labor, expansion, capex, RFP, deployment, or operations hiring)",COLD,0.0,Automotive & Manufacturing,3,automation_interest
966,Novant Health,buyer_opportunity_gate,"buyer opportunity gate: no buyer-intent signal found (labor, expansion, capex, RFP, deployment, or operations hiring)",COLD,0.0,Healthcare,4,automation_interest
997,Don Mueang,buyer_opportunity_gate,"buyer opportunity gate: no buyer-intent signal found (labor, expansion, capex, RFP, deployment, or operations hiring)",COLD,0.0,Media & Publishing,3,news
1005,CreateMe,buyer_opportunity_gate,"buyer opportunity gate: seller/vendor or publisher story, not a buyer opportunity",COLD,0.0,Apparel & Textiles,5,"automation_interest,news,strategic_hire"
1008,Rotostitch,buyer_opportunity_gate,"buyer opportunity gate: seller/vendor or publisher story, not a buyer opportunity",COLD,0.0,Apparel & Textiles,5,"funding_round,news"
1009,Textile manufacturer,buyer_opportunity_gate,"buyer opportunity gate: no buyer-intent signal found (labor, expansion, capex, RFP, deployment, or operations hiring)",COLD,0.0,Apparel & Textiles,2,automation_interest
1011,Baba Fashion,buyer_opportunity_gate,"buyer opportunity gate: no buyer-intent signal found (labor, expansion, capex, RFP, deployment, or operations hiring)",COLD,0.0,Apparel & Textiles,1,automation_interest
1015,First Solar,buyer_opportunity_gate,"buyer opportunity gate: no buyer-intent signal found (labor, expansion, capex, RFP, deployment, or operations hiring)",COLD,0.0,Automotive & Manufacturing,3,news
1017,Hadrian,buyer_opportunity_gate,"buyer opportunity gate: no buyer-intent signal found (labor, expansion, capex, RFP, deployment, or operations hiring)",COLD,0.0,Automotive & Manufacturing,4,"funding_round,strategic_hire"
1023,Terawatt Infrastructure,buyer_opportunity_gate,"buyer opportunity gate: no buyer-intent signal found (labor, expansion, capex, RFP, deployment, or operations hiring)",COLD,0.0,Automotive & Manufacturing,2,news
1025,Fuel Transport,buyer_opportunity_gate,"buyer opportunity gate: no buyer-intent signal found (labor, expansion, capex, RFP, deployment, or operations hiring)",COLD,0.0,Logistics,3,news
1032,Major 2026 Conferences -,buyer_opportunity_gate,"buyer opportunity gate: no buyer-intent signal found (labor, expansion, capex, RFP, deployment, or operations hiring)",COLD,0.0,Media & Publishing,1,news
1033,Online supermarket Picnic,buyer_opportunity_gate,"buyer opportunity gate: no buyer-intent signal found (labor, expansion, capex, RFP, deployment, or operations hiring)",COLD,0.0,Retail,2,strategic_hire
1040,Doctors Hospital,buyer_opportunity_gate,"buyer opportunity gate: no buyer-intent signal found (labor, expansion, capex, RFP, deployment, or operations hiring)",COLD,0.0,Healthcare,2,funding_round
1050,Des Moines,buyer_opportunity_gate,"buyer opportunity gate: no buyer-intent signal found (labor, expansion, capex, RFP, deployment, or operations hiring)",COLD,0.0,Food Service,2,expansion
1052,Habit Burger,buyer_opportunity_gate,"buyer opportunity gate: no buyer-intent signal found (labor, expansion, capex, RFP, deployment, or operations hiring)",COLD,0.0,Food Service,7,news
1053,Fremont Restaurant Week,buyer_opportunity_gate,"buyer opportunity gate: no buyer-intent signal found (labor, expansion, capex, RFP, deployment, or operations hiring)",COLD,0.0,Food Service,2,news
1055,Yum Brands Battles Rival Restaurants,buyer_opportunity_gate,"buyer opportunity gate: no buyer-intent signal found (labor, expansion, capex, RFP, deployment, or operations hiring)",COLD,0.0,Food Service,3,news
1056,Discuss Restaurant,buyer_opportunity_gate,"buyer opportunity gate: no buyer-intent signal found (labor, expansion, capex, RFP, deployment, or operations hiring)",COLD,0.0,Food Service,1,news
1065,Top Robotics Stocks,buyer_opportunity_gate,"buyer opportunity gate: no buyer-intent signal found (labor, expansion, capex, RFP, deployment, or operations hiring)",COLD,0.0,Unknown,3,automation_interest
1067,Empty Midway Why,buyer_opportunity_gate,"buyer opportunity gate: no buyer-intent signal found (labor, expansion, capex, RFP, deployment, or operations hiring)",COLD,0.0,Food Service,1,news
1069,Great America,buyer_opportunity_gate,"buyer opportunity gate: no buyer-intent signal found (labor, expansion, capex, RFP, deployment, or operations hiring)",COLD,0.0,Healthcare,2,news
1071,Overlooked Toll Of,buyer_opportunity_gate,"buyer opportunity gate: no buyer-intent signal found (labor, expansion, capex, RFP, deployment, or operations hiring)",COLD,0.0,Unknown,2,expansion
1075,Fast Facts,buyer_opportunity_gate,"buyer opportunity gate: no buyer-intent signal found (labor, expansion, capex, RFP, deployment, or operations hiring)",COLD,0.0,Unknown,6,news
1076,McKinsey Technology,buyer_opportunity_gate,"buyer opportunity gate: no buyer-intent signal found (labor, expansion, capex, RFP, deployment, or operations hiring)",COLD,0.0,Unknown,2,news
1079,Sri Lanka,buyer_opportunity_gate,"buyer opportunity gate: no buyer-intent signal found (labor, expansion, capex, RFP, deployment, or operations hiring)",COLD,0.0,Media & Publishing,8,"expansion,news"
1080,Common Challenges,buyer_opportunity_gate,"buyer opportunity gate: no buyer-intent signal found (labor, expansion, capex, RFP, deployment, or operations hiring)",COLD,0.0,Healthcare,4,news
1088,Heathrow Airport Embraces,buyer_opportunity_gate,"buyer opportunity gate: no buyer-intent signal found (labor, expansion, capex, RFP, deployment, or operations hiring)",COLD,0.0,Airports & Aviation,2,automation_interest
1091,Sponsor Oracle Hospitality Summit,fast_junk,junk pattern: (?i)^sponsor\s+\w,COLD,0.0,Healthcare,4,"automation_interest,expansion,strategic_hire"
1094,Hotels - Travel Agent Central,buyer_opportunity_gate,"buyer opportunity gate: no buyer-intent signal found (labor, expansion, capex, RFP, deployment, or operations hiring)",COLD,0.0,Hospitality,1,expansion
1095,Fleet Management Software,buyer_opportunity_gate,"buyer opportunity gate: seller/vendor or publisher story, not a buyer opportunity",COLD,0.0,Media & Publishing,6,news
1099,Chinese Humanoid,buyer_opportunity_gate,"buyer opportunity gate: no buyer-intent signal found (labor, expansion, capex, RFP, deployment, or operations hiring)",COLD,0.0,Automotive & Manufacturing,2,automation_interest
1101,MercadoLibre Stock NASDAQ MELI News,buyer_opportunity_gate,"buyer opportunity gate: no buyer-intent signal found (labor, expansion, capex, RFP, deployment, or operations hiring)",COLD,0.0,Automotive & Manufacturing,1,strategic_hire
1103,Intuitive Surgical,buyer_opportunity_gate,"buyer opportunity gate: no buyer-intent signal found (labor, expansion, capex, RFP, deployment, or operations hiring)",COLD,0.0,Medical Technology,10,"automation_interest,news"
1109,Featuring Analysis,buyer_opportunity_gate,"buyer opportunity gate: seller/vendor or publisher story, not a buyer opportunity",COLD,0.0,Unknown,1,automation_interest
1112,Next Normal,buyer_opportunity_gate,"buyer opportunity gate: no buyer-intent signal found (labor, expansion, capex, RFP, deployment, or operations hiring)",COLD,0.0,Food Service,2,news
1117,Sterilization Equipment,buyer_opportunity_gate,"buyer opportunity gate: no buyer-intent signal found (labor, expansion, capex, RFP, deployment, or operations hiring)",COLD,0.0,Unknown,3,news
1118,Polokwane hospital - ITWeb,buyer_opportunity_gate,"buyer opportunity gate: no buyer-intent signal found (labor, expansion, capex, RFP, deployment, or operations hiring)",COLD,0.0,Healthcare,1,strategic_hire
1122,Trailborn - Hospitality Net,buyer_opportunity_gate,"buyer opportunity gate: no buyer-intent signal found (labor, expansion, capex, RFP, deployment, or operations hiring)",COLD,0.0,Healthcare,1,automation_interest
1124,Trailborn Hotels,buyer_opportunity_gate,"buyer opportunity gate: no buyer-intent signal found (labor, expansion, capex, RFP, deployment, or operations hiring)",COLD,0.0,Hospitality,2,automation_interest
1126,Guadeloupe Airport - Identity Week,buyer_opportunity_gate,"buyer opportunity gate: no buyer-intent signal found (labor, expansion, capex, RFP, deployment, or operations hiring)",COLD,0.0,Airports & Aviation,1,news
1128,SKY Aviation Lab,buyer_opportunity_gate,"buyer opportunity gate: no buyer-intent signal found (labor, expansion, capex, RFP, deployment, or operations hiring)",COLD,0.0,Airports & Aviation,2,news
1131,Sydney Airport Trial Facial Recognition,buyer_opportunity_gate,"buyer opportunity gate: no buyer-intent signal found (labor, expansion, capex, RFP, deployment, or operations hiring)",COLD,0.0,Airports & Aviation,1,news
1142,Kroger Evolves,buyer_opportunity_gate,"buyer opportunity gate: no buyer-intent signal found (labor, expansion, capex, RFP, deployment, or operations hiring)",COLD,0.0,Retail,2,news
1146,Facilities as Part of Updated E-Commerce,buyer_opportunity_gate,"buyer opportunity gate: no buyer-intent signal found (labor, expansion, capex, RFP, deployment, or operations hiring)",COLD,0.0,Logistics,2,expansion
1147,Urban Outfitters URBN Valuation Check,buyer_opportunity_gate,"buyer opportunity gate: no buyer-intent signal found (labor, expansion, capex, RFP, deployment, or operations hiring)",COLD,0.0,Logistics,1,news
1151,E-commerce Logistics,buyer_opportunity_gate,"buyer opportunity gate: no buyer-intent signal found (labor, expansion, capex, RFP, deployment, or operations hiring)",COLD,0.0,Logistics,3,news
1158,Grocery Micro-Fulfillment Centers MFCs,buyer_opportunity_gate,"buyer opportunity gate: no buyer-intent signal found (labor, expansion, capex, RFP, deployment, or operations hiring)",COLD,0.0,Logistics,2,expansion
1183,Bass Pro Shops,buyer_opportunity_gate,"buyer opportunity gate: no buyer-intent signal found (labor, expansion, capex, RFP, deployment, or operations hiring)",COLD,0.0,Unknown,2,news
1188,Warehouse Wow Factor Autonomous Mobile,buyer_opportunity_gate,"buyer opportunity gate: no buyer-intent signal found (labor, expansion, capex, RFP, deployment, or operations hiring)",COLD,0.0,Logistics,2,automation_interest
1199,World Skiving Roller Burnishing Machine,buyer_opportunity_gate,"buyer opportunity gate: no buyer-intent signal found (labor, expansion, capex, RFP, deployment, or operations hiring)",COLD,0.0,Unknown,1,news
1201,Global Semiconductor,buyer_opportunity_gate,"buyer opportunity gate: no buyer-intent signal found (labor, expansion, capex, RFP, deployment, or operations hiring)",COLD,0.0,Automotive & Manufacturing,3,expansion
1204,Barclays IB WEF,buyer_opportunity_gate,"buyer opportunity gate: no buyer-intent signal found (labor, expansion, capex, RFP, deployment, or operations hiring)",COLD,0.0,Unknown,1,automation_interest
1206,Copper Price News January,buyer_opportunity_gate,"buyer opportunity gate: no buyer-intent signal found (labor, expansion, capex, RFP, deployment, or operations hiring)",COLD,0.0,Unknown,1,news
1226,Premium Properties Across India,buyer_opportunity_gate,"buyer opportunity gate: no buyer-intent signal found (labor, expansion, capex, RFP, deployment, or operations hiring)",COLD,0.0,Unknown,1,news
1236,DOL Reduces Wages,buyer_opportunity_gate,"buyer opportunity gate: no buyer-intent signal found (labor, expansion, capex, RFP, deployment, or operations hiring)",COLD,0.0,Unknown,1,news
1242,Global M&A,buyer_opportunity_gate,"buyer opportunity gate: no buyer-intent signal found (labor, expansion, capex, RFP, deployment, or operations hiring)",COLD,0.0,Unknown,7,"expansion,news"
1245,Global Sports,buyer_opportunity_gate,"buyer opportunity gate: no buyer-intent signal found (labor, expansion, capex, RFP, deployment, or operations hiring)",COLD,0.0,Unknown,1,news
1246,Epson's Shoptalk,buyer_opportunity_gate,"buyer opportunity gate: no buyer-intent signal found (labor, expansion, capex, RFP, deployment, or operations hiring)",COLD,0.0,Unknown,3,automation_interest
1247,Fast Food Chains Put AI,buyer_opportunity_gate,"buyer opportunity gate: no buyer-intent signal found (labor, expansion, capex, RFP, deployment, or operations hiring)",COLD,0.0,Food Service,2,expansion
1248,Buy Infinite Kitchen Tech,buyer_opportunity_gate,"buyer opportunity gate: no buyer-intent signal found (labor, expansion, capex, RFP, deployment, or operations hiring)",COLD,0.0,Food Service,3,news
1249,Japan AI Culinary,buyer_opportunity_gate,"buyer opportunity gate: no buyer-intent signal found (labor, expansion, capex, RFP, deployment, or operations hiring)",COLD,0.0,Unknown,1,strategic_hire
1252,Boston Logan Airport - Restaurant Dive,buyer_opportunity_gate,"buyer opportunity gate: no buyer-intent signal found (labor, expansion, capex, RFP, deployment, or operations hiring)",COLD,0.0,Airports & Aviation,1,news
1253,Explore Top,buyer_opportunity_gate,"buyer opportunity gate: no buyer-intent signal found (labor, expansion, capex, RFP, deployment, or operations hiring)",COLD,0.0,Hospitality,3,news
1261,EB-3 Unskilled Jobs,buyer_opportunity_gate,"buyer opportunity gate: no buyer-intent signal found (labor, expansion, capex, RFP, deployment, or operations hiring)",COLD,0.0,Unknown,3,news
1264,Restaurant Payroll Percentage,buyer_opportunity_gate,"buyer opportunity gate: no buyer-intent signal found (labor, expansion, capex, RFP, deployment, or operations hiring)",COLD,0.0,Food Service,3,news
1266,Hospitality Reenters,buyer_opportunity_gate,"buyer opportunity gate: no buyer-intent signal found (labor, expansion, capex, RFP, deployment, or operations hiring)",COLD,0.0,Hospitality,3,expansion
1274,Logan Square Wicker Park Neighbors,buyer_opportunity_gate,"buyer opportunity gate: no buyer-intent signal found (labor, expansion, capex, RFP, deployment, or operations hiring)",COLD,0.0,Logistics,2,automation_interest
1279,Chicago Residents Debate Expansion,buyer_opportunity_gate,"buyer opportunity gate: no buyer-intent signal found (labor, expansion, capex, RFP, deployment, or operations hiring)",COLD,0.0,Logistics,1,automation_interest
1283,US Jobs,buyer_opportunity_gate,"buyer opportunity gate: no buyer-intent signal found (labor, expansion, capex, RFP, deployment, or operations hiring)",COLD,0.0,Unknown,1,news
1286,End-of-Year Construction,buyer_opportunity_gate,"buyer opportunity gate: no buyer-intent signal found (labor, expansion, capex, RFP, deployment, or operations hiring)",COLD,0.0,Unknown,3,news
1291,KPC Health,buyer_opportunity_gate,"buyer opportunity gate: no buyer-intent signal found (labor, expansion, capex, RFP, deployment, or operations hiring)",COLD,0.0,Unknown,2,news
1293,Mercy Hospital,buyer_opportunity_gate,"buyer opportunity gate: no buyer-intent signal found (labor, expansion, capex, RFP, deployment, or operations hiring)",COLD,0.0,Healthcare,2,news
1295,South Abington Twp,buyer_opportunity_gate,"buyer opportunity gate: no buyer-intent signal found (labor, expansion, capex, RFP, deployment, or operations hiring)",COLD,0.0,Unknown,1,news
1297,Uptown Houston,buyer_opportunity_gate,"buyer opportunity gate: no buyer-intent signal found (labor, expansion, capex, RFP, deployment, or operations hiring)",COLD,0.0,Healthcare,1,news
1304,Orchard Path,buyer_opportunity_gate,"buyer opportunity gate: no buyer-intent signal found (labor, expansion, capex, RFP, deployment, or operations hiring)",COLD,0.0,Unknown,1,news
1307,Gap Maximizing,buyer_opportunity_gate,"buyer opportunity gate: no buyer-intent signal found (labor, expansion, capex, RFP, deployment, or operations hiring)",COLD,0.0,Unknown,2,strategic_hire
1308,Medical Device,buyer_opportunity_gate,"buyer opportunity gate: no buyer-intent signal found (labor, expansion, capex, RFP, deployment, or operations hiring)",COLD,0.0,Unknown,3,news
1312,Crisis Facing Nursing Homes Assisted,buyer_opportunity_gate,"buyer opportunity gate: no buyer-intent signal found (labor, expansion, capex, RFP, deployment, or operations hiring)",COLD,0.0,Healthcare,2,news
1315,Nationwide Caregiver Shortage Best,buyer_opportunity_gate,"buyer opportunity gate: no buyer-intent signal found (labor, expansion, capex, RFP, deployment, or operations hiring)",COLD,0.0,Unknown,3,news
1318,Philippines Computer Vision,buyer_opportunity_gate,"buyer opportunity gate: no buyer-intent signal found (labor, expansion, capex, RFP, deployment, or operations hiring)",COLD,0.0,Automotive & Manufacturing,1,automation_interest
1322,M&A Sector Spotlight Healthcare,buyer_opportunity_gate,"buyer opportunity gate: no buyer-intent signal found (labor, expansion, capex, RFP, deployment, or operations hiring)",COLD,0.0,Healthcare,1,news
1344,MGM Springfield and,buyer_opportunity_gate,"buyer opportunity gate: no buyer-intent signal found (labor, expansion, capex, RFP, deployment, or operations hiring)",COLD,0.0,Casinos & Gaming,3,strategic_hire
1347,Osaka Bay,buyer_opportunity_gate,"buyer opportunity gate: no buyer-intent signal found (labor, expansion, capex, RFP, deployment, or operations hiring)",COLD,0.0,Casinos & Gaming,1,news
1352,Disney Wants,buyer_opportunity_gate,"buyer opportunity gate: no buyer-intent signal found (labor, expansion, capex, RFP, deployment, or operations hiring)",COLD,0.0,Unknown,3,news
1354,Disney World,buyer_opportunity_gate,"buyer opportunity gate: no buyer-intent signal found (labor, expansion, capex, RFP, deployment, or operations hiring)",COLD,0.0,Food Service,1,news
1357,Next Big Attraction,buyer_opportunity_gate,"buyer opportunity gate: no buyer-intent signal found (labor, expansion, capex, RFP, deployment, or operations hiring)",COLD,0.0,Theme Parks & Entertainment,2,news
1358,Highest-Paying Logistics,buyer_opportunity_gate,"buyer opportunity gate: no buyer-intent signal found (labor, expansion, capex, RFP, deployment, or operations hiring)",COLD,0.0,Logistics,3,news
1360,Private Fleet Into,buyer_opportunity_gate,"buyer opportunity gate: no buyer-intent signal found (labor, expansion, capex, RFP, deployment, or operations hiring)",COLD,0.0,Unknown,2,expansion
1361,Top Companies that,buyer_opportunity_gate,"buyer opportunity gate: no buyer-intent signal found (labor, expansion, capex, RFP, deployment, or operations hiring)",COLD,0.0,Unknown,1,news
1362,First Hospitality - Hospitality Net,buyer_opportunity_gate,"buyer opportunity gate: no buyer-intent signal found (labor, expansion, capex, RFP, deployment, or operations hiring)",COLD,0.0,Healthcare,1,strategic_hire
1363,Westgate Resorts - Hospitality Net,buyer_opportunity_gate,"buyer opportunity gate: no buyer-intent signal found (labor, expansion, capex, RFP, deployment, or operations hiring)",COLD,0.0,Hospitality,1,strategic_hire
1364,Jobs Who,buyer_opportunity_gate,"buyer opportunity gate: no buyer-intent signal found (labor, expansion, capex, RFP, deployment, or operations hiring)",COLD,0.0,Unknown,3,automation_interest
1371,Ingalls Shipbuilding - WorkBoat,buyer_opportunity_gate,"buyer opportunity gate: no buyer-intent signal found (labor, expansion, capex, RFP, deployment, or operations hiring)",COLD,0.0,Unknown,1,news
1373,Maggie Cui,buyer_opportunity_gate,"buyer opportunity gate: no buyer-intent signal found (labor, expansion, capex, RFP, deployment, or operations hiring)",COLD,0.0,Unknown,2,news
1374,FTI Consulting,buyer_opportunity_gate,"buyer opportunity gate: no buyer-intent signal found (labor, expansion, capex, RFP, deployment, or operations hiring)",COLD,0.0,Unknown,1,news
1378,Culinary C-Suite,buyer_opportunity_gate,"buyer opportunity gate: no buyer-intent signal found (labor, expansion, capex, RFP, deployment, or operations hiring)",COLD,0.0,Unknown,2,news
1382,Taco John,buyer_opportunity_gate,"buyer opportunity gate: no buyer-intent signal found (labor, expansion, capex, RFP, deployment, or operations hiring)",COLD,0.0,Food Service,1,news
1384,Transport M&A Slowed Against,buyer_opportunity_gate,"buyer opportunity gate: no buyer-intent signal found (labor, expansion, capex, RFP, deployment, or operations hiring)",COLD,0.0,Unknown,3,news
1386,Logistics US Deals,buyer_opportunity_gate,"buyer opportunity gate: no buyer-intent signal found (labor, expansion, capex, RFP, deployment, or operations hiring)",COLD,0.0,Logistics,3,news
1389,Logistics M&A Begins,buyer_opportunity_gate,"buyer opportunity gate: no buyer-intent signal found (labor, expansion, capex, RFP, deployment, or operations hiring)",COLD,0.0,Logistics,2,automation_interest
1390,Bed Bath,buyer_opportunity_gate,"buyer opportunity gate: no buyer-intent signal found (labor, expansion, capex, RFP, deployment, or operations hiring)",COLD,0.0,Retail,2,ma_activity
1391,Keurig Dr Pepper,buyer_opportunity_gate,"buyer opportunity gate: no buyer-intent signal found (labor, expansion, capex, RFP, deployment, or operations hiring)",COLD,0.0,Logistics,2,news
1393,Hospitality SaaS,buyer_opportunity_gate,"buyer opportunity gate: no buyer-intent signal found (labor, expansion, capex, RFP, deployment, or operations hiring)",COLD,0.0,Healthcare,2,funding_round
1396,Raleigh PE,buyer_opportunity_gate,"buyer opportunity gate: no buyer-intent signal found (labor, expansion, capex, RFP, deployment, or operations hiring)",COLD,0.0,Food Service,2,news
1397,Restaurants Facing Potential Bankruptcy,buyer_opportunity_gate,"buyer opportunity gate: no buyer-intent signal found (labor, expansion, capex, RFP, deployment, or operations hiring)",COLD,0.0,Food Service,2,news
1401,Investor Trio,buyer_opportunity_gate,"buyer opportunity gate: no buyer-intent signal found (labor, expansion, capex, RFP, deployment, or operations hiring)",COLD,0.0,Food Service,1,ma_activity
1406,NEA Leads,buyer_opportunity_gate,"buyer opportunity gate: no buyer-intent signal found (labor, expansion, capex, RFP, deployment, or operations hiring)",COLD,0.0,Unknown,1,news
1409,Exclusive Twin Health,buyer_opportunity_gate,"buyer opportunity gate: seller/vendor or publisher story, not a buyer opportunity",COLD,0.0,Unknown,1,funding_round
1410,Sprinter Health,buyer_opportunity_gate,"buyer opportunity gate: no buyer-intent signal found (labor, expansion, capex, RFP, deployment, or operations hiring)",COLD,0.0,Healthcare,2,funding_round
1417,McLaren Technologies,buyer_opportunity_gate,"buyer opportunity gate: no buyer-intent signal found (labor, expansion, capex, RFP, deployment, or operations hiring)",COLD,0.0,Hospitality,2,automation_interest
1419,Le Meridien Etoile Paris Improving,buyer_opportunity_gate,"buyer opportunity gate: no buyer-intent signal found (labor, expansion, capex, RFP, deployment, or operations hiring)",COLD,0.0,Hospitality,3,automation_interest
1421,Hong Kong,buyer_opportunity_gate,"buyer opportunity gate: no buyer-intent signal found (labor, expansion, capex, RFP, deployment, or operations hiring)",COLD,0.0,Retail,6,"automation_interest,news"
1439,Turning Cleaning,buyer_opportunity_gate,"buyer opportunity gate: no buyer-intent signal found (labor, expansion, capex, RFP, deployment, or operations hiring)",COLD,0.0,Unknown,2,automation_interest
1441,Medical Device Manufacturing Equipment Production,buyer_opportunity_gate,"buyer opportunity gate: no buyer-intent signal found (labor, expansion, capex, RFP, deployment, or operations hiring)",COLD,0.0,Automotive & Manufacturing,1,news
1443,Smart Business Evolution,buyer_opportunity_gate,"buyer opportunity gate: no buyer-intent signal found (labor, expansion, capex, RFP, deployment, or operations hiring)",COLD,0.0,Automotive & Manufacturing,2,news
1444,Ways AI,buyer_opportunity_gate,"buyer opportunity gate: no buyer-intent signal found (labor, expansion, capex, RFP, deployment, or operations hiring)",COLD,0.0,Automotive & Manufacturing,5,"automation_interest,strategic_hire"
1453,Turning AI,buyer_opportunity_gate,"buyer opportunity gate: no buyer-intent signal found (labor, expansion, capex, RFP, deployment, or operations hiring)",COLD,0.0,Unknown,2,news
1463,UPS Purchases,buyer_opportunity_gate,"buyer opportunity gate: no buyer-intent signal found (labor, expansion, capex, RFP, deployment, or operations hiring)",COLD,0.0,Unknown,2,automation_interest
1464,Hyundai Union Rejects,buyer_opportunity_gate,"buyer opportunity gate: no buyer-intent signal found (labor, expansion, capex, RFP, deployment, or operations hiring)",COLD,0.0,Unknown,2,automation_interest
1466,UPS Buys Hundreds,buyer_opportunity_gate,"buyer opportunity gate: no buyer-intent signal found (labor, expansion, capex, RFP, deployment, or operations hiring)",COLD,0.0,Unknown,5,expansion
1467,Morgan Stanley,buyer_opportunity_gate,"buyer opportunity gate: no buyer-intent signal found (labor, expansion, capex, RFP, deployment, or operations hiring)",COLD,0.0,Unknown,2,automation_interest
1469,Leading Technology Firms -,buyer_opportunity_gate,"buyer opportunity gate: no buyer-intent signal found (labor, expansion, capex, RFP, deployment, or operations hiring)",COLD,0.0,Hospitality,1,news
1470,Goldman Sachs,buyer_opportunity_gate,"buyer opportunity gate: no buyer-intent signal found (labor, expansion, capex, RFP, deployment, or operations hiring)",COLD,0.0,Unknown,4,automation_interest
1475,Ted Danson,buyer_opportunity_gate,"buyer opportunity gate: no buyer-intent signal found (labor, expansion, capex, RFP, deployment, or operations hiring)",COLD,0.0,Unknown,1,news
1479,Government Save Money We,buyer_opportunity_gate,"buyer opportunity gate: no buyer-intent signal found (labor, expansion, capex, RFP, deployment, or operations hiring)",COLD,0.0,Unknown,2,news
1488,Q&A Advancing,buyer_opportunity_gate,"buyer opportunity gate: no buyer-intent signal found (labor, expansion, capex, RFP, deployment, or operations hiring)",COLD,0.0,Healthcare,2,automation_interest
1494,BMW Using Humanoid Robots,buyer_opportunity_gate,"buyer opportunity gate: no buyer-intent signal found (labor, expansion, capex, RFP, deployment, or operations hiring)",COLD,0.0,Automotive & Manufacturing,3,automation_interest
1499,Tesla moves,buyer_opportunity_gate,"buyer opportunity gate: no buyer-intent signal found (labor, expansion, capex, RFP, deployment, or operations hiring)",COLD,0.0,Automotive & Manufacturing,1,strategic_hire
1501,Team Trials Robot Haz-Mut -,buyer_opportunity_gate,"buyer opportunity gate: no buyer-intent signal found (labor, expansion, capex, RFP, deployment, or operations hiring)",COLD,0.0,Unknown,1,automation_interest
1502,Innovative Two-Step Treatment,buyer_opportunity_gate,"buyer opportunity gate: no buyer-intent signal found (labor, expansion, capex, RFP, deployment, or operations hiring)",COLD,0.0,Healthcare,3,"expansion,news"
1507,Lagerautomatisierung Wie Zweirad-Gigant PT Mitra,buyer_opportunity_gate,"buyer opportunity gate: no buyer-intent signal found (labor, expansion, capex, RFP, deployment, or operations hiring)",COLD,0.0,Unknown,1,news
1509,Blue Jay,buyer_opportunity_gate,"buyer opportunity gate: no buyer-intent signal found (labor, expansion, capex, RFP, deployment, or operations hiring)",COLD,0.0,Unknown,3,expansion
1512,UBTECH Humanoid Robot Walker S2,buyer_opportunity_gate,"buyer opportunity gate: seller/vendor or publisher story, not a buyer opportunity",COLD,0.0,Media & Publishing,2,automation_interest
1516,Unitree,buyer_opportunity_gate,"buyer opportunity gate: no buyer-intent signal found (labor, expansion, capex, RFP, deployment, or operations hiring)",COLD,0.0,Automotive & Manufacturing,9,strategic_hire
1517,Sixth-Gen Robotaxis Outperform Uber Drivers,buyer_opportunity_gate,"buyer opportunity gate: no buyer-intent signal found (labor, expansion, capex, RFP, deployment, or operations hiring)",COLD,0.0,Automotive & Manufacturing,2,strategic_hire
1519,Ukraine Runs Large-Scale Ground Drone,buyer_opportunity_gate,"buyer opportunity gate: no buyer-intent signal found (labor, expansion, capex, RFP, deployment, or operations hiring)",COLD,0.0,Media & Publishing,2,news
1523,StarHub ST Kinetics,buyer_opportunity_gate,"buyer opportunity gate: no buyer-intent signal found (labor, expansion, capex, RFP, deployment, or operations hiring)",COLD,0.0,Hospitality,1,expansion
1526,Ergonomics Accuracy,buyer_opportunity_gate,"buyer opportunity gate: no buyer-intent signal found (labor, expansion, capex, RFP, deployment, or operations hiring)",COLD,0.0,Automotive & Manufacturing,3,automation_interest
1528,Teradyne Robotics Universal,buyer_opportunity_gate,"buyer opportunity gate: no buyer-intent signal found (labor, expansion, capex, RFP, deployment, or operations hiring)",COLD,0.0,Automotive & Manufacturing,3,expansion
1529,Metro Detroit,buyer_opportunity_gate,"buyer opportunity gate: no buyer-intent signal found (labor, expansion, capex, RFP, deployment, or operations hiring)",COLD,0.0,Automotive & Manufacturing,3,funding_round
1533,Ten Chili,buyer_opportunity_gate,"buyer opportunity gate: no buyer-intent signal found (labor, expansion, capex, RFP, deployment, or operations hiring)",COLD,0.0,Food Service,2,automation_interest
1536,South Jersey,buyer_opportunity_gate,"buyer opportunity gate: no buyer-intent signal found (labor, expansion, capex, RFP, deployment, or operations hiring)",COLD,0.0,Media & Publishing,3,expansion
1539,Barstow Community Hospital,buyer_opportunity_gate,"buyer opportunity gate: no buyer-intent signal found (labor, expansion, capex, RFP, deployment, or operations hiring)",COLD,0.0,Healthcare,2,automation_interest
1542,See Moxi,buyer_opportunity_gate,"buyer opportunity gate: no buyer-intent signal found (labor, expansion, capex, RFP, deployment, or operations hiring)",COLD,0.0,Healthcare,1,automation_interest
1547,Silver Spring,buyer_opportunity_gate,"buyer opportunity gate: no buyer-intent signal found (labor, expansion, capex, RFP, deployment, or operations hiring)",COLD,0.0,Automotive & Manufacturing,5,"automation_interest,expansion"
1548,US Dublin,buyer_opportunity_gate,"buyer opportunity gate: no buyer-intent signal found (labor, expansion, capex, RFP, deployment, or operations hiring)",COLD,0.0,Unknown,3,automation_interest
1549,Stock Under Pressure Can,buyer_opportunity_gate,"buyer opportunity gate: no buyer-intent signal found (labor, expansion, capex, RFP, deployment, or operations hiring)",COLD,0.0,Unknown,1,automation_interest
1555,Walmart -,buyer_opportunity_gate,"buyer opportunity gate: no buyer-intent signal found (labor, expansion, capex, RFP, deployment, or operations hiring)",COLD,0.0,Unknown,1,automation_interest
1559,Just Got Smarter,buyer_opportunity_gate,"buyer opportunity gate: no buyer-intent signal found (labor, expansion, capex, RFP, deployment, or operations hiring)",COLD,0.0,Unknown,2,automation_interest
1561,Tennant Company,buyer_opportunity_gate,"buyer opportunity gate: seller/vendor or publisher story, not a buyer opportunity",COLD,0.0,Media & Publishing,4,"expansion,news"
1565,Locus Array,buyer_opportunity_gate,"buyer opportunity gate: no buyer-intent signal found (labor, expansion, capex, RFP, deployment, or operations hiring)",COLD,0.0,Logistics,3,expansion
1567,DHL warehouses - Supply Chain Dive,buyer_opportunity_gate,"buyer opportunity gate: no buyer-intent signal found (labor, expansion, capex, RFP, deployment, or operations hiring)",COLD,0.0,Logistics,2,expansion
1571,Logistics AI Use Cases,buyer_opportunity_gate,"buyer opportunity gate: no buyer-intent signal found (labor, expansion, capex, RFP, deployment, or operations hiring)",COLD,0.0,Logistics,4,"expansion,news"
1573,Deepak Sharma,buyer_opportunity_gate,"buyer opportunity gate: no buyer-intent signal found (labor, expansion, capex, RFP, deployment, or operations hiring)",COLD,0.0,Logistics,1,automation_interest
1584,Reshape Plastics Manufacturing,buyer_opportunity_gate,"buyer opportunity gate: no buyer-intent signal found (labor, expansion, capex, RFP, deployment, or operations hiring)",COLD,0.0,Automotive & Manufacturing,2,automation_interest
1587,Satellite Racks Reduce Access Times,buyer_opportunity_gate,"buyer opportunity gate: no buyer-intent signal found (labor, expansion, capex, RFP, deployment, or operations hiring)",COLD,0.0,Unknown,2,news
1598,Building Processes,buyer_opportunity_gate,"buyer opportunity gate: no buyer-intent signal found (labor, expansion, capex, RFP, deployment, or operations hiring)",COLD,0.0,Unknown,2,automation_interest
1602,Walker S2,buyer_opportunity_gate,"buyer opportunity gate: no buyer-intent signal found (labor, expansion, capex, RFP, deployment, or operations hiring)",COLD,0.0,Unknown,3,expansion
1610,Our Misplaced Fear,buyer_opportunity_gate,"buyer opportunity gate: no buyer-intent signal found (labor, expansion, capex, RFP, deployment, or operations hiring)",COLD,0.0,Unknown,3,automation_interest
1614,Sample Itinerary,buyer_opportunity_gate,"buyer opportunity gate: no buyer-intent signal found (labor, expansion, capex, RFP, deployment, or operations hiring)",COLD,0.0,Unknown,2,automation_interest
1616,Vegas Golden Knights and Richtech Robotics,buyer_opportunity_gate,"buyer opportunity gate: seller/vendor or publisher story, not a buyer opportunity",COLD,0.0,Unknown,7,"automation_interest,strategic_hire"
1617,Kennedy Space Center -,buyer_opportunity_gate,"buyer opportunity gate: no buyer-intent signal found (labor, expansion, capex, RFP, deployment, or operations hiring)",COLD,0.0,Unknown,1,funding_round
1618,Shangri-La - Interesting Engineering,buyer_opportunity_gate,"buyer opportunity gate: no buyer-intent signal found (labor, expansion, capex, RFP, deployment, or operations hiring)",COLD,0.0,Unknown,1,automation_interest
1621,YY Group and KEENON Robotics,buyer_opportunity_gate,"buyer opportunity gate: no buyer-intent signal found (labor, expansion, capex, RFP, deployment, or operations hiring)",COLD,0.0,Hospitality,3,automation_interest
1625,Flexley Mover,buyer_opportunity_gate,"buyer opportunity gate: no buyer-intent signal found (labor, expansion, capex, RFP, deployment, or operations hiring)",COLD,0.0,Unknown,2,automation_interest
1626,Race Fleet Feet Implements Autonomous,buyer_opportunity_gate,"buyer opportunity gate: no buyer-intent signal found (labor, expansion, capex, RFP, deployment, or operations hiring)",COLD,0.0,Hospitality,2,automation_interest
1628,Stereo Vision Sensors,buyer_opportunity_gate,"buyer opportunity gate: no buyer-intent signal found (labor, expansion, capex, RFP, deployment, or operations hiring)",COLD,0.0,Automotive & Manufacturing,3,news
1631,SMT Perspectives,buyer_opportunity_gate,"buyer opportunity gate: no buyer-intent signal found (labor, expansion, capex, RFP, deployment, or operations hiring)",COLD,0.0,Unknown,1,news
1633,Basler AG,buyer_opportunity_gate,"buyer opportunity gate: no buyer-intent signal found (labor, expansion, capex, RFP, deployment, or operations hiring)",COLD,0.0,Logistics,1,automation_interest
1635,SLAM LiDAR Mapping Systems,buyer_opportunity_gate,"buyer opportunity gate: no buyer-intent signal found (labor, expansion, capex, RFP, deployment, or operations hiring)",COLD,0.0,Unknown,2,news
1638,Technologies Markets,buyer_opportunity_gate,"buyer opportunity gate: no buyer-intent signal found (labor, expansion, capex, RFP, deployment, or operations hiring)",COLD,0.0,Unknown,2,automation_interest
1641,Service RaaS,buyer_opportunity_gate,"buyer opportunity gate: no buyer-intent signal found (labor, expansion, capex, RFP, deployment, or operations hiring)",COLD,0.0,Unknown,4,"automation_interest,expansion"
1644,Sea - National Defense University,buyer_opportunity_gate,"buyer opportunity gate: no buyer-intent signal found (labor, expansion, capex, RFP, deployment, or operations hiring)",COLD,0.0,Unknown,1,news
1654,London School,buyer_opportunity_gate,"buyer opportunity gate: no buyer-intent signal found (labor, expansion, capex, RFP, deployment, or operations hiring)",COLD,0.0,Automotive & Manufacturing,2,automation_interest
1656,Global Lessons,buyer_opportunity_gate,"buyer opportunity gate: no buyer-intent signal found (labor, expansion, capex, RFP, deployment, or operations hiring)",COLD,0.0,Media & Publishing,3,strategic_hire
1657,CNH Industrial,buyer_opportunity_gate,"buyer opportunity gate: no buyer-intent signal found (labor, expansion, capex, RFP, deployment, or operations hiring)",COLD,0.0,Unknown,1,automation_interest
1658,Make UK,buyer_opportunity_gate,"buyer opportunity gate: no buyer-intent signal found (labor, expansion, capex, RFP, deployment, or operations hiring)",COLD,0.0,Automotive & Manufacturing,1,strategic_hire
1660,Persona AI,buyer_opportunity_gate,"buyer opportunity gate: no buyer-intent signal found (labor, expansion, capex, RFP, deployment, or operations hiring)",COLD,0.0,Unknown,1,news
1667,Rox AI,buyer_opportunity_gate,"buyer opportunity gate: seller/vendor or publisher story, not a buyer opportunity",COLD,0.0,Unknown,1,expansion
1679,Laboratory Consumables,buyer_opportunity_gate,"buyer opportunity gate: no buyer-intent signal found (labor, expansion, capex, RFP, deployment, or operations hiring)",COLD,0.0,Automotive & Manufacturing,1,news
1680,Bilirubin Testing,buyer_opportunity_gate,"buyer opportunity gate: no buyer-intent signal found (labor, expansion, capex, RFP, deployment, or operations hiring)",COLD,0.0,Healthcare,1,expansion
1683,QIAGEN Sets,buyer_opportunity_gate,"buyer opportunity gate: seller/vendor or publisher story, not a buyer opportunity",COLD,0.0,Media & Publishing,2,news
1685,Preventive Diagnostics,buyer_opportunity_gate,"buyer opportunity gate: no buyer-intent signal found (labor, expansion, capex, RFP, deployment, or operations hiring)",COLD,0.0,Healthcare,2,news
1697,Potential Solutions,buyer_opportunity_gate,"buyer opportunity gate: no buyer-intent signal found (labor, expansion, capex, RFP, deployment, or operations hiring)",COLD,0.0,Medical Technology,2,strategic_hire
1701,Capillary Tubes,buyer_opportunity_gate,"buyer opportunity gate: no buyer-intent signal found (labor, expansion, capex, RFP, deployment, or operations hiring)",COLD,0.0,Medical Technology,1,automation_interest
1702,Clinical Lab,buyer_opportunity_gate,"buyer opportunity gate: no buyer-intent signal found (labor, expansion, capex, RFP, deployment, or operations hiring)",COLD,0.0,Medical Technology,2,news
1704,Inside Agilent,buyer_opportunity_gate,"buyer opportunity gate: no buyer-intent signal found (labor, expansion, capex, RFP, deployment, or operations hiring)",COLD,0.0,Unknown,1,automation_interest
1712,News ABB,buyer_opportunity_gate,"buyer opportunity gate: no buyer-intent signal found (labor, expansion, capex, RFP, deployment, or operations hiring)",COLD,0.0,Medical Technology,1,automation_interest
1714,Gator Bio,buyer_opportunity_gate,"buyer opportunity gate: seller/vendor or publisher story, not a buyer opportunity",COLD,0.0,Unknown,1,strategic_hire
1717,Scale - NVIDIA Blog,buyer_opportunity_gate,"buyer opportunity gate: no buyer-intent signal found (labor, expansion, capex, RFP, deployment, or operations hiring)",COLD,0.0,Unknown,1,automation_interest
1720,Beijing Anzhen,buyer_opportunity_gate,"buyer opportunity gate: no buyer-intent signal found (labor, expansion, capex, RFP, deployment, or operations hiring)",COLD,0.0,Healthcare,3,"automation_interest,strategic_hire"
1725,Becton Dickinson,buyer_opportunity_gate,"buyer opportunity gate: no buyer-intent signal found (labor, expansion, capex, RFP, deployment, or operations hiring)",COLD,0.0,Unknown,1,news
1728,US Health Care,buyer_opportunity_gate,"buyer opportunity gate: no buyer-intent signal found (labor, expansion, capex, RFP, deployment, or operations hiring)",COLD,0.0,Unknown,2,news
1731,Investor Day,buyer_opportunity_gate,"buyer opportunity gate: no buyer-intent signal found (labor, expansion, capex, RFP, deployment, or operations hiring)",COLD,0.0,Unknown,1,news
1732,HIPAA Compliance,buyer_opportunity_gate,"buyer opportunity gate: no buyer-intent signal found (labor, expansion, capex, RFP, deployment, or operations hiring)",COLD,0.0,Unknown,1,news
1734,World High Volume Dispensing Systems,buyer_opportunity_gate,"buyer opportunity gate: no buyer-intent signal found (labor, expansion, capex, RFP, deployment, or operations hiring)",COLD,0.0,Unknown,2,news
1735,Pharmacist Trust,buyer_opportunity_gate,"buyer opportunity gate: no buyer-intent signal found (labor, expansion, capex, RFP, deployment, or operations hiring)",COLD,0.0,Unknown,2,news
1736,Essential Guide,buyer_opportunity_gate,"buyer opportunity gate: no buyer-intent signal found (labor, expansion, capex, RFP, deployment, or operations hiring)",COLD,0.0,Retail,2,expansion
1744,Confronts Skills Shortage,buyer_opportunity_gate,"buyer opportunity gate: no buyer-intent signal found (labor, expansion, capex, RFP, deployment, or operations hiring)",COLD,0.0,Unknown,3,automation_interest
1745,Top Hospital Pharmacy Technology,buyer_opportunity_gate,"buyer opportunity gate: no buyer-intent signal found (labor, expansion, capex, RFP, deployment, or operations hiring)",COLD,0.0,Medical Technology,3,news
1747,CNC Machining,buyer_opportunity_gate,"buyer opportunity gate: no buyer-intent signal found (labor, expansion, capex, RFP, deployment, or operations hiring)",COLD,0.0,Automotive & Manufacturing,1,expansion
1748,Our Favorite Pill Boxes,buyer_opportunity_gate,"buyer opportunity gate: no buyer-intent signal found (labor, expansion, capex, RFP, deployment, or operations hiring)",COLD,0.0,Media & Publishing,1,news
1749,Compounding Chemotherapy,buyer_opportunity_gate,"buyer opportunity gate: no buyer-intent signal found (labor, expansion, capex, RFP, deployment, or operations hiring)",COLD,0.0,Unknown,2,"expansion,news"
1750,IV Compounding Isolators,buyer_opportunity_gate,"buyer opportunity gate: no buyer-intent signal found (labor, expansion, capex, RFP, deployment, or operations hiring)",COLD,0.0,Medical Technology,2,news
1751,Cost-Effective Nature,buyer_opportunity_gate,"buyer opportunity gate: no buyer-intent signal found (labor, expansion, capex, RFP, deployment, or operations hiring)",COLD,0.0,Medical Technology,1,automation_interest
1753,Omnicell RFID Medication Management,buyer_opportunity_gate,"buyer opportunity gate: no buyer-intent signal found (labor, expansion, capex, RFP, deployment, or operations hiring)",COLD,0.0,Medical Technology,1,news
1754,Compounding Pharmacies,buyer_opportunity_gate,"buyer opportunity gate: no buyer-intent signal found (labor, expansion, capex, RFP, deployment, or operations hiring)",COLD,0.0,Unknown,2,news
1755,Pediatric Compounding Challenges,buyer_opportunity_gate,"buyer opportunity gate: no buyer-intent signal found (labor, expansion, capex, RFP, deployment, or operations hiring)",COLD,0.0,Automotive & Manufacturing,1,news
1756,Protection Inside Cone Health,buyer_opportunity_gate,"buyer opportunity gate: no buyer-intent signal found (labor, expansion, capex, RFP, deployment, or operations hiring)",COLD,0.0,Medical Technology,1,strategic_hire
1757,Sutter Health,buyer_opportunity_gate,"buyer opportunity gate: no buyer-intent signal found (labor, expansion, capex, RFP, deployment, or operations hiring)",COLD,0.0,Medical Technology,2,automation_interest
1758,Hospital Assisted Surgical Robot Procedures,buyer_opportunity_gate,"buyer opportunity gate: no buyer-intent signal found (labor, expansion, capex, RFP, deployment, or operations hiring)",COLD,0.0,Medical Technology,1,expansion
1759,Remote Interventional Radiology,buyer_opportunity_gate,"buyer opportunity gate: no buyer-intent signal found (labor, expansion, capex, RFP, deployment, or operations hiring)",COLD,0.0,Media & Publishing,1,automation_interest
1760,Rural Iowa,buyer_opportunity_gate,"buyer opportunity gate: no buyer-intent signal found (labor, expansion, capex, RFP, deployment, or operations hiring)",COLD,0.0,Medical Technology,3,strategic_hire
1762,Bay Area,buyer_opportunity_gate,"buyer opportunity gate: no buyer-intent signal found (labor, expansion, capex, RFP, deployment, or operations hiring)",COLD,0.0,Healthcare,2,"news,strategic_hire"
1763,Ken Stevens,buyer_opportunity_gate,"buyer opportunity gate: no buyer-intent signal found (labor, expansion, capex, RFP, deployment, or operations hiring)",COLD,0.0,Healthcare,1,news
1766,UFP Technologies Deepens Intuitive Surgical,buyer_opportunity_gate,"buyer opportunity gate: no buyer-intent signal found (labor, expansion, capex, RFP, deployment, or operations hiring)",COLD,0.0,Medical Technology,2,strategic_hire
1767,Global Surgical Robotic Systems,buyer_opportunity_gate,"buyer opportunity gate: seller/vendor or publisher story, not a buyer opportunity",COLD,0.0,Medical Technology,3,automation_interest
1768,Expanding Minimally Invasive Options,buyer_opportunity_gate,"buyer opportunity gate: no buyer-intent signal found (labor, expansion, capex, RFP, deployment, or operations hiring)",COLD,0.0,Healthcare,1,news
1771,National Taiwan University Hospital,buyer_opportunity_gate,"buyer opportunity gate: no buyer-intent signal found (labor, expansion, capex, RFP, deployment, or operations hiring)",COLD,0.0,Healthcare,4,"automation_interest,news"
1775,Intuitive Surgical Hack Exposes Korean,buyer_opportunity_gate,"buyer opportunity gate: no buyer-intent signal found (labor, expansion, capex, RFP, deployment, or operations hiring)",COLD,0.0,Medical Technology,1,news
1777,FV Hospital Successfully Removes Lung,buyer_opportunity_gate,"buyer opportunity gate: no buyer-intent signal found (labor, expansion, capex, RFP, deployment, or operations hiring)",COLD,0.0,Healthcare,1,automation_interest
1778,NHS Forth Valley Approves,buyer_opportunity_gate,"buyer opportunity gate: no buyer-intent signal found (labor, expansion, capex, RFP, deployment, or operations hiring)",COLD,0.0,Unknown,1,expansion
1779,Surrey Memorial Hospital - Fraser Health,buyer_opportunity_gate,"buyer opportunity gate: no buyer-intent signal found (labor, expansion, capex, RFP, deployment, or operations hiring)",COLD,0.0,Medical Technology,1,news
1781,Surrey Memorial Hospital - Chilliwack Progress,buyer_opportunity_gate,"buyer opportunity gate: no buyer-intent signal found (labor, expansion, capex, RFP, deployment, or operations hiring)",COLD,0.0,Medical Technology,1,strategic_hire
1785,Madurai hospital,buyer_opportunity_gate,"buyer opportunity gate: no buyer-intent signal found (labor, expansion, capex, RFP, deployment, or operations hiring)",COLD,0.0,Automotive & Manufacturing,1,expansion
1788,Simcoe Muskoka,buyer_opportunity_gate,"buyer opportunity gate: no buyer-intent signal found (labor, expansion, capex, RFP, deployment, or operations hiring)",COLD,0.0,Unknown,1,strategic_hire
1789,SOUTH TEXAS HEALTH SYSTEM HEART,logic_engine,logic engine: structural headline artifact,COLD,0.0,Medical Technology,3,strategic_hire
1793,HSG Laser Hosts,buyer_opportunity_gate,"buyer opportunity gate: seller/vendor or publisher story, not a buyer opportunity",COLD,0.0,Unknown,1,expansion
1797,Top-Performing ETF Stories,buyer_opportunity_gate,"buyer opportunity gate: no buyer-intent signal found (labor, expansion, capex, RFP, deployment, or operations hiring)",COLD,0.0,Hospitality,1,news
1801,King Chulalongkorn Memorial Hospital,buyer_opportunity_gate,"buyer opportunity gate: no buyer-intent signal found (labor, expansion, capex, RFP, deployment, or operations hiring)",COLD,0.0,Healthcare,2,strategic_hire
1802,Tampa Bay,buyer_opportunity_gate,"buyer opportunity gate: no buyer-intent signal found (labor, expansion, capex, RFP, deployment, or operations hiring)",COLD,0.0,Healthcare,1,expansion
1804,Telehealth AI,buyer_opportunity_gate,"buyer opportunity gate: no buyer-intent signal found (labor, expansion, capex, RFP, deployment, or operations hiring)",COLD,0.0,Medical Technology,2,expansion
1807,Healthcare Informatics Companies Leading,buyer_opportunity_gate,"buyer opportunity gate: no buyer-intent signal found (labor, expansion, capex, RFP, deployment, or operations hiring)",COLD,0.0,Healthcare,1,expansion
1808,Distributed Care,buyer_opportunity_gate,"buyer opportunity gate: no buyer-intent signal found (labor, expansion, capex, RFP, deployment, or operations hiring)",COLD,0.0,Healthcare,1,news
1812,Kawasaki Foxconn,buyer_opportunity_gate,"buyer opportunity gate: no buyer-intent signal found (labor, expansion, capex, RFP, deployment, or operations hiring)",COLD,0.0,Unknown,3,news
1813,Nurabot AI Robot Eases Nurse,buyer_opportunity_gate,"buyer opportunity gate: no buyer-intent signal found (labor, expansion, capex, RFP, deployment, or operations hiring)",COLD,0.0,Healthcare,2,expansion
1816,Healthcare AI Use Cases,buyer_opportunity_gate,"buyer opportunity gate: no buyer-intent signal found (labor, expansion, capex, RFP, deployment, or operations hiring)",COLD,0.0,Healthcare,3,news
1818,Real-Time Hospital Bed Capacity Data,buyer_opportunity_gate,"buyer opportunity gate: no buyer-intent signal found (labor, expansion, capex, RFP, deployment, or operations hiring)",COLD,0.0,Healthcare,1,expansion
1821,Medical Imaging,buyer_opportunity_gate,"buyer opportunity gate: seller/vendor or publisher story, not a buyer opportunity",COLD,0.0,Unknown,2,news
1823,Tech Devices Can Make,buyer_opportunity_gate,"buyer opportunity gate: no buyer-intent signal found (labor, expansion, capex, RFP, deployment, or operations hiring)",COLD,0.0,Media & Publishing,3,news
1824,Self-Cleaning Filters,buyer_opportunity_gate,"buyer opportunity gate: no buyer-intent signal found (labor, expansion, capex, RFP, deployment, or operations hiring)",COLD,0.0,Automotive & Manufacturing,1,expansion
1828,Litter Box Changed My Cleaning,buyer_opportunity_gate,"buyer opportunity gate: no buyer-intent signal found (labor, expansion, capex, RFP, deployment, or operations hiring)",COLD,0.0,Unknown,3,news
1829,Pool Cleaners,buyer_opportunity_gate,"buyer opportunity gate: no buyer-intent signal found (labor, expansion, capex, RFP, deployment, or operations hiring)",COLD,0.0,Unknown,2,news
1833,UI Health Care,buyer_opportunity_gate,"buyer opportunity gate: no buyer-intent signal found (labor, expansion, capex, RFP, deployment, or operations hiring)",COLD,0.0,Medical Technology,1,automation_interest
1836,Get Ready,buyer_opportunity_gate,"buyer opportunity gate: no buyer-intent signal found (labor, expansion, capex, RFP, deployment, or operations hiring)",COLD,0.0,Media & Publishing,1,news
1838,WellSpan,buyer_opportunity_gate,"buyer opportunity gate: no buyer-intent signal found (labor, expansion, capex, RFP, deployment, or operations hiring)",COLD,0.0,Healthcare,4,expansion
1839,Showcases Advertising,buyer_opportunity_gate,"buyer opportunity gate: no buyer-intent signal found (labor, expansion, capex, RFP, deployment, or operations hiring)",COLD,0.0,Unknown,2,automation_interest
1841,Broward You,buyer_opportunity_gate,"buyer opportunity gate: no buyer-intent signal found (labor, expansion, capex, RFP, deployment, or operations hiring)",COLD,0.0,Logistics,3,automation_interest
1848,Tested Rice Cookers,buyer_opportunity_gate,"buyer opportunity gate: no buyer-intent signal found (labor, expansion, capex, RFP, deployment, or operations hiring)",COLD,0.0,Media & Publishing,1,news
1854,Confectionery Processing Equipment,buyer_opportunity_gate,"buyer opportunity gate: seller/vendor or publisher story, not a buyer opportunity",COLD,0.0,Automotive & Manufacturing,2,"automation_interest,news"
1855,Unmanned Restaurant,buyer_opportunity_gate,"buyer opportunity gate: no buyer-intent signal found (labor, expansion, capex, RFP, deployment, or operations hiring)",COLD,0.0,Food Service,2,strategic_hire
1858,Three-Michelin-Star Chef Corey Lee,buyer_opportunity_gate,"buyer opportunity gate: no buyer-intent signal found (labor, expansion, capex, RFP, deployment, or operations hiring)",COLD,0.0,Automotive & Manufacturing,2,news
1860,Building Bulletproof Restaurant Operations,buyer_opportunity_gate,"buyer opportunity gate: no buyer-intent signal found (labor, expansion, capex, RFP, deployment, or operations hiring)",COLD,0.0,Food Service,2,news
1862,Quickest Crisping,buyer_opportunity_gate,"buyer opportunity gate: no buyer-intent signal found (labor, expansion, capex, RFP, deployment, or operations hiring)",COLD,0.0,Media & Publishing,2,funding_round
1871,If Your Sandwiches Aren,buyer_opportunity_gate,"buyer opportunity gate: no buyer-intent signal found (labor, expansion, capex, RFP, deployment, or operations hiring)",COLD,0.0,Unknown,2,news
1877,Brief El Porton Mexican Restaurant,buyer_opportunity_gate,"buyer opportunity gate: no buyer-intent signal found (labor, expansion, capex, RFP, deployment, or operations hiring)",COLD,0.0,Healthcare,1,automation_interest
1879,Struggling Oregon,buyer_opportunity_gate,"buyer opportunity gate: no buyer-intent signal found (labor, expansion, capex, RFP, deployment, or operations hiring)",COLD,0.0,Food Service,1,automation_interest
1880,Blake Dowling,buyer_opportunity_gate,"buyer opportunity gate: no buyer-intent signal found (labor, expansion, capex, RFP, deployment, or operations hiring)",COLD,0.0,Food Service,3,automation_interest
1882,Restaurant Owners,buyer_opportunity_gate,"buyer opportunity gate: no buyer-intent signal found (labor, expansion, capex, RFP, deployment, or operations hiring)",COLD,0.0,Food Service,3,news
1883,Serve Robotics Up,buyer_opportunity_gate,"buyer opportunity gate: no buyer-intent signal found (labor, expansion, capex, RFP, deployment, or operations hiring)",COLD,0.0,Unknown,1,strategic_hire
1884,US factories -,buyer_opportunity_gate,"buyer opportunity gate: no buyer-intent signal found (labor, expansion, capex, RFP, deployment, or operations hiring)",COLD,0.0,Media & Publishing,2,"automation_interest,expansion"
1887,Smart Factory,buyer_opportunity_gate,"buyer opportunity gate: no buyer-intent signal found (labor, expansion, capex, RFP, deployment, or operations hiring)",COLD,0.0,Automotive & Manufacturing,2,news
1889,Volumetric Feeders,buyer_opportunity_gate,"buyer opportunity gate: no buyer-intent signal found (labor, expansion, capex, RFP, deployment, or operations hiring)",COLD,0.0,Unknown,2,news
1891,Beverage Processing Equipment,buyer_opportunity_gate,"buyer opportunity gate: seller/vendor or publisher story, not a buyer opportunity",COLD,0.0,Automotive & Manufacturing,3,"expansion,news"
1900,Top Feed,buyer_opportunity_gate,"buyer opportunity gate: no buyer-intent signal found (labor, expansion, capex, RFP, deployment, or operations hiring)",COLD,0.0,Hospitality,1,news
1902,Midstream Oil,buyer_opportunity_gate,"buyer opportunity gate: no buyer-intent signal found (labor, expansion, capex, RFP, deployment, or operations hiring)",COLD,0.0,Unknown,1,news
1903,Rebellyous Foods,buyer_opportunity_gate,"buyer opportunity gate: no buyer-intent signal found (labor, expansion, capex, RFP, deployment, or operations hiring)",COLD,0.0,Unknown,2,news
1904,Herpak-Ulma,buyer_opportunity_gate,"buyer opportunity gate: no buyer-intent signal found (labor, expansion, capex, RFP, deployment, or operations hiring)",COLD,0.0,Unknown,2,news
1905,Rebellyous Foods Lowers Plant-Based Meat,buyer_opportunity_gate,"buyer opportunity gate: no buyer-intent signal found (labor, expansion, capex, RFP, deployment, or operations hiring)",COLD,0.0,Unknown,1,news
1907,Key Cobot,buyer_opportunity_gate,"buyer opportunity gate: no buyer-intent signal found (labor, expansion, capex, RFP, deployment, or operations hiring)",COLD,0.0,Automotive & Manufacturing,3,automation_interest
1909,Sweet Robo,buyer_opportunity_gate,"buyer opportunity gate: no buyer-intent signal found (labor, expansion, capex, RFP, deployment, or operations hiring)",COLD,0.0,Retail,4,"expansion,news"
1910,Statistics By,buyer_opportunity_gate,"buyer opportunity gate: no buyer-intent signal found (labor, expansion, capex, RFP, deployment, or operations hiring)",COLD,0.0,Unknown,2,automation_interest
1913,Sealing Jaws,buyer_opportunity_gate,"buyer opportunity gate: no buyer-intent signal found (labor, expansion, capex, RFP, deployment, or operations hiring)",COLD,0.0,Unknown,2,news
1914,Study Labels,buyer_opportunity_gate,"buyer opportunity gate: no buyer-intent signal found (labor, expansion, capex, RFP, deployment, or operations hiring)",COLD,0.0,Unknown,2,expansion
1915,ProPak Asia,buyer_opportunity_gate,"buyer opportunity gate: no buyer-intent signal found (labor, expansion, capex, RFP, deployment, or operations hiring)",COLD,0.0,Media & Publishing,3,"expansion,news"
1919,World Horizontal Cartoners,buyer_opportunity_gate,"buyer opportunity gate: no buyer-intent signal found (labor, expansion, capex, RFP, deployment, or operations hiring)",COLD,0.0,Unknown,1,news
1922,Packaging Machinery,buyer_opportunity_gate,"buyer opportunity gate: seller/vendor or publisher story, not a buyer opportunity",COLD,0.0,Unknown,2,news
1923,Rotary Actuators,buyer_opportunity_gate,"buyer opportunity gate: no buyer-intent signal found (labor, expansion, capex, RFP, deployment, or operations hiring)",COLD,0.0,Unknown,2,news
1932,Risk Level,buyer_opportunity_gate,"buyer opportunity gate: no buyer-intent signal found (labor, expansion, capex, RFP, deployment, or operations hiring)",COLD,0.0,Unknown,2,expansion
1936,Global Food Inspection Device,buyer_opportunity_gate,"buyer opportunity gate: no buyer-intent signal found (labor, expansion, capex, RFP, deployment, or operations hiring)",COLD,0.0,Unknown,1,news
1938,METTLER TOLEDO Exhibits Inspection Systems,buyer_opportunity_gate,"buyer opportunity gate: no buyer-intent signal found (labor, expansion, capex, RFP, deployment, or operations hiring)",COLD,0.0,Unknown,1,news
1940,Tubular Reactor Inspection Equipment,buyer_opportunity_gate,"buyer opportunity gate: no buyer-intent signal found (labor, expansion, capex, RFP, deployment, or operations hiring)",COLD,0.0,Unknown,2,news
1941,Sorting Equipment,buyer_opportunity_gate,"buyer opportunity gate: no buyer-intent signal found (labor, expansion, capex, RFP, deployment, or operations hiring)",COLD,0.0,Unknown,1,automation_interest
1942,Smart Factory Adoption,buyer_opportunity_gate,"buyer opportunity gate: no buyer-intent signal found (labor, expansion, capex, RFP, deployment, or operations hiring)",COLD,0.0,Automotive & Manufacturing,1,automation_interest
1944,Beginners,buyer_opportunity_gate,"buyer opportunity gate: no buyer-intent signal found (labor, expansion, capex, RFP, deployment, or operations hiring)",COLD,0.0,Hospitality,2,expansion
1947,World Label Applicators,buyer_opportunity_gate,"buyer opportunity gate: no buyer-intent signal found (labor, expansion, capex, RFP, deployment, or operations hiring)",COLD,0.0,Unknown,1,news
1953,Switchgear Inspection,buyer_opportunity_gate,"buyer opportunity gate: no buyer-intent signal found (labor, expansion, capex, RFP, deployment, or operations hiring)",COLD,0.0,Unknown,1,strategic_hire
1959,Saemangeum Hub AI Robotics Hydrogen,buyer_opportunity_gate,"buyer opportunity gate: no buyer-intent signal found (labor, expansion, capex, RFP, deployment, or operations hiring)",COLD,0.0,Unknown,2,strategic_hire
1962,Nokia SR Linux,buyer_opportunity_gate,"buyer opportunity gate: no buyer-intent signal found (labor, expansion, capex, RFP, deployment, or operations hiring)",COLD,0.0,Datacenters,2,strategic_hire
1964,Predictions Evolving Data Centers,buyer_opportunity_gate,"buyer opportunity gate: no buyer-intent signal found (labor, expansion, capex, RFP, deployment, or operations hiring)",COLD,0.0,Datacenters,3,news
1967,Dust Bunnies,buyer_opportunity_gate,"buyer opportunity gate: no buyer-intent signal found (labor, expansion, capex, RFP, deployment, or operations hiring)",COLD,0.0,Datacenters,1,news
1968,Predictions AI Sparks Data Center,buyer_opportunity_gate,"buyer opportunity gate: no buyer-intent signal found (labor, expansion, capex, RFP, deployment, or operations hiring)",COLD,0.0,Datacenters,2,news
1970,Data Centre World Awards,buyer_opportunity_gate,"buyer opportunity gate: no buyer-intent signal found (labor, expansion, capex, RFP, deployment, or operations hiring)",COLD,0.0,Unknown,3,news
1971,Bridging Physical,buyer_opportunity_gate,"buyer opportunity gate: no buyer-intent signal found (labor, expansion, capex, RFP, deployment, or operations hiring)",COLD,0.0,Datacenters,1,expansion
1972,India Data Center,buyer_opportunity_gate,"buyer opportunity gate: seller/vendor or publisher story, not a buyer opportunity",COLD,0.0,Datacenters,5,automation_interest
1973,TIA New Data Center Quality,buyer_opportunity_gate,"buyer opportunity gate: no buyer-intent signal found (labor, expansion, capex, RFP, deployment, or operations hiring)",COLD,0.0,Datacenters,2,news
1979,Data Center Renaissance,buyer_opportunity_gate,"buyer opportunity gate: no buyer-intent signal found (labor, expansion, capex, RFP, deployment, or operations hiring)",COLD,0.0,Datacenters,1,news
1981,Japan Data Center Cooling,buyer_opportunity_gate,"buyer opportunity gate: no buyer-intent signal found (labor, expansion, capex, RFP, deployment, or operations hiring)",COLD,0.0,Datacenters,1,news
1982,Surfs Up,buyer_opportunity_gate,"buyer opportunity gate: no buyer-intent signal found (labor, expansion, capex, RFP, deployment, or operations hiring)",COLD,0.0,Unknown,2,strategic_hire
1984,OCP Summit,buyer_opportunity_gate,"buyer opportunity gate: seller/vendor or publisher story, not a buyer opportunity",COLD,0.0,Unknown,1,news
1988,Siemens & nVent,buyer_opportunity_gate,"buyer opportunity gate: no buyer-intent signal found (labor, expansion, capex, RFP, deployment, or operations hiring)",COLD,0.0,Unknown,1,expansion
1989,LG Electronics,buyer_opportunity_gate,"buyer opportunity gate: seller/vendor or publisher story, not a buyer opportunity",COLD,0.0,Media & Publishing,1,news
1990,Silent Deficit Solving Critical Data,buyer_opportunity_gate,"buyer opportunity gate: no buyer-intent signal found (labor, expansion, capex, RFP, deployment, or operations hiring)",COLD,0.0,Datacenters,2,news
1991,Blue-Collar Work,buyer_opportunity_gate,"buyer opportunity gate: no buyer-intent signal found (labor, expansion, capex, RFP, deployment, or operations hiring)",COLD,0.0,Unknown,1,news
1995,Schneider Electric,buyer_opportunity_gate,"buyer opportunity gate: no buyer-intent signal found (labor, expansion, capex, RFP, deployment, or operations hiring)",COLD,0.0,Datacenters,3,"expansion,news,strategic_hire"
1996,PKOH Q4 Deep Dive Margin,buyer_opportunity_gate,"buyer opportunity gate: no buyer-intent signal found (labor, expansion, capex, RFP, deployment, or operations hiring)",COLD,0.0,Unknown,4,"automation_interest,strategic_hire"
2000,Coolest Cloud Infrastructure Companies Of,buyer_opportunity_gate,"buyer opportunity gate: no buyer-intent signal found (labor, expansion, capex, RFP, deployment, or operations hiring)",COLD,0.0,Healthcare,1,expansion
2002,Perplexity AI Agent Xbox Mode,buyer_opportunity_gate,"buyer opportunity gate: no buyer-intent signal found (labor, expansion, capex, RFP, deployment, or operations hiring)",COLD,0.0,Unknown,1,news
2003,Inside Fraport,buyer_opportunity_gate,"buyer opportunity gate: no buyer-intent signal found (labor, expansion, capex, RFP, deployment, or operations hiring)",COLD,0.0,Automotive & Manufacturing,1,strategic_hire
2004,Flying Smart Chongqing Airport Debuts,buyer_opportunity_gate,"buyer opportunity gate: no buyer-intent signal found (labor, expansion, capex, RFP, deployment, or operations hiring)",COLD,0.0,Airports & Aviation,1,automation_interest
2007,Shanghai airport - MSN,buyer_opportunity_gate,"buyer opportunity gate: no buyer-intent signal found (labor, expansion, capex, RFP, deployment, or operations hiring)",COLD,0.0,Airports & Aviation,3,expansion
2009,Singapore Changi,buyer_opportunity_gate,"buyer opportunity gate: no buyer-intent signal found (labor, expansion, capex, RFP, deployment, or operations hiring)",COLD,0.0,CPG & Consumer Goods,8,news
2010,Malta Airport,buyer_opportunity_gate,"buyer opportunity gate: no buyer-intent signal found (labor, expansion, capex, RFP, deployment, or operations hiring)",COLD,0.0,Airports & Aviation,2,strategic_hire
2015,Leonardo S.p.A..,buyer_opportunity_gate,"buyer opportunity gate: no buyer-intent signal found (labor, expansion, capex, RFP, deployment, or operations hiring)",COLD,0.0,Airports & Aviation,1,automation_interest
2016,Ground Handling,buyer_opportunity_gate,"buyer opportunity gate: no buyer-intent signal found (labor, expansion, capex, RFP, deployment, or operations hiring)",COLD,0.0,Airports & Aviation,2,automation_interest
2017,FTE BIWG,buyer_opportunity_gate,"buyer opportunity gate: no buyer-intent signal found (labor, expansion, capex, RFP, deployment, or operations hiring)",COLD,0.0,Unknown,2,strategic_hire
2019,Cologne Bonn,buyer_opportunity_gate,"buyer opportunity gate: no buyer-intent signal found (labor, expansion, capex, RFP, deployment, or operations hiring)",COLD,0.0,Unknown,1,expansion
2021,Dallas Fort Worth,buyer_opportunity_gate,"buyer opportunity gate: no buyer-intent signal found (labor, expansion, capex, RFP, deployment, or operations hiring)",COLD,0.0,Food Processing & Manufacturing,1,news
2023,Public Comment Period,buyer_opportunity_gate,"buyer opportunity gate: no buyer-intent signal found (labor, expansion, capex, RFP, deployment, or operations hiring)",COLD,0.0,Airports & Aviation,1,news
2028,LA Olympics,buyer_opportunity_gate,"buyer opportunity gate: no buyer-intent signal found (labor, expansion, capex, RFP, deployment, or operations hiring)",COLD,0.0,Unknown,3,news
2030,Prime Minister Modi Inaugurates APSEZ,buyer_opportunity_gate,"buyer opportunity gate: no buyer-intent signal found (labor, expansion, capex, RFP, deployment, or operations hiring)",COLD,0.0,Airports & Aviation,1,news
2031,Long Thanh International Airport - ACI Asia-Pacific,buyer_opportunity_gate,"buyer opportunity gate: no buyer-intent signal found (labor, expansion, capex, RFP, deployment, or operations hiring)",COLD,0.0,Airports & Aviation,1,automation_interest
2032,Noi Bai Airport,buyer_opportunity_gate,"buyer opportunity gate: no buyer-intent signal found (labor, expansion, capex, RFP, deployment, or operations hiring)",COLD,0.0,Airports & Aviation,2,automation_interest
2036,Global Air Traffic Management,buyer_opportunity_gate,"buyer opportunity gate: no buyer-intent signal found (labor, expansion, capex, RFP, deployment, or operations hiring)",COLD,0.0,Airports & Aviation,1,news
2038,Two Canadian Airports Make Top,buyer_opportunity_gate,"buyer opportunity gate: no buyer-intent signal found (labor, expansion, capex, RFP, deployment, or operations hiring)",COLD,0.0,Airports & Aviation,1,expansion
2043,Trusted Data Building Resilient Airline,buyer_opportunity_gate,"buyer opportunity gate: no buyer-intent signal found (labor, expansion, capex, RFP, deployment, or operations hiring)",COLD,0.0,Airports & Aviation,3,automation_interest
2045,One of,buyer_opportunity_gate,"buyer opportunity gate: no buyer-intent signal found (labor, expansion, capex, RFP, deployment, or operations hiring)",COLD,0.0,Airports & Aviation,4,"automation_interest,strategic_hire"
2046,United Airlines,buyer_opportunity_gate,"buyer opportunity gate: no buyer-intent signal found (labor, expansion, capex, RFP, deployment, or operations hiring)",COLD,0.0,Airports & Aviation,1,news
2047,World Cup,buyer_opportunity_gate,"buyer opportunity gate: no buyer-intent signal found (labor, expansion, capex, RFP, deployment, or operations hiring)",COLD,0.0,Airports & Aviation,3,"news,strategic_hire"
2048,Monterrey Airport,buyer_opportunity_gate,"buyer opportunity gate: no buyer-intent signal found (labor, expansion, capex, RFP, deployment, or operations hiring)",COLD,0.0,Airports & Aviation,3,"automation_interest,news"
2051,Face ID,buyer_opportunity_gate,"buyer opportunity gate: no buyer-intent signal found (labor, expansion, capex, RFP, deployment, or operations hiring)",COLD,0.0,Airports & Aviation,1,news
2052,Kutaisi International Airport - Identity Week,buyer_opportunity_gate,"buyer opportunity gate: no buyer-intent signal found (labor, expansion, capex, RFP, deployment, or operations hiring)",COLD,0.0,Airports & Aviation,1,strategic_hire
2053,Munich Airport,buyer_opportunity_gate,"buyer opportunity gate: no buyer-intent signal found (labor, expansion, capex, RFP, deployment, or operations hiring)",COLD,0.0,Airports & Aviation,1,news
2054,Surpass USD,buyer_opportunity_gate,"buyer opportunity gate: no buyer-intent signal found (labor, expansion, capex, RFP, deployment, or operations hiring)",COLD,0.0,Logistics,2,"automation_interest,strategic_hire"
2055,Walmart Supply,buyer_opportunity_gate,"buyer opportunity gate: no buyer-intent signal found (labor, expansion, capex, RFP, deployment, or operations hiring)",COLD,0.0,Logistics,3,news
2056,Simbe Becomes First Retail Robotics,buyer_opportunity_gate,"buyer opportunity gate: seller/vendor or publisher story, not a buyer opportunity",COLD,0.0,Retail,2,automation_interest
2064,Gives First Certification,buyer_opportunity_gate,"buyer opportunity gate: no buyer-intent signal found (labor, expansion, capex, RFP, deployment, or operations hiring)",COLD,0.0,Unknown,1,strategic_hire
2065,UL Solutions Grants Its First,buyer_opportunity_gate,"buyer opportunity gate: seller/vendor or publisher story, not a buyer opportunity",COLD,0.0,Media & Publishing,4,automation_interest
2067,Retail Gets Refreshed,buyer_opportunity_gate,"buyer opportunity gate: no buyer-intent signal found (labor, expansion, capex, RFP, deployment, or operations hiring)",COLD,0.0,Retail,3,news
2071,Germany October's,buyer_opportunity_gate,"buyer opportunity gate: no buyer-intent signal found (labor, expansion, capex, RFP, deployment, or operations hiring)",COLD,0.0,Retail,1,automation_interest
2072,Simbe Tally,buyer_opportunity_gate,"buyer opportunity gate: no buyer-intent signal found (labor, expansion, capex, RFP, deployment, or operations hiring)",COLD,0.0,Food Processing & Manufacturing,2,strategic_hire
2074,Outsourcing Life Nadya Williams,buyer_opportunity_gate,"buyer opportunity gate: no buyer-intent signal found (labor, expansion, capex, RFP, deployment, or operations hiring)",COLD,0.0,Unknown,1,expansion
2077,Seven-Eleven Japan Telexistence,buyer_opportunity_gate,"buyer opportunity gate: no buyer-intent signal found (labor, expansion, capex, RFP, deployment, or operations hiring)",COLD,0.0,Automotive & Manufacturing,2,expansion
2078,Simbe Coresight Research,buyer_opportunity_gate,"buyer opportunity gate: no buyer-intent signal found (labor, expansion, capex, RFP, deployment, or operations hiring)",COLD,0.0,Retail,1,automation_interest
2079,Checkout Free Stores,buyer_opportunity_gate,"buyer opportunity gate: no buyer-intent signal found (labor, expansion, capex, RFP, deployment, or operations hiring)",COLD,0.0,Retail,4,"expansion,news"
2080,Use Cases,buyer_opportunity_gate,"buyer opportunity gate: no buyer-intent signal found (labor, expansion, capex, RFP, deployment, or operations hiring)",COLD,0.0,Automotive & Manufacturing,12,"automation_interest,news"
2081,Consumer Behavior,buyer_opportunity_gate,"buyer opportunity gate: no buyer-intent signal found (labor, expansion, capex, RFP, deployment, or operations hiring)",COLD,0.0,Retail,2,news
2085,TopDawg Ranked,buyer_opportunity_gate,"buyer opportunity gate: seller/vendor or publisher story, not a buyer opportunity",COLD,0.0,Logistics,3,expansion
2086,Order Management Systems,buyer_opportunity_gate,"buyer opportunity gate: no buyer-intent signal found (labor, expansion, capex, RFP, deployment, or operations hiring)",COLD,0.0,Unknown,1,news
2100,Beatbot,buyer_opportunity_gate,"buyer opportunity gate: no buyer-intent signal found (labor, expansion, capex, RFP, deployment, or operations hiring)",COLD,0.0,Automotive & Manufacturing,2,automation_interest
2102,Dreame Robot Vacuum Buyer,buyer_opportunity_gate,"buyer opportunity gate: no buyer-intent signal found (labor, expansion, capex, RFP, deployment, or operations hiring)",COLD,0.0,Unknown,2,expansion
2105,Vision AI,buyer_opportunity_gate,"buyer opportunity gate: no buyer-intent signal found (labor, expansion, capex, RFP, deployment, or operations hiring)",COLD,0.0,Automotive & Manufacturing,1,automation_interest
2107,Data Collection,buyer_opportunity_gate,"buyer opportunity gate: no buyer-intent signal found (labor, expansion, capex, RFP, deployment, or operations hiring)",COLD,0.0,Retail,1,automation_interest
2109,Latin America Retail,buyer_opportunity_gate,"buyer opportunity gate: no buyer-intent signal found (labor, expansion, capex, RFP, deployment, or operations hiring)",COLD,0.0,Retail,1,news
2110,Retail Sportsbook Software Development Key,buyer_opportunity_gate,"buyer opportunity gate: no buyer-intent signal found (labor, expansion, capex, RFP, deployment, or operations hiring)",COLD,0.0,Retail,1,news
2111,Forecast Grocers,buyer_opportunity_gate,"buyer opportunity gate: no buyer-intent signal found (labor, expansion, capex, RFP, deployment, or operations hiring)",COLD,0.0,Retail,3,news
2112,Top Challenges Facing Clothing Manufacturers,buyer_opportunity_gate,"buyer opportunity gate: no buyer-intent signal found (labor, expansion, capex, RFP, deployment, or operations hiring)",COLD,0.0,Apparel & Textiles,1,news
2113,CreateMe UNTUCKit,buyer_opportunity_gate,"buyer opportunity gate: no buyer-intent signal found (labor, expansion, capex, RFP, deployment, or operations hiring)",COLD,0.0,Apparel & Textiles,2,news
2115,Fashion Use Cases,buyer_opportunity_gate,"buyer opportunity gate: no buyer-intent signal found (labor, expansion, capex, RFP, deployment, or operations hiring)",COLD,0.0,Apparel & Textiles,4,news
2117,News Investigating,buyer_opportunity_gate,"buyer opportunity gate: no buyer-intent signal found (labor, expansion, capex, RFP, deployment, or operations hiring)",COLD,0.0,Apparel & Textiles,3,strategic_hire
2118,Sew Your T-Shirt,buyer_opportunity_gate,"buyer opportunity gate: no buyer-intent signal found (labor, expansion, capex, RFP, deployment, or operations hiring)",COLD,0.0,Unknown,2,strategic_hire
2120,World Fiber Blending Machines,buyer_opportunity_gate,"buyer opportunity gate: no buyer-intent signal found (labor, expansion, capex, RFP, deployment, or operations hiring)",COLD,0.0,Unknown,2,news
2121,Bulk Yarn Carriers,buyer_opportunity_gate,"buyer opportunity gate: no buyer-intent signal found (labor, expansion, capex, RFP, deployment, or operations hiring)",COLD,0.0,Apparel & Textiles,3,news
2122,Textile Manufacturing,buyer_opportunity_gate,"buyer opportunity gate: no buyer-intent signal found (labor, expansion, capex, RFP, deployment, or operations hiring)",COLD,0.0,Automotive & Manufacturing,3,news
2123,Contract Manufacturing,buyer_opportunity_gate,"buyer opportunity gate: no buyer-intent signal found (labor, expansion, capex, RFP, deployment, or operations hiring)",COLD,0.0,Automotive & Manufacturing,3,news
2124,SIMA Texfair,buyer_opportunity_gate,"buyer opportunity gate: no buyer-intent signal found (labor, expansion, capex, RFP, deployment, or operations hiring)",COLD,0.0,Hospitality,1,expansion
2127,Still Can,buyer_opportunity_gate,"buyer opportunity gate: no buyer-intent signal found (labor, expansion, capex, RFP, deployment, or operations hiring)",COLD,0.0,Apparel & Textiles,2,automation_interest
2129,Texprocess Frankfurt,buyer_opportunity_gate,"buyer opportunity gate: no buyer-intent signal found (labor, expansion, capex, RFP, deployment, or operations hiring)",COLD,0.0,Hospitality,3,news
2132,World Fabric Singeing Machines,buyer_opportunity_gate,"buyer opportunity gate: no buyer-intent signal found (labor, expansion, capex, RFP, deployment, or operations hiring)",COLD,0.0,Unknown,2,news
2134,Chicago Protective Apparel Sees Immediate,buyer_opportunity_gate,"buyer opportunity gate: no buyer-intent signal found (labor, expansion, capex, RFP, deployment, or operations hiring)",COLD,0.0,Apparel & Textiles,2,automation_interest
2142,China Custom Clothing Manufacturer,buyer_opportunity_gate,"buyer opportunity gate: no buyer-intent signal found (labor, expansion, capex, RFP, deployment, or operations hiring)",COLD,0.0,Apparel & Textiles,2,news
2145,Wholesale Boutique Clothing,buyer_opportunity_gate,"buyer opportunity gate: no buyer-intent signal found (labor, expansion, capex, RFP, deployment, or operations hiring)",COLD,0.0,Apparel & Textiles,3,news
2149,IDS AI,buyer_opportunity_gate,"buyer opportunity gate: no buyer-intent signal found (labor, expansion, capex, RFP, deployment, or operations hiring)",COLD,0.0,Apparel & Textiles,1,news
2150,Picvisa Girbau,buyer_opportunity_gate,"buyer opportunity gate: no buyer-intent signal found (labor, expansion, capex, RFP, deployment, or operations hiring)",COLD,0.0,Apparel & Textiles,3,news
2155,Fashion,buyer_opportunity_gate,"buyer opportunity gate: no buyer-intent signal found (labor, expansion, capex, RFP, deployment, or operations hiring)",COLD,0.0,Apparel & Textiles,1,expansion
2156,Micronclean,buyer_opportunity_gate,"buyer opportunity gate: no buyer-intent signal found (labor, expansion, capex, RFP, deployment, or operations hiring)",COLD,0.0,Unknown,2,news
2161,Subscription E-commerce,buyer_opportunity_gate,"buyer opportunity gate: no buyer-intent signal found (labor, expansion, capex, RFP, deployment, or operations hiring)",COLD,0.0,Retail,1,news
2162,Six E-commerce Marketing,buyer_opportunity_gate,"buyer opportunity gate: no buyer-intent signal found (labor, expansion, capex, RFP, deployment, or operations hiring)",COLD,0.0,Retail,3,news
2163,Germany Fashion Ecommerce,buyer_opportunity_gate,"buyer opportunity gate: no buyer-intent signal found (labor, expansion, capex, RFP, deployment, or operations hiring)",COLD,0.0,Apparel & Textiles,1,news
2164,Business Ideas,buyer_opportunity_gate,"buyer opportunity gate: no buyer-intent signal found (labor, expansion, capex, RFP, deployment, or operations hiring)",COLD,0.0,Unknown,1,news
2165,France Fashion Ecommerce,buyer_opportunity_gate,"buyer opportunity gate: no buyer-intent signal found (labor, expansion, capex, RFP, deployment, or operations hiring)",COLD,0.0,Apparel & Textiles,1,news
2171,MP Materials Selects Northlake Texas,buyer_opportunity_gate,"buyer opportunity gate: no buyer-intent signal found (labor, expansion, capex, RFP, deployment, or operations hiring)",COLD,0.0,Automotive & Manufacturing,1,news
2173,First Solar's,buyer_opportunity_gate,"buyer opportunity gate: no buyer-intent signal found (labor, expansion, capex, RFP, deployment, or operations hiring)",COLD,0.0,Automotive & Manufacturing,1,news
2177,Transfer Cars,buyer_opportunity_gate,"buyer opportunity gate: no buyer-intent signal found (labor, expansion, capex, RFP, deployment, or operations hiring)",COLD,0.0,Unknown,1,automation_interest
2180,Highlights Kla Teradyne,buyer_opportunity_gate,"buyer opportunity gate: no buyer-intent signal found (labor, expansion, capex, RFP, deployment, or operations hiring)",COLD,0.0,Automotive & Manufacturing,1,expansion
2181,Fuji Electric Stock,buyer_opportunity_gate,"buyer opportunity gate: no buyer-intent signal found (labor, expansion, capex, RFP, deployment, or operations hiring)",COLD,0.0,Automotive & Manufacturing,1,strategic_hire
2183,Year AI Gets Real,buyer_opportunity_gate,"buyer opportunity gate: no buyer-intent signal found (labor, expansion, capex, RFP, deployment, or operations hiring)",COLD,0.0,Unknown,1,news
2186,Collaborative Mobile-Manipulator,buyer_opportunity_gate,"buyer opportunity gate: no buyer-intent signal found (labor, expansion, capex, RFP, deployment, or operations hiring)",COLD,0.0,Unknown,1,expansion
2187,Fierce Network,buyer_opportunity_gate,"buyer opportunity gate: no buyer-intent signal found (labor, expansion, capex, RFP, deployment, or operations hiring)",COLD,0.0,Unknown,1,expansion
2189,NVIDIA and Global Industrial Software Leaders,buyer_opportunity_gate,"buyer opportunity gate: no buyer-intent signal found (labor, expansion, capex, RFP, deployment, or operations hiring)",COLD,0.0,Unknown,2,"ma_activity,news"
2191,Commentators Visit Chongqing,buyer_opportunity_gate,"buyer opportunity gate: no buyer-intent signal found (labor, expansion, capex, RFP, deployment, or operations hiring)",COLD,0.0,Unknown,1,strategic_hire
2192,Manufacturers See More AI,buyer_opportunity_gate,"buyer opportunity gate: no buyer-intent signal found (labor, expansion, capex, RFP, deployment, or operations hiring)",COLD,0.0,Automotive & Manufacturing,1,news
2193,Big Ideas,buyer_opportunity_gate,"buyer opportunity gate: no buyer-intent signal found (labor, expansion, capex, RFP, deployment, or operations hiring)",COLD,0.0,Unknown,3,news
2194,Coming Labor Crisis,buyer_opportunity_gate,"buyer opportunity gate: no buyer-intent signal found (labor, expansion, capex, RFP, deployment, or operations hiring)",COLD,0.0,Unknown,3,expansion
2196,Food Exec Brief Margin Preservation,buyer_opportunity_gate,"buyer opportunity gate: no buyer-intent signal found (labor, expansion, capex, RFP, deployment, or operations hiring)",COLD,0.0,Unknown,1,expansion
2199,Five Food Manufacturing Technologies,buyer_opportunity_gate,"buyer opportunity gate: no buyer-intent signal found (labor, expansion, capex, RFP, deployment, or operations hiring)",COLD,0.0,Automotive & Manufacturing,1,strategic_hire
2202,WorldCargo News,buyer_opportunity_gate,"buyer opportunity gate: no buyer-intent signal found (labor, expansion, capex, RFP, deployment, or operations hiring)",COLD,0.0,Unknown,1,expansion
2204,Port Infrastructure,buyer_opportunity_gate,"buyer opportunity gate: no buyer-intent signal found (labor, expansion, capex, RFP, deployment, or operations hiring)",COLD,0.0,Logistics,5,news
2208,Smart Port,buyer_opportunity_gate,"buyer opportunity gate: no buyer-intent signal found (labor, expansion, capex, RFP, deployment, or operations hiring)",COLD,0.0,Unknown,1,news
2211,TPM26 US,buyer_opportunity_gate,"buyer opportunity gate: no buyer-intent signal found (labor, expansion, capex, RFP, deployment, or operations hiring)",COLD,0.0,Unknown,2,news
2212,Faces Structural Capacity Squeeze,buyer_opportunity_gate,"buyer opportunity gate: no buyer-intent signal found (labor, expansion, capex, RFP, deployment, or operations hiring)",COLD,0.0,Logistics,1,expansion
2216,Maersk North America,buyer_opportunity_gate,"buyer opportunity gate: no buyer-intent signal found (labor, expansion, capex, RFP, deployment, or operations hiring)",COLD,0.0,Unknown,3,news
2218,Case Summary STG Logistics Chapter,buyer_opportunity_gate,"buyer opportunity gate: no buyer-intent signal found (labor, expansion, capex, RFP, deployment, or operations hiring)",COLD,0.0,Logistics,2,news
2221,Thoma Bravo,buyer_opportunity_gate,"buyer opportunity gate: seller/vendor or publisher story, not a buyer opportunity",COLD,0.0,Logistics,4,"ma_activity,news"
2224,Mexico Third-Party Logistics,buyer_opportunity_gate,"buyer opportunity gate: no buyer-intent signal found (labor, expansion, capex, RFP, deployment, or operations hiring)",COLD,0.0,Logistics,4,news
2227,Takeaways Shaping,buyer_opportunity_gate,"buyer opportunity gate: no buyer-intent signal found (labor, expansion, capex, RFP, deployment, or operations hiring)",COLD,0.0,Logistics,3,news
2229,ING THINK,buyer_opportunity_gate,"buyer opportunity gate: no buyer-intent signal found (labor, expansion, capex, RFP, deployment, or operations hiring)",COLD,0.0,Automotive & Manufacturing,1,expansion
2231,Saudi Arabia Third-Party Logistics,buyer_opportunity_gate,"buyer opportunity gate: no buyer-intent signal found (labor, expansion, capex, RFP, deployment, or operations hiring)",COLD,0.0,Logistics,1,news
2232,Size Worth,buyer_opportunity_gate,"buyer opportunity gate: no buyer-intent signal found (labor, expansion, capex, RFP, deployment, or operations hiring)",COLD,0.0,Logistics,2,news
2235,Third-Party Logistics,buyer_opportunity_gate,"buyer opportunity gate: no buyer-intent signal found (labor, expansion, capex, RFP, deployment, or operations hiring)",COLD,0.0,Logistics,7,news
2237,Freight Forwarding,buyer_opportunity_gate,"buyer opportunity gate: no buyer-intent signal found (labor, expansion, capex, RFP, deployment, or operations hiring)",COLD,0.0,Logistics,2,news
2239,UK Logistics Week,buyer_opportunity_gate,"buyer opportunity gate: no buyer-intent signal found (labor, expansion, capex, RFP, deployment, or operations hiring)",COLD,0.0,Logistics,3,news
2248,Food Lion,buyer_opportunity_gate,"buyer opportunity gate: no buyer-intent signal found (labor, expansion, capex, RFP, deployment, or operations hiring)",COLD,0.0,Retail,2,news
2249,Coles H1 FY2026,buyer_opportunity_gate,"buyer opportunity gate: no buyer-intent signal found (labor, expansion, capex, RFP, deployment, or operations hiring)",COLD,0.0,Retail,3,news
2250,Digital Supermarket Race,buyer_opportunity_gate,"buyer opportunity gate: no buyer-intent signal found (labor, expansion, capex, RFP, deployment, or operations hiring)",COLD,0.0,Retail,1,expansion
2252,CPG Click Petr,buyer_opportunity_gate,"buyer opportunity gate: no buyer-intent signal found (labor, expansion, capex, RFP, deployment, or operations hiring)",COLD,0.0,Retail,1,strategic_hire
2258,Key Takeaways,buyer_opportunity_gate,"buyer opportunity gate: no buyer-intent signal found (labor, expansion, capex, RFP, deployment, or operations hiring)",COLD,0.0,Retail,1,news
2259,Just Walk Out,buyer_opportunity_gate,"buyer opportunity gate: no buyer-intent signal found (labor, expansion, capex, RFP, deployment, or operations hiring)",COLD,0.0,Retail,4,news
2284,Medical Technology Stock,buyer_opportunity_gate,"buyer opportunity gate: no buyer-intent signal found (labor, expansion, capex, RFP, deployment, or operations hiring)",COLD,0.0,Media & Publishing,1,news
2286,Convergence Governance,buyer_opportunity_gate,"buyer opportunity gate: no buyer-intent signal found (labor, expansion, capex, RFP, deployment, or operations hiring)",COLD,0.0,Unknown,1,news
2288,Healthcare Facility Management,buyer_opportunity_gate,"buyer opportunity gate: no buyer-intent signal found (labor, expansion, capex, RFP, deployment, or operations hiring)",COLD,0.0,Healthcare,2,news
2289,Inside CES,buyer_opportunity_gate,"buyer opportunity gate: no buyer-intent signal found (labor, expansion, capex, RFP, deployment, or operations hiring)",COLD,0.0,Healthcare,1,strategic_hire
2293,Jackson Hospital - WAKA Action 8 News,buyer_opportunity_gate,"buyer opportunity gate: no buyer-intent signal found (labor, expansion, capex, RFP, deployment, or operations hiring)",COLD,0.0,Healthcare,1,news
2322,US Deals,buyer_opportunity_gate,"buyer opportunity gate: no buyer-intent signal found (labor, expansion, capex, RFP, deployment, or operations hiring)",COLD,0.0,Automotive & Manufacturing,2,news
2331,Les Roches,buyer_opportunity_gate,"buyer opportunity gate: no buyer-intent signal found (labor, expansion, capex, RFP, deployment, or operations hiring)",COLD,0.0,Healthcare,2,automation_interest
2332,Donatos Pizza,buyer_opportunity_gate,"buyer opportunity gate: no buyer-intent signal found (labor, expansion, capex, RFP, deployment, or operations hiring)",COLD,0.0,Food Service,3,news
2334,Chipotle Sweetgreen,buyer_opportunity_gate,"buyer opportunity gate: no buyer-intent signal found (labor, expansion, capex, RFP, deployment, or operations hiring)",COLD,0.0,Food Service,5,"automation_interest,expansion,strategic_hire"
2337,Meta's Eliyan,buyer_opportunity_gate,"buyer opportunity gate: no buyer-intent signal found (labor, expansion, capex, RFP, deployment, or operations hiring)",COLD,0.0,Unknown,3,ma_activity
2338,Side Hustle,buyer_opportunity_gate,"buyer opportunity gate: no buyer-intent signal found (labor, expansion, capex, RFP, deployment, or operations hiring)",COLD,0.0,Retail,2,news
2344,Distribution Where,buyer_opportunity_gate,"buyer opportunity gate: no buyer-intent signal found (labor, expansion, capex, RFP, deployment, or operations hiring)",COLD,0.0,Logistics,3,expansion
2345,Morris & Dickson,buyer_opportunity_gate,"buyer opportunity gate: no buyer-intent signal found (labor, expansion, capex, RFP, deployment, or operations hiring)",COLD,0.0,Logistics,1,ma_activity
2354,Smarter Technologies,buyer_opportunity_gate,"buyer opportunity gate: seller/vendor or publisher story, not a buyer opportunity",COLD,0.0,Media & Publishing,3,expansion
2359,Hyundai Bets Big,buyer_opportunity_gate,"buyer opportunity gate: no buyer-intent signal found (labor, expansion, capex, RFP, deployment, or operations hiring)",COLD,0.0,Automotive & Manufacturing,2,strategic_hire
2364,Canadian Supplier,buyer_opportunity_gate,"buyer opportunity gate: no buyer-intent signal found (labor, expansion, capex, RFP, deployment, or operations hiring)",COLD,0.0,Automotive & Manufacturing,3,"automation_interest,strategic_hire"
2365,US Foods,buyer_opportunity_gate,"buyer opportunity gate: no buyer-intent signal found (labor, expansion, capex, RFP, deployment, or operations hiring)",COLD,0.0,Unknown,2,expansion
2369,Save A Lot,buyer_opportunity_gate,"buyer opportunity gate: no buyer-intent signal found (labor, expansion, capex, RFP, deployment, or operations hiring)",COLD,0.0,Retail,2,news
2370,Distribution Centers - Supply Chain Brain,buyer_opportunity_gate,"buyer opportunity gate: no buyer-intent signal found (labor, expansion, capex, RFP, deployment, or operations hiring)",COLD,0.0,Logistics,1,expansion
2374,Samsung Electronics,buyer_opportunity_gate,"buyer opportunity gate: no buyer-intent signal found (labor, expansion, capex, RFP, deployment, or operations hiring)",COLD,0.0,Automotive & Manufacturing,2,news
2377,Schaeffler,buyer_opportunity_gate,"buyer opportunity gate: no buyer-intent signal found (labor, expansion, capex, RFP, deployment, or operations hiring)",COLD,0.0,Automotive & Manufacturing,2,expansion
2382,Dancing robots bring support,buyer_opportunity_gate,"buyer opportunity gate: no buyer-intent signal found (labor, expansion, capex, RFP, deployment, or operations hiring)",COLD,0.0,Media & Publishing,2,strategic_hire
2383,Uber Nissan,buyer_opportunity_gate,"buyer opportunity gate: no buyer-intent signal found (labor, expansion, capex, RFP, deployment, or operations hiring)",COLD,0.0,Unknown,1,strategic_hire
2384,MoCo Department of Transportation scraps,buyer_opportunity_gate,"buyer opportunity gate: no buyer-intent signal found (labor, expansion, capex, RFP, deployment, or operations hiring)",COLD,0.0,Media & Publishing,3,expansion
2389,Interact Analysis,buyer_opportunity_gate,"buyer opportunity gate: no buyer-intent signal found (labor, expansion, capex, RFP, deployment, or operations hiring)",COLD,0.0,Unknown,2,strategic_hire
2392,Trader Joe,buyer_opportunity_gate,"buyer opportunity gate: no buyer-intent signal found (labor, expansion, capex, RFP, deployment, or operations hiring)",COLD,0.0,Logistics,3,news
2420,Fueling Amazon,buyer_opportunity_gate,"buyer opportunity gate: no buyer-intent signal found (labor, expansion, capex, RFP, deployment, or operations hiring)",COLD,0.0,Media & Publishing,2,strategic_hire
2428,Meiko Group,buyer_opportunity_gate,"buyer opportunity gate: no buyer-intent signal found (labor, expansion, capex, RFP, deployment, or operations hiring)",COLD,0.0,Unknown,2,strategic_hire
2434,Conveyor Controls,buyer_opportunity_gate,"buyer opportunity gate: no buyer-intent signal found (labor, expansion, capex, RFP, deployment, or operations hiring)",COLD,0.0,Logistics,1,strategic_hire
2436,British AI startup Magentic,buyer_opportunity_gate,"buyer opportunity gate: no buyer-intent signal found (labor, expansion, capex, RFP, deployment, or operations hiring)",COLD,0.0,Logistics,1,automation_interest
2453,Defining Manufacturing,buyer_opportunity_gate,"buyer opportunity gate: no buyer-intent signal found (labor, expansion, capex, RFP, deployment, or operations hiring)",COLD,0.0,Automotive & Manufacturing,3,news
2461,Durable Demand Tight Margins Higher,buyer_opportunity_gate,"buyer opportunity gate: no buyer-intent signal found (labor, expansion, capex, RFP, deployment, or operations hiring)",COLD,0.0,Media & Publishing,2,news
2468,Strategic Role,buyer_opportunity_gate,"buyer opportunity gate: no buyer-intent signal found (labor, expansion, capex, RFP, deployment, or operations hiring)",COLD,0.0,Datacenters,2,expansion
2469,Netherlands Robotics Industrial,buyer_opportunity_gate,"buyer opportunity gate: seller/vendor or publisher story, not a buyer opportunity",COLD,0.0,Unknown,1,automation_interest
2471,SoftBank Robotics America Gausium,buyer_opportunity_gate,"buyer opportunity gate: no buyer-intent signal found (labor, expansion, capex, RFP, deployment, or operations hiring)",COLD,0.0,Hospitality,1,automation_interest
2472,Challenges Shaping,buyer_opportunity_gate,"buyer opportunity gate: no buyer-intent signal found (labor, expansion, capex, RFP, deployment, or operations hiring)",COLD,0.0,Datacenters,1,news
2474,Everyday Life,buyer_opportunity_gate,"buyer opportunity gate: no buyer-intent signal found (labor, expansion, capex, RFP, deployment, or operations hiring)",COLD,0.0,Automotive & Manufacturing,3,"automation_interest,expansion"
2475,Perry Ellis,buyer_opportunity_gate,"buyer opportunity gate: no buyer-intent signal found (labor, expansion, capex, RFP, deployment, or operations hiring)",COLD,0.0,Logistics,1,automation_interest
2477,Insight Series AI,buyer_opportunity_gate,"buyer opportunity gate: no buyer-intent signal found (labor, expansion, capex, RFP, deployment, or operations hiring)",COLD,0.0,Unknown,1,funding_round
2481,Ex-Wall Street Trader Charles Kovin,buyer_opportunity_gate,"buyer opportunity gate: no buyer-intent signal found (labor, expansion, capex, RFP, deployment, or operations hiring)",COLD,0.0,Retail,2,strategic_hire
2485,India Forklift,buyer_opportunity_gate,"buyer opportunity gate: no buyer-intent signal found (labor, expansion, capex, RFP, deployment, or operations hiring)",COLD,0.0,Unknown,1,expansion
2488,National Caregiver Shortages Electronic Caregiver,buyer_opportunity_gate,"buyer opportunity gate: no buyer-intent signal found (labor, expansion, capex, RFP, deployment, or operations hiring)",COLD,0.0,Healthcare,2,"expansion,news"
2490,Nationwide Caregiver Shortage Felt By,buyer_opportunity_gate,"buyer opportunity gate: no buyer-intent signal found (labor, expansion, capex, RFP, deployment, or operations hiring)",COLD,0.0,Unknown,1,news
2495,Cisco Compute Solutions,buyer_opportunity_gate,"buyer opportunity gate: no buyer-intent signal found (labor, expansion, capex, RFP, deployment, or operations hiring)",COLD,0.0,Unknown,2,news
2509,Halifax Airport,buyer_opportunity_gate,"buyer opportunity gate: no buyer-intent signal found (labor, expansion, capex, RFP, deployment, or operations hiring)",COLD,0.0,Airports & Aviation,2,automation_interest
2513,Grubhub Wonder,buyer_opportunity_gate,"buyer opportunity gate: no buyer-intent signal found (labor, expansion, capex, RFP, deployment, or operations hiring)",COLD,0.0,Food Service,1,automation_interest
2514,Growth Driven,buyer_opportunity_gate,"buyer opportunity gate: no buyer-intent signal found (labor, expansion, capex, RFP, deployment, or operations hiring)",COLD,0.0,Unknown,4,strategic_hire
2515,Generative AI,buyer_opportunity_gate,"buyer opportunity gate: no buyer-intent signal found (labor, expansion, capex, RFP, deployment, or operations hiring)",COLD,0.0,Real Estate & Facilities,1,news
2516,Fuji Electric Co,buyer_opportunity_gate,"buyer opportunity gate: no buyer-intent signal found (labor, expansion, capex, RFP, deployment, or operations hiring)",COLD,0.0,Unknown,1,news
2517,Wire Ducts,buyer_opportunity_gate,"buyer opportunity gate: no buyer-intent signal found (labor, expansion, capex, RFP, deployment, or operations hiring)",COLD,0.0,Automotive & Manufacturing,2,automation_interest
2531,Top Computer Vision Stocks,buyer_opportunity_gate,"buyer opportunity gate: no buyer-intent signal found (labor, expansion, capex, RFP, deployment, or operations hiring)",COLD,0.0,Unknown,3,automation_interest
2532,KPI Solutions,buyer_opportunity_gate,"buyer opportunity gate: no buyer-intent signal found (labor, expansion, capex, RFP, deployment, or operations hiring)",COLD,0.0,Logistics,3,automation_interest
2537,Magnetic Stirrers,buyer_opportunity_gate,"buyer opportunity gate: no buyer-intent signal found (labor, expansion, capex, RFP, deployment, or operations hiring)",COLD,0.0,Medical Technology,1,automation_interest
2538,SLAS - Genetic Engineering and Biotechnology News,buyer_opportunity_gate,"buyer opportunity gate: seller/vendor or publisher story, not a buyer opportunity",COLD,0.0,Unknown,1,strategic_hire
2542,Exclusive As India,buyer_opportunity_gate,"buyer opportunity gate: no buyer-intent signal found (labor, expansion, capex, RFP, deployment, or operations hiring)",COLD,0.0,Logistics,2,news
2544,Corporate Job Areas,buyer_opportunity_gate,"buyer opportunity gate: no buyer-intent signal found (labor, expansion, capex, RFP, deployment, or operations hiring)",COLD,0.0,Logistics,1,expansion
2545,Southern Glazer,buyer_opportunity_gate,"buyer opportunity gate: no buyer-intent signal found (labor, expansion, capex, RFP, deployment, or operations hiring)",COLD,0.0,Logistics,1,news
2546,Cubs Job Opportunities Chicago Cubs,buyer_opportunity_gate,"buyer opportunity gate: no buyer-intent signal found (labor, expansion, capex, RFP, deployment, or operations hiring)",COLD,0.0,Unknown,1,news
2549,Soccer World Cup,buyer_opportunity_gate,"buyer opportunity gate: no buyer-intent signal found (labor, expansion, capex, RFP, deployment, or operations hiring)",COLD,0.0,Airports & Aviation,1,news
2550,Hartsfield-Jackson Atlanta Airport Claims,buyer_opportunity_gate,"buyer opportunity gate: no buyer-intent signal found (labor, expansion, capex, RFP, deployment, or operations hiring)",COLD,0.0,Airports & Aviation,1,expansion
2551,Jackson Hospital - WAKA 8,buyer_opportunity_gate,"buyer opportunity gate: no buyer-intent signal found (labor, expansion, capex, RFP, deployment, or operations hiring)",COLD,0.0,Healthcare,1,news
2555,Texas Health Catalyst Roundup,buyer_opportunity_gate,"buyer opportunity gate: no buyer-intent signal found (labor, expansion, capex, RFP, deployment, or operations hiring)",COLD,0.0,Hospitality,5,news
2557,Nunda Rural,buyer_opportunity_gate,"buyer opportunity gate: no buyer-intent signal found (labor, expansion, capex, RFP, deployment, or operations hiring)",COLD,0.0,Healthcare,1,expansion
2562,Data Centre Events,buyer_opportunity_gate,"buyer opportunity gate: no buyer-intent signal found (labor, expansion, capex, RFP, deployment, or operations hiring)",COLD,0.0,Media & Publishing,1,news
2566,Quick-Service Restaurants,buyer_opportunity_gate,"buyer opportunity gate: no buyer-intent signal found (labor, expansion, capex, RFP, deployment, or operations hiring)",COLD,0.0,Food Service,1,automation_interest
2567,Help Pizza Franchises Stay Competitive,buyer_opportunity_gate,"buyer opportunity gate: no buyer-intent signal found (labor, expansion, capex, RFP, deployment, or operations hiring)",COLD,0.0,Food Service,1,strategic_hire
2569,World Unit-Dose Medication Cassettes,buyer_opportunity_gate,"buyer opportunity gate: no buyer-intent signal found (labor, expansion, capex, RFP, deployment, or operations hiring)",COLD,0.0,Unknown,2,expansion
2572,Global Processing,buyer_opportunity_gate,"buyer opportunity gate: no buyer-intent signal found (labor, expansion, capex, RFP, deployment, or operations hiring)",COLD,0.0,Unknown,1,news
2573,Structured Light Sensors,buyer_opportunity_gate,"buyer opportunity gate: no buyer-intent signal found (labor, expansion, capex, RFP, deployment, or operations hiring)",COLD,0.0,Unknown,1,expansion
2578,Ecovacs' Grand Debut,buyer_opportunity_gate,"buyer opportunity gate: no buyer-intent signal found (labor, expansion, capex, RFP, deployment, or operations hiring)",COLD,0.0,Unknown,4,automation_interest
2579,Major Robot Vacuum Cleaner Brands,buyer_opportunity_gate,"buyer opportunity gate: no buyer-intent signal found (labor, expansion, capex, RFP, deployment, or operations hiring)",COLD,0.0,Unknown,2,automation_interest
2581,Machine Safety,buyer_opportunity_gate,"buyer opportunity gate: no buyer-intent signal found (labor, expansion, capex, RFP, deployment, or operations hiring)",COLD,0.0,Unknown,1,news
2587,Introducing Titan Amazon,buyer_opportunity_gate,"buyer opportunity gate: no buyer-intent signal found (labor, expansion, capex, RFP, deployment, or operations hiring)",COLD,0.0,Unknown,1,automation_interest
2589,Global Robotics Leaders Take Physical,buyer_opportunity_gate,"buyer opportunity gate: no buyer-intent signal found (labor, expansion, capex, RFP, deployment, or operations hiring)",COLD,0.0,Unknown,2,strategic_hire
2591,Honeywell spin-off,buyer_opportunity_gate,"buyer opportunity gate: no buyer-intent signal found (labor, expansion, capex, RFP, deployment, or operations hiring)",COLD,0.0,Media & Publishing,1,automation_interest
2593,Reach Nearly US,buyer_opportunity_gate,"buyer opportunity gate: no buyer-intent signal found (labor, expansion, capex, RFP, deployment, or operations hiring)",COLD,0.0,Automotive & Manufacturing,1,automation_interest
2594,Ex-Datadog Leader,buyer_opportunity_gate,"buyer opportunity gate: no buyer-intent signal found (labor, expansion, capex, RFP, deployment, or operations hiring)",COLD,0.0,Unknown,1,news
2595,One Protocol Every Data Center,buyer_opportunity_gate,"buyer opportunity gate: no buyer-intent signal found (labor, expansion, capex, RFP, deployment, or operations hiring)",COLD,0.0,Datacenters,2,news
2596,Marvell Q2 FY,buyer_opportunity_gate,"buyer opportunity gate: no buyer-intent signal found (labor, expansion, capex, RFP, deployment, or operations hiring)",COLD,0.0,Datacenters,1,news
2597,Biggest Barrier,buyer_opportunity_gate,"buyer opportunity gate: no buyer-intent signal found (labor, expansion, capex, RFP, deployment, or operations hiring)",COLD,0.0,Automotive & Manufacturing,4,news
2598,Ferrara Manufacturing,buyer_opportunity_gate,"buyer opportunity gate: no buyer-intent signal found (labor, expansion, capex, RFP, deployment, or operations hiring)",COLD,0.0,Automotive & Manufacturing,1,news
2601,Products We Want,buyer_opportunity_gate,"buyer opportunity gate: no buyer-intent signal found (labor, expansion, capex, RFP, deployment, or operations hiring)",COLD,0.0,Media & Publishing,1,news
2610,TRM Labs Reaches,buyer_opportunity_gate,"buyer opportunity gate: seller/vendor or publisher story, not a buyer opportunity",COLD,0.0,Unknown,1,funding_round
2616,Hard AI Why CES,buyer_opportunity_gate,"buyer opportunity gate: no buyer-intent signal found (labor, expansion, capex, RFP, deployment, or operations hiring)",COLD,0.0,Hospitality,3,automation_interest
2617,Primech AI Enters Japanese,buyer_opportunity_gate,"buyer opportunity gate: no buyer-intent signal found (labor, expansion, capex, RFP, deployment, or operations hiring)",COLD,0.0,Hospitality,2,automation_interest
2618,Legislature Your Right,buyer_opportunity_gate,"buyer opportunity gate: no buyer-intent signal found (labor, expansion, capex, RFP, deployment, or operations hiring)",COLD,0.0,Unknown,1,news
2619,Human Advantage,buyer_opportunity_gate,"buyer opportunity gate: no buyer-intent signal found (labor, expansion, capex, RFP, deployment, or operations hiring)",COLD,0.0,Unknown,3,automation_interest
2623,Trent DMart,buyer_opportunity_gate,"buyer opportunity gate: no buyer-intent signal found (labor, expansion, capex, RFP, deployment, or operations hiring)",COLD,0.0,Retail,2,news
2624,Europe Third Party Logistics,buyer_opportunity_gate,"buyer opportunity gate: no buyer-intent signal found (labor, expansion, capex, RFP, deployment, or operations hiring)",COLD,0.0,Logistics,2,expansion
2626,TRAVEL OF,buyer_opportunity_gate,"buyer opportunity gate: no buyer-intent signal found (labor, expansion, capex, RFP, deployment, or operations hiring)",COLD,0.0,Unknown,1,news
2628,Industrial Humanoid,buyer_opportunity_gate,"buyer opportunity gate: no buyer-intent signal found (labor, expansion, capex, RFP, deployment, or operations hiring)",COLD,0.0,Automotive & Manufacturing,1,expansion
2629,Free Humans,buyer_opportunity_gate,"buyer opportunity gate: no buyer-intent signal found (labor, expansion, capex, RFP, deployment, or operations hiring)",COLD,0.0,Unknown,2,automation_interest
2632,Makalot Industrial Co,buyer_opportunity_gate,"buyer opportunity gate: no buyer-intent signal found (labor, expansion, capex, RFP, deployment, or operations hiring)",COLD,0.0,Apparel & Textiles,2,"expansion,news"
2633,Vision China,buyer_opportunity_gate,"buyer opportunity gate: no buyer-intent signal found (labor, expansion, capex, RFP, deployment, or operations hiring)",COLD,0.0,Apparel & Textiles,2,news
2640,CarParts,buyer_opportunity_gate,"buyer opportunity gate: no buyer-intent signal found (labor, expansion, capex, RFP, deployment, or operations hiring)",COLD,0.0,Unknown,1,news
2641,News Flexport,buyer_opportunity_gate,"buyer opportunity gate: no buyer-intent signal found (labor, expansion, capex, RFP, deployment, or operations hiring)",COLD,0.0,Real Estate & Facilities,2,expansion
2642,Deep Current,buyer_opportunity_gate,"buyer opportunity gate: no buyer-intent signal found (labor, expansion, capex, RFP, deployment, or operations hiring)",COLD,0.0,Logistics,4,"automation_interest,strategic_hire"
2643,Of Logistics Leaders,buyer_opportunity_gate,"buyer opportunity gate: no buyer-intent signal found (labor, expansion, capex, RFP, deployment, or operations hiring)",COLD,0.0,Logistics,4,"automation_interest,strategic_hire"
2649,Investors Bet Big,buyer_opportunity_gate,"buyer opportunity gate: no buyer-intent signal found (labor, expansion, capex, RFP, deployment, or operations hiring)",COLD,0.0,Unknown,2,expansion
2650,Empyrean Sky,buyer_opportunity_gate,"buyer opportunity gate: no buyer-intent signal found (labor, expansion, capex, RFP, deployment, or operations hiring)",COLD,0.0,Unknown,1,expansion
2653,SME Adoption,buyer_opportunity_gate,"buyer opportunity gate: seller/vendor or publisher story, not a buyer opportunity",COLD,0.0,Unknown,1,automation_interest
2659,Inspection Machines,buyer_opportunity_gate,"buyer opportunity gate: no buyer-intent signal found (labor, expansion, capex, RFP, deployment, or operations hiring)",COLD,0.0,Unknown,2,expansion
2661,Programmable Network,buyer_opportunity_gate,"buyer opportunity gate: no buyer-intent signal found (labor, expansion, capex, RFP, deployment, or operations hiring)",COLD,0.0,Unknown,1,news
2662,Data Center Substation,buyer_opportunity_gate,"buyer opportunity gate: no buyer-intent signal found (labor, expansion, capex, RFP, deployment, or operations hiring)",COLD,0.0,Datacenters,2,news
2664,Power Competition - NDU Press,buyer_opportunity_gate,"buyer opportunity gate: no buyer-intent signal found (labor, expansion, capex, RFP, deployment, or operations hiring)",COLD,0.0,Unknown,1,news
2671,Global Health Care,buyer_opportunity_gate,"buyer opportunity gate: no buyer-intent signal found (labor, expansion, capex, RFP, deployment, or operations hiring)",COLD,0.0,Unknown,2,news
2672,Healthcare Cybersecurity,buyer_opportunity_gate,"buyer opportunity gate: no buyer-intent signal found (labor, expansion, capex, RFP, deployment, or operations hiring)",COLD,0.0,Healthcare,1,news
2674,Entry Continental,buyer_opportunity_gate,"buyer opportunity gate: no buyer-intent signal found (labor, expansion, capex, RFP, deployment, or operations hiring)",COLD,0.0,Unknown,1,automation_interest
2675,Integrating AI,buyer_opportunity_gate,"buyer opportunity gate: no buyer-intent signal found (labor, expansion, capex, RFP, deployment, or operations hiring)",COLD,0.0,Unknown,1,automation_interest
2679,Flex Deepens AMD Ties As,buyer_opportunity_gate,"buyer opportunity gate: no buyer-intent signal found (labor, expansion, capex, RFP, deployment, or operations hiring)",COLD,0.0,Datacenters,1,news
2682,Restaurants Weigh,buyer_opportunity_gate,"buyer opportunity gate: no buyer-intent signal found (labor, expansion, capex, RFP, deployment, or operations hiring)",COLD,0.0,Automotive & Manufacturing,2,automation_interest
2683,Nomagic,buyer_opportunity_gate,"buyer opportunity gate: seller/vendor or publisher story, not a buyer opportunity",COLD,0.0,Unknown,1,funding_round
2686,LG Bets,buyer_opportunity_gate,"buyer opportunity gate: no buyer-intent signal found (labor, expansion, capex, RFP, deployment, or operations hiring)",COLD,0.0,Food Service,2,expansion
2687,Travis Kalanick,buyer_opportunity_gate,"buyer opportunity gate: no buyer-intent signal found (labor, expansion, capex, RFP, deployment, or operations hiring)",COLD,0.0,Media & Publishing,2,automation_interest
2692,Top Logistics Software Development Companies,buyer_opportunity_gate,"buyer opportunity gate: no buyer-intent signal found (labor, expansion, capex, RFP, deployment, or operations hiring)",COLD,0.0,Logistics,1,news
2694,Newmont,buyer_opportunity_gate,"buyer opportunity gate: no buyer-intent signal found (labor, expansion, capex, RFP, deployment, or operations hiring)",COLD,0.0,Unknown,1,strategic_hire
2695,Help You Save Money - Bankrate,buyer_opportunity_gate,"buyer opportunity gate: no buyer-intent signal found (labor, expansion, capex, RFP, deployment, or operations hiring)",COLD,0.0,Unknown,1,news
2702,Financial Benefits,buyer_opportunity_gate,"buyer opportunity gate: no buyer-intent signal found (labor, expansion, capex, RFP, deployment, or operations hiring)",COLD,0.0,Unknown,1,automation_interest
2704,Dubai Airports Welcomes Robot Cleaners,buyer_opportunity_gate,"buyer opportunity gate: no buyer-intent signal found (labor, expansion, capex, RFP, deployment, or operations hiring)",COLD,0.0,Airports & Aviation,1,expansion
2705,Singapore Champions Robotics Adoption And,buyer_opportunity_gate,"buyer opportunity gate: no buyer-intent signal found (labor, expansion, capex, RFP, deployment, or operations hiring)",COLD,0.0,Healthcare,1,automation_interest
2706,Spotify CEO Daniel Ek,buyer_opportunity_gate,"buyer opportunity gate: seller/vendor or publisher story, not a buyer opportunity",COLD,0.0,Automotive & Manufacturing,1,expansion
2707,PRODUCT NEWS Meet,buyer_opportunity_gate,"buyer opportunity gate: no buyer-intent signal found (labor, expansion, capex, RFP, deployment, or operations hiring)",COLD,0.0,Unknown,1,strategic_hire
2709,Posco Group,buyer_opportunity_gate,"buyer opportunity gate: no buyer-intent signal found (labor, expansion, capex, RFP, deployment, or operations hiring)",COLD,0.0,Automotive & Manufacturing,1,expansion
2710,US Persona AI,buyer_opportunity_gate,"buyer opportunity gate: no buyer-intent signal found (labor, expansion, capex, RFP, deployment, or operations hiring)",COLD,0.0,Automotive & Manufacturing,1,expansion
2712,Fun Business Ideas,buyer_opportunity_gate,"buyer opportunity gate: no buyer-intent signal found (labor, expansion, capex, RFP, deployment, or operations hiring)",COLD,0.0,Unknown,1,news
2713,News Six Flags Ups Ante,buyer_opportunity_gate,"buyer opportunity gate: no buyer-intent signal found (labor, expansion, capex, RFP, deployment, or operations hiring)",COLD,0.0,Theme Parks & Entertainment,1,funding_round
2714,KAYTUS Enhances KSManage,buyer_opportunity_gate,"buyer opportunity gate: no buyer-intent signal found (labor, expansion, capex, RFP, deployment, or operations hiring)",COLD,0.0,Datacenters,1,news
2715,Sivers Semiconductors O-Net,buyer_opportunity_gate,"buyer opportunity gate: no buyer-intent signal found (labor, expansion, capex, RFP, deployment, or operations hiring)",COLD,0.0,Automotive & Manufacturing,1,strategic_hire
2717,Beyond Lights-Out Future Data Centers,buyer_opportunity_gate,"buyer opportunity gate: no buyer-intent signal found (labor, expansion, capex, RFP, deployment, or operations hiring)",COLD,0.0,Datacenters,1,news
2718,Six Flags Over Georgia,buyer_opportunity_gate,"buyer opportunity gate: no buyer-intent signal found (labor, expansion, capex, RFP, deployment, or operations hiring)",COLD,0.0,Theme Parks & Entertainment,1,news
2731,Industrializing CAR-T,buyer_opportunity_gate,"buyer opportunity gate: no buyer-intent signal found (labor, expansion, capex, RFP, deployment, or operations hiring)",COLD,0.0,Automotive & Manufacturing,1,funding_round
2734,Best-Performing Health Care Stocks,buyer_opportunity_gate,"buyer opportunity gate: no buyer-intent signal found (labor, expansion, capex, RFP, deployment, or operations hiring)",COLD,0.0,Unknown,4,news
2738,Trade Times,buyer_opportunity_gate,"buyer opportunity gate: no buyer-intent signal found (labor, expansion, capex, RFP, deployment, or operations hiring)",COLD,0.0,Media & Publishing,2,"automation_interest,strategic_hire"
2742,Humanoid startup Apptronik,buyer_opportunity_gate,"buyer opportunity gate: seller/vendor or publisher story, not a buyer opportunity",COLD,0.0,Media & Publishing,1,news
2743,Luxury Briefing Inside Hugo Boss,buyer_opportunity_gate,"buyer opportunity gate: no buyer-intent signal found (labor, expansion, capex, RFP, deployment, or operations hiring)",COLD,0.0,Unknown,1,news
2750,Royal Columbian Hospital - Fraser Health,buyer_opportunity_gate,"buyer opportunity gate: no buyer-intent signal found (labor, expansion, capex, RFP, deployment, or operations hiring)",COLD,0.0,Medical Technology,1,news
2751,Refrigerated Warehousing,buyer_opportunity_gate,"buyer opportunity gate: no buyer-intent signal found (labor, expansion, capex, RFP, deployment, or operations hiring)",COLD,0.0,Hospitality,3,"automation_interest,news"
2754,Lineage NASDAQ LINE,buyer_opportunity_gate,"buyer opportunity gate: no buyer-intent signal found (labor, expansion, capex, RFP, deployment, or operations hiring)",COLD,0.0,Logistics,1,strategic_hire
2758,Swedish sports retailer Stadium,buyer_opportunity_gate,"buyer opportunity gate: no buyer-intent signal found (labor, expansion, capex, RFP, deployment, or operations hiring)",COLD,0.0,Logistics,2,automation_interest
2778,Prescription Vials,buyer_opportunity_gate,"buyer opportunity gate: no buyer-intent signal found (labor, expansion, capex, RFP, deployment, or operations hiring)",COLD,0.0,Unknown,1,news
2779,Zebra Fetches Robotics Firm,buyer_opportunity_gate,"buyer opportunity gate: seller/vendor or publisher story, not a buyer opportunity",COLD,0.0,Retail,1,automation_interest
2781,Technology Trials,buyer_opportunity_gate,"buyer opportunity gate: no buyer-intent signal found (labor, expansion, capex, RFP, deployment, or operations hiring)",COLD,0.0,Logistics,4,news
2782,Logistics Companies Planning Major Digital,buyer_opportunity_gate,"buyer opportunity gate: no buyer-intent signal found (labor, expansion, capex, RFP, deployment, or operations hiring)",COLD,0.0,Logistics,2,"expansion,funding_round"
2788,Turret Trucks,buyer_opportunity_gate,"buyer opportunity gate: no buyer-intent signal found (labor, expansion, capex, RFP, deployment, or operations hiring)",COLD,0.0,Unknown,2,expansion
2790,Next Big Thing,buyer_opportunity_gate,"buyer opportunity gate: no buyer-intent signal found (labor, expansion, capex, RFP, deployment, or operations hiring)",COLD,0.0,Airports & Aviation,3,expansion
2792,Brother,buyer_opportunity_gate,"buyer opportunity gate: no buyer-intent signal found (labor, expansion, capex, RFP, deployment, or operations hiring)",COLD,0.0,Apparel & Textiles,7,ma_activity
2794,ORamaVR,buyer_opportunity_gate,"buyer opportunity gate: seller/vendor or publisher story, not a buyer opportunity",COLD,0.0,Unknown,1,funding_round
2795,Medical XR Platform - Auganix,buyer_opportunity_gate,"buyer opportunity gate: seller/vendor or publisher story, not a buyer opportunity",COLD,0.0,Unknown,1,funding_round
2796,Top Robotics Companies,buyer_opportunity_gate,"buyer opportunity gate: no buyer-intent signal found (labor, expansion, capex, RFP, deployment, or operations hiring)",COLD,0.0,Unknown,2,strategic_hire
2797,WATCH Philips CEO Roy Jakobs,buyer_opportunity_gate,"buyer opportunity gate: seller/vendor or publisher story, not a buyer opportunity",COLD,0.0,Unknown,1,news
2798,Construction Spending,buyer_opportunity_gate,"buyer opportunity gate: no buyer-intent signal found (labor, expansion, capex, RFP, deployment, or operations hiring)",COLD,0.0,Datacenters,2,news
2799,Modular Data Center,buyer_opportunity_gate,"buyer opportunity gate: no buyer-intent signal found (labor, expansion, capex, RFP, deployment, or operations hiring)",COLD,0.0,Datacenters,1,news
2800,Green Data Center,buyer_opportunity_gate,"buyer opportunity gate: no buyer-intent signal found (labor, expansion, capex, RFP, deployment, or operations hiring)",COLD,0.0,Datacenters,1,news
2807,BAE Systems,buyer_opportunity_gate,"buyer opportunity gate: no buyer-intent signal found (labor, expansion, capex, RFP, deployment, or operations hiring)",COLD,0.0,Unknown,2,news
2813,CMH -,buyer_opportunity_gate,"buyer opportunity gate: no buyer-intent signal found (labor, expansion, capex, RFP, deployment, or operations hiring)",COLD,0.0,Unknown,1,automation_interest
2817,Stock Connect,buyer_opportunity_gate,"buyer opportunity gate: no buyer-intent signal found (labor, expansion, capex, RFP, deployment, or operations hiring)",COLD,0.0,Unknown,1,automation_interest
2820,Skild AI,buyer_opportunity_gate,"buyer opportunity gate: no buyer-intent signal found (labor, expansion, capex, RFP, deployment, or operations hiring)",COLD,0.0,Logistics,3,automation_interest
2825,Introducing Blue Jay,buyer_opportunity_gate,"buyer opportunity gate: no buyer-intent signal found (labor, expansion, capex, RFP, deployment, or operations hiring)",COLD,0.0,Unknown,1,automation_interest
2828,Facilities Spotlights True Professionalism,buyer_opportunity_gate,"buyer opportunity gate: no buyer-intent signal found (labor, expansion, capex, RFP, deployment, or operations hiring)",COLD,0.0,Unknown,1,news
2831,Better Way,buyer_opportunity_gate,"buyer opportunity gate: no buyer-intent signal found (labor, expansion, capex, RFP, deployment, or operations hiring)",COLD,0.0,Automotive & Manufacturing,1,news
2833,Safety Cans,buyer_opportunity_gate,"buyer opportunity gate: no buyer-intent signal found (labor, expansion, capex, RFP, deployment, or operations hiring)",COLD,0.0,Unknown,2,news
2836,Standardization Take Center Stage,buyer_opportunity_gate,"buyer opportunity gate: no buyer-intent signal found (labor, expansion, capex, RFP, deployment, or operations hiring)",COLD,0.0,Medical Technology,1,strategic_hire
2849,Futuristic Store,buyer_opportunity_gate,"buyer opportunity gate: no buyer-intent signal found (labor, expansion, capex, RFP, deployment, or operations hiring)",COLD,0.0,Retail,2,expansion
2855,Paris Charles,buyer_opportunity_gate,"buyer opportunity gate: no buyer-intent signal found (labor, expansion, capex, RFP, deployment, or operations hiring)",COLD,0.0,Airports & Aviation,1,news
2856,Room00 Next Gen Hospitality,buyer_opportunity_gate,"buyer opportunity gate: no buyer-intent signal found (labor, expansion, capex, RFP, deployment, or operations hiring)",COLD,0.0,Healthcare,3,"automation_interest,news"
2857,Europe and London - Institutional Real Estate,buyer_opportunity_gate,"buyer opportunity gate: no buyer-intent signal found (labor, expansion, capex, RFP, deployment, or operations hiring)",COLD,0.0,Healthcare,1,automation_interest
2858,Institutional Real Estate,buyer_opportunity_gate,"buyer opportunity gate: no buyer-intent signal found (labor, expansion, capex, RFP, deployment, or operations hiring)",COLD,0.0,Healthcare,1,automation_interest
2865,Hospitality AI-Driven,buyer_opportunity_gate,"buyer opportunity gate: no buyer-intent signal found (labor, expansion, capex, RFP, deployment, or operations hiring)",COLD,0.0,Healthcare,3,news
2866,Biggest Wellness Travel,buyer_opportunity_gate,"buyer opportunity gate: no buyer-intent signal found (labor, expansion, capex, RFP, deployment, or operations hiring)",COLD,0.0,Unknown,1,news
2871,Texas Roadhouse,buyer_opportunity_gate,"buyer opportunity gate: no buyer-intent signal found (labor, expansion, capex, RFP, deployment, or operations hiring)",COLD,0.0,Unknown,1,news
2872,Hybrid Operating Room,buyer_opportunity_gate,"buyer opportunity gate: no buyer-intent signal found (labor, expansion, capex, RFP, deployment, or operations hiring)",COLD,0.0,Unknown,2,news
2874,IEEE Leading,buyer_opportunity_gate,"buyer opportunity gate: no buyer-intent signal found (labor, expansion, capex, RFP, deployment, or operations hiring)",COLD,0.0,Unknown,2,strategic_hire
2875,Printed Medical Devices,buyer_opportunity_gate,"buyer opportunity gate: no buyer-intent signal found (labor, expansion, capex, RFP, deployment, or operations hiring)",COLD,0.0,Unknown,1,expansion
2882,Top Data Center Stocks,buyer_opportunity_gate,"buyer opportunity gate: no buyer-intent signal found (labor, expansion, capex, RFP, deployment, or operations hiring)",COLD,0.0,Datacenters,1,news
2885,SoftBank Robotics Australia,buyer_opportunity_gate,"buyer opportunity gate: no buyer-intent signal found (labor, expansion, capex, RFP, deployment, or operations hiring)",COLD,0.0,Hospitality,1,automation_interest
2886,McLaren International Pty Ltd,buyer_opportunity_gate,"buyer opportunity gate: no buyer-intent signal found (labor, expansion, capex, RFP, deployment, or operations hiring)",COLD,0.0,Hospitality,1,automation_interest
2887,Disinfectant Fogging,buyer_opportunity_gate,"buyer opportunity gate: no buyer-intent signal found (labor, expansion, capex, RFP, deployment, or operations hiring)",COLD,0.0,Unknown,1,news
2892,Restaurant Customers React,buyer_opportunity_gate,"buyer opportunity gate: no buyer-intent signal found (labor, expansion, capex, RFP, deployment, or operations hiring)",COLD,0.0,Food Service,1,automation_interest
2896,Universal Epic Universe,buyer_opportunity_gate,"buyer opportunity gate: no buyer-intent signal found (labor, expansion, capex, RFP, deployment, or operations hiring)",COLD,0.0,Unknown,1,news
2898,Qatari X2 Ventures,buyer_opportunity_gate,"buyer opportunity gate: seller/vendor or publisher story, not a buyer opportunity",COLD,0.0,Unknown,2,automation_interest
2899,Research United States,buyer_opportunity_gate,"buyer opportunity gate: no buyer-intent signal found (labor, expansion, capex, RFP, deployment, or operations hiring)",COLD,0.0,Unknown,1,news
2900,Hartsfield-Jackson Airport,buyer_opportunity_gate,"buyer opportunity gate: no buyer-intent signal found (labor, expansion, capex, RFP, deployment, or operations hiring)",COLD,0.0,Airports & Aviation,1,news
2903,RFID-Tracked Returnable E-Commerce Totes,buyer_opportunity_gate,"buyer opportunity gate: no buyer-intent signal found (labor, expansion, capex, RFP, deployment, or operations hiring)",COLD,0.0,Retail,3,news
2905,Europe Textile Recycling,buyer_opportunity_gate,"buyer opportunity gate: no buyer-intent signal found (labor, expansion, capex, RFP, deployment, or operations hiring)",COLD,0.0,Apparel & Textiles,1,news
2906,Textile Waste Recycling Machine,buyer_opportunity_gate,"buyer opportunity gate: no buyer-intent signal found (labor, expansion, capex, RFP, deployment, or operations hiring)",COLD,0.0,Apparel & Textiles,1,news
2907,Petal Surgical,buyer_opportunity_gate,"buyer opportunity gate: no buyer-intent signal found (labor, expansion, capex, RFP, deployment, or operations hiring)",COLD,0.0,Medical Technology,2,automation_interest
2909,Pudu Flashbot,buyer_opportunity_gate,"buyer opportunity gate: no buyer-intent signal found (labor, expansion, capex, RFP, deployment, or operations hiring)",COLD,0.0,Unknown,1,automation_interest
2910,Donor Pool,buyer_opportunity_gate,"buyer opportunity gate: no buyer-intent signal found (labor, expansion, capex, RFP, deployment, or operations hiring)",COLD,0.0,Healthcare,2,expansion
2916,Top M&A,buyer_opportunity_gate,"buyer opportunity gate: no buyer-intent signal found (labor, expansion, capex, RFP, deployment, or operations hiring)",COLD,0.0,Food Service,2,news
2920,Wholesale Business,buyer_opportunity_gate,"buyer opportunity gate: no buyer-intent signal found (labor, expansion, capex, RFP, deployment, or operations hiring)",COLD,0.0,Unknown,1,news
2921,GXO Logistics,buyer_opportunity_gate,"buyer opportunity gate: no buyer-intent signal found (labor, expansion, capex, RFP, deployment, or operations hiring)",COLD,0.0,Logistics,5,"automation_interest,news,strategic_hire"
2922,Calliope,buyer_opportunity_gate,"buyer opportunity gate: no buyer-intent signal found (labor, expansion, capex, RFP, deployment, or operations hiring)",COLD,0.0,Logistics,1,strategic_hire
2923,California DMV's,buyer_opportunity_gate,"buyer opportunity gate: no buyer-intent signal found (labor, expansion, capex, RFP, deployment, or operations hiring)",COLD,0.0,Unknown,1,strategic_hire
2924,Toyota Industries,buyer_opportunity_gate,"buyer opportunity gate: no buyer-intent signal found (labor, expansion, capex, RFP, deployment, or operations hiring)",COLD,0.0,Logistics,1,strategic_hire
2927,DOGE Stagnant,buyer_opportunity_gate,"buyer opportunity gate: no buyer-intent signal found (labor, expansion, capex, RFP, deployment, or operations hiring)",COLD,0.0,Healthcare,1,automation_interest
2933,North Chicago,buyer_opportunity_gate,"buyer opportunity gate: no buyer-intent signal found (labor, expansion, capex, RFP, deployment, or operations hiring)",COLD,0.0,Automotive & Manufacturing,2,news
2935,NVIDIA GTC,buyer_opportunity_gate,"buyer opportunity gate: no buyer-intent signal found (labor, expansion, capex, RFP, deployment, or operations hiring)",COLD,0.0,Automotive & Manufacturing,5,"news,strategic_hire"
2939,Fusible Interlinings,buyer_opportunity_gate,"buyer opportunity gate: no buyer-intent signal found (labor, expansion, capex, RFP, deployment, or operations hiring)",COLD,0.0,Apparel & Textiles,1,automation_interest
2940,Global Digital Textile Printing,buyer_opportunity_gate,"buyer opportunity gate: no buyer-intent signal found (labor, expansion, capex, RFP, deployment, or operations hiring)",COLD,0.0,Apparel & Textiles,1,news
2942,Textile Yarn,buyer_opportunity_gate,"buyer opportunity gate: no buyer-intent signal found (labor, expansion, capex, RFP, deployment, or operations hiring)",COLD,0.0,Apparel & Textiles,1,news
2943,Space application,buyer_opportunity_gate,"buyer opportunity gate: no buyer-intent signal found (labor, expansion, capex, RFP, deployment, or operations hiring)",COLD,0.0,Unknown,1,funding_round
2944,CILT UK,buyer_opportunity_gate,"buyer opportunity gate: no buyer-intent signal found (labor, expansion, capex, RFP, deployment, or operations hiring)",COLD,0.0,Logistics,1,expansion
2947,CULTUREEDIT Tom,buyer_opportunity_gate,"buyer opportunity gate: no buyer-intent signal found (labor, expansion, capex, RFP, deployment, or operations hiring)",COLD,0.0,Logistics,1,expansion
2948,Emerson Electric Fell,buyer_opportunity_gate,"buyer opportunity gate: no buyer-intent signal found (labor, expansion, capex, RFP, deployment, or operations hiring)",COLD,0.0,Unknown,1,news
2949,Europe's Chip,buyer_opportunity_gate,"buyer opportunity gate: no buyer-intent signal found (labor, expansion, capex, RFP, deployment, or operations hiring)",COLD,0.0,Unknown,1,strategic_hire
2950,India Incentives,buyer_opportunity_gate,"buyer opportunity gate: no buyer-intent signal found (labor, expansion, capex, RFP, deployment, or operations hiring)",COLD,0.0,Automotive & Manufacturing,2,news
2954,Skild AI Nvidia,buyer_opportunity_gate,"buyer opportunity gate: no buyer-intent signal found (labor, expansion, capex, RFP, deployment, or operations hiring)",COLD,0.0,Automotive & Manufacturing,4,"expansion,strategic_hire"
2955,Industrial Parks,buyer_opportunity_gate,"buyer opportunity gate: no buyer-intent signal found (labor, expansion, capex, RFP, deployment, or operations hiring)",COLD,0.0,Unknown,1,news
2958,Distributed Control Systems,buyer_opportunity_gate,"buyer opportunity gate: no buyer-intent signal found (labor, expansion, capex, RFP, deployment, or operations hiring)",COLD,0.0,Unknown,1,news
2963,Nova Scotia,buyer_opportunity_gate,"buyer opportunity gate: no buyer-intent signal found (labor, expansion, capex, RFP, deployment, or operations hiring)",COLD,0.0,Medical Technology,2,automation_interest
2964,Delaware North,buyer_opportunity_gate,"buyer opportunity gate: no buyer-intent signal found (labor, expansion, capex, RFP, deployment, or operations hiring)",COLD,0.0,Unknown,2,expansion
2966,Pune-Based Unbox Robotics,buyer_opportunity_gate,"buyer opportunity gate: no buyer-intent signal found (labor, expansion, capex, RFP, deployment, or operations hiring)",COLD,0.0,Logistics,1,automation_interest
2967,Kameda Medical Center,buyer_opportunity_gate,"buyer opportunity gate: no buyer-intent signal found (labor, expansion, capex, RFP, deployment, or operations hiring)",COLD,0.0,Healthcare,1,expansion
2969,Guardforce AI NASDAQ GFAI,buyer_opportunity_gate,"buyer opportunity gate: no buyer-intent signal found (labor, expansion, capex, RFP, deployment, or operations hiring)",COLD,0.0,Retail,1,news
2970,SLB Doubles Shreveport Footprint,buyer_opportunity_gate,"buyer opportunity gate: no buyer-intent signal found (labor, expansion, capex, RFP, deployment, or operations hiring)",COLD,0.0,Datacenters,1,news
2971,Predictions Ten,buyer_opportunity_gate,"buyer opportunity gate: no buyer-intent signal found (labor, expansion, capex, RFP, deployment, or operations hiring)",COLD,0.0,Media & Publishing,1,news
2976,Strattec Stock Up,buyer_opportunity_gate,"buyer opportunity gate: no buyer-intent signal found (labor, expansion, capex, RFP, deployment, or operations hiring)",COLD,0.0,Unknown,1,news
2984,Big Dave,buyer_opportunity_gate,"buyer opportunity gate: no buyer-intent signal found (labor, expansion, capex, RFP, deployment, or operations hiring)",COLD,0.0,Food Service,2,expansion
2986,GPUs I'd,buyer_opportunity_gate,"buyer opportunity gate: no buyer-intent signal found (labor, expansion, capex, RFP, deployment, or operations hiring)",COLD,0.0,Casinos & Gaming,1,news
2989,Majestic Realty Collective Releases 2026 Resort,buyer_opportunity_gate,"buyer opportunity gate: no buyer-intent signal found (labor, expansion, capex, RFP, deployment, or operations hiring)",COLD,0.0,Hospitality,1,news
2993,Crown Resorts,buyer_opportunity_gate,"buyer opportunity gate: no buyer-intent signal found (labor, expansion, capex, RFP, deployment, or operations hiring)",COLD,0.0,Healthcare,2,news
2994,SmartSense Survey,buyer_opportunity_gate,"buyer opportunity gate: no buyer-intent signal found (labor, expansion, capex, RFP, deployment, or operations hiring)",COLD,0.0,Healthcare,1,news
2997,Labor Costs - Paycor,buyer_opportunity_gate,"buyer opportunity gate: no buyer-intent signal found (labor, expansion, capex, RFP, deployment, or operations hiring)",COLD,0.0,Unknown,1,news
2998,OHSU President Gets,buyer_opportunity_gate,"buyer opportunity gate: no buyer-intent signal found (labor, expansion, capex, RFP, deployment, or operations hiring)",COLD,0.0,Unknown,1,news
2999,Cambridge University Press,buyer_opportunity_gate,"buyer opportunity gate: no buyer-intent signal found (labor, expansion, capex, RFP, deployment, or operations hiring)",COLD,0.0,Hospitality,1,automation_interest
3000,Cool New,buyer_opportunity_gate,"buyer opportunity gate: no buyer-intent signal found (labor, expansion, capex, RFP, deployment, or operations hiring)",COLD,0.0,Unknown,2,automation_interest
3003,Sober Look,buyer_opportunity_gate,"buyer opportunity gate: no buyer-intent signal found (labor, expansion, capex, RFP, deployment, or operations hiring)",COLD,0.0,Unknown,3,strategic_hire
3006,Clothing Inventory Management,buyer_opportunity_gate,"buyer opportunity gate: no buyer-intent signal found (labor, expansion, capex, RFP, deployment, or operations hiring)",COLD,0.0,Apparel & Textiles,1,news
3014,Porter Logistics Backfills Key Cold,buyer_opportunity_gate,"buyer opportunity gate: no buyer-intent signal found (labor, expansion, capex, RFP, deployment, or operations hiring)",COLD,0.0,Logistics,1,funding_round
3022,Laboratory Labels,buyer_opportunity_gate,"buyer opportunity gate: no buyer-intent signal found (labor, expansion, capex, RFP, deployment, or operations hiring)",COLD,0.0,Medical Technology,1,news
3024,Li Auto,buyer_opportunity_gate,"buyer opportunity gate: no buyer-intent signal found (labor, expansion, capex, RFP, deployment, or operations hiring)",COLD,0.0,Logistics,1,news
3026,Physical AI Moves,buyer_opportunity_gate,"buyer opportunity gate: no buyer-intent signal found (labor, expansion, capex, RFP, deployment, or operations hiring)",COLD,0.0,Unknown,1,news
3027,Standard Template Labs,buyer_opportunity_gate,"buyer opportunity gate: seller/vendor or publisher story, not a buyer opportunity",COLD,0.0,Unknown,1,funding_round
3028,Takeda Iambic,buyer_opportunity_gate,"buyer opportunity gate: no buyer-intent signal found (labor, expansion, capex, RFP, deployment, or operations hiring)",COLD,0.0,Media & Publishing,3,news
3029,Lila Sciences,buyer_opportunity_gate,"buyer opportunity gate: seller/vendor or publisher story, not a buyer opportunity",COLD,0.0,Unknown,2,expansion
3032,Sortation Systems,buyer_opportunity_gate,"buyer opportunity gate: no buyer-intent signal found (labor, expansion, capex, RFP, deployment, or operations hiring)",COLD,0.0,Retail,1,news
3033,Trade Policies Sort Manufacturers Into,buyer_opportunity_gate,"buyer opportunity gate: no buyer-intent signal found (labor, expansion, capex, RFP, deployment, or operations hiring)",COLD,0.0,Media & Publishing,2,news
3034,News Denny's,buyer_opportunity_gate,"buyer opportunity gate: no buyer-intent signal found (labor, expansion, capex, RFP, deployment, or operations hiring)",COLD,0.0,Unknown,2,news
3037,Meningitis Diagnostic Testing,buyer_opportunity_gate,"buyer opportunity gate: no buyer-intent signal found (labor, expansion, capex, RFP, deployment, or operations hiring)",COLD,0.0,Unknown,3,news
3038,European ports,buyer_opportunity_gate,"buyer opportunity gate: no buyer-intent signal found (labor, expansion, capex, RFP, deployment, or operations hiring)",COLD,0.0,Unknown,3,automation_interest
3040,Hopewell Holdings,buyer_opportunity_gate,"buyer opportunity gate: no buyer-intent signal found (labor, expansion, capex, RFP, deployment, or operations hiring)",COLD,0.0,Unknown,3,news
3043,Planetary Mixers,buyer_opportunity_gate,"buyer opportunity gate: no buyer-intent signal found (labor, expansion, capex, RFP, deployment, or operations hiring)",COLD,0.0,Unknown,1,news
3045,Digital Supply Chain & Logistics Tech Research,buyer_opportunity_gate,"buyer opportunity gate: no buyer-intent signal found (labor, expansion, capex, RFP, deployment, or operations hiring)",COLD,0.0,Logistics,2,news
3047,Circle Logistics Bets,buyer_opportunity_gate,"buyer opportunity gate: no buyer-intent signal found (labor, expansion, capex, RFP, deployment, or operations hiring)",COLD,0.0,Logistics,1,expansion
3053,Saying Goodbye,buyer_opportunity_gate,"buyer opportunity gate: no buyer-intent signal found (labor, expansion, capex, RFP, deployment, or operations hiring)",COLD,0.0,Unknown,2,automation_interest
3054,Serve Robotics Takes Physical AI,buyer_opportunity_gate,"buyer opportunity gate: no buyer-intent signal found (labor, expansion, capex, RFP, deployment, or operations hiring)",COLD,0.0,Healthcare,3,strategic_hire
3055,Retains Title,buyer_opportunity_gate,"buyer opportunity gate: no buyer-intent signal found (labor, expansion, capex, RFP, deployment, or operations hiring)",COLD,0.0,Food Service,1,news
3056,Isaac ROS,buyer_opportunity_gate,"buyer opportunity gate: no buyer-intent signal found (labor, expansion, capex, RFP, deployment, or operations hiring)",COLD,0.0,Unknown,1,automation_interest
3058,Sunrise,buyer_opportunity_gate,"buyer opportunity gate: no buyer-intent signal found (labor, expansion, capex, RFP, deployment, or operations hiring)",COLD,0.0,Unknown,2,news
3060,Royal University Hospital - 620 CKRM,buyer_opportunity_gate,"buyer opportunity gate: no buyer-intent signal found (labor, expansion, capex, RFP, deployment, or operations hiring)",COLD,0.0,Medical Technology,1,automation_interest
3068,Las Vegas Laughlin,buyer_opportunity_gate,"buyer opportunity gate: no buyer-intent signal found (labor, expansion, capex, RFP, deployment, or operations hiring)",COLD,0.0,Casinos & Gaming,1,news
3071,Microsoft,buyer_opportunity_gate,"buyer opportunity gate: no buyer-intent signal found (labor, expansion, capex, RFP, deployment, or operations hiring)",COLD,0.0,Datacenters,5,"expansion,news,strategic_hire"
3073,Wide Format,buyer_opportunity_gate,"buyer opportunity gate: no buyer-intent signal found (labor, expansion, capex, RFP, deployment, or operations hiring)",COLD,0.0,Unknown,2,news
3074,Drag Chain Cables,buyer_opportunity_gate,"buyer opportunity gate: no buyer-intent signal found (labor, expansion, capex, RFP, deployment, or operations hiring)",COLD,0.0,Unknown,1,strategic_hire
3078,California Hotpot Chain,buyer_opportunity_gate,"buyer opportunity gate: no buyer-intent signal found (labor, expansion, capex, RFP, deployment, or operations hiring)",COLD,0.0,Unknown,3,"automation_interest,expansion"
3081,First Fully Autonomous Telehealth AI,fast_junk,junk pattern: (?i)^first\s+fully\s+autonomous\b,COLD,0.0,Healthcare,4,labor_shortage
3082,Medical Telepresence,buyer_opportunity_gate,"buyer opportunity gate: no buyer-intent signal found (labor, expansion, capex, RFP, deployment, or operations hiring)",COLD,0.0,Medical Technology,3,automation_interest
3084,Cyndi Rhoades Co-founder,buyer_opportunity_gate,"buyer opportunity gate: no buyer-intent signal found (labor, expansion, capex, RFP, deployment, or operations hiring)",COLD,0.0,Apparel & Textiles,1,news
3085,China Connection,buyer_opportunity_gate,"buyer opportunity gate: no buyer-intent signal found (labor, expansion, capex, RFP, deployment, or operations hiring)",COLD,0.0,Automotive & Manufacturing,2,expansion
3087,Intense Competition Across,buyer_opportunity_gate,"buyer opportunity gate: no buyer-intent signal found (labor, expansion, capex, RFP, deployment, or operations hiring)",COLD,0.0,Unknown,2,news
3090,Comtrak Logistics Renamed Hub,buyer_opportunity_gate,"buyer opportunity gate: no buyer-intent signal found (labor, expansion, capex, RFP, deployment, or operations hiring)",COLD,0.0,Logistics,2,news
3092,Press Brake,buyer_opportunity_gate,"buyer opportunity gate: no buyer-intent signal found (labor, expansion, capex, RFP, deployment, or operations hiring)",COLD,0.0,Unknown,2,automation_interest
3093,First Look AHN's,buyer_opportunity_gate,"buyer opportunity gate: no buyer-intent signal found (labor, expansion, capex, RFP, deployment, or operations hiring)",COLD,0.0,Medical Technology,2,strategic_hire
3096,World Spectrophotometer Cuvettes,buyer_opportunity_gate,"buyer opportunity gate: no buyer-intent signal found (labor, expansion, capex, RFP, deployment, or operations hiring)",COLD,0.0,Unknown,1,news
3099,Stirred Tank Reactor Inspection Equipment,buyer_opportunity_gate,"buyer opportunity gate: no buyer-intent signal found (labor, expansion, capex, RFP, deployment, or operations hiring)",COLD,0.0,Unknown,1,news
3101,VerbaFlo,buyer_opportunity_gate,"buyer opportunity gate: seller/vendor or publisher story, not a buyer opportunity",COLD,0.0,Unknown,2,expansion
3103,Machina Labs,buyer_opportunity_gate,"buyer opportunity gate: seller/vendor or publisher story, not a buyer opportunity",COLD,0.0,Automotive & Manufacturing,1,automation_interest
3108,JPM23 Ascension Health,buyer_opportunity_gate,"buyer opportunity gate: no buyer-intent signal found (labor, expansion, capex, RFP, deployment, or operations hiring)",COLD,0.0,Healthcare,3,automation_interest
3109,Extended-Reach Cobot,buyer_opportunity_gate,"buyer opportunity gate: no buyer-intent signal found (labor, expansion, capex, RFP, deployment, or operations hiring)",COLD,0.0,Automotive & Manufacturing,1,automation_interest
3111,Fulfil - Retail Technology Innovation Hub,buyer_opportunity_gate,"buyer opportunity gate: no buyer-intent signal found (labor, expansion, capex, RFP, deployment, or operations hiring)",COLD,0.0,Retail,1,expansion
3117,Pella Mid-Atlantic,buyer_opportunity_gate,"buyer opportunity gate: no buyer-intent signal found (labor, expansion, capex, RFP, deployment, or operations hiring)",COLD,0.0,Unknown,2,news
3118,Hudson Technologies NASDAQ HDSN,buyer_opportunity_gate,"buyer opportunity gate: no buyer-intent signal found (labor, expansion, capex, RFP, deployment, or operations hiring)",COLD,0.0,Healthcare,1,news
3119,Transplace,buyer_opportunity_gate,"buyer opportunity gate: no buyer-intent signal found (labor, expansion, capex, RFP, deployment, or operations hiring)",COLD,0.0,Unknown,3,funding_round
3121,Co-op Group,buyer_opportunity_gate,"buyer opportunity gate: no buyer-intent signal found (labor, expansion, capex, RFP, deployment, or operations hiring)",COLD,0.0,Logistics,1,automation_interest
3125,Korean Rental Giants Race,buyer_opportunity_gate,"buyer opportunity gate: no buyer-intent signal found (labor, expansion, capex, RFP, deployment, or operations hiring)",COLD,0.0,Unknown,1,automation_interest
3127,Inside Virginia,buyer_opportunity_gate,"buyer opportunity gate: no buyer-intent signal found (labor, expansion, capex, RFP, deployment, or operations hiring)",COLD,0.0,Unknown,1,news
3130,Tomorrow,buyer_opportunity_gate,"buyer opportunity gate: no buyer-intent signal found (labor, expansion, capex, RFP, deployment, or operations hiring)",COLD,0.0,Datacenters,3,news
3135,Using Simulation,buyer_opportunity_gate,"buyer opportunity gate: no buyer-intent signal found (labor, expansion, capex, RFP, deployment, or operations hiring)",COLD,0.0,Healthcare,2,automation_interest
3138,Global Textile Yarn,buyer_opportunity_gate,"buyer opportunity gate: no buyer-intent signal found (labor, expansion, capex, RFP, deployment, or operations hiring)",COLD,0.0,Apparel & Textiles,1,news
3139,Compounding Pharmacy,buyer_opportunity_gate,"buyer opportunity gate: no buyer-intent signal found (labor, expansion, capex, RFP, deployment, or operations hiring)",COLD,0.0,Medical Technology,2,expansion
3141,Salt Lake Airport Just Got,buyer_opportunity_gate,"buyer opportunity gate: no buyer-intent signal found (labor, expansion, capex, RFP, deployment, or operations hiring)",COLD,0.0,Airports & Aviation,1,news
3144,Logistics Business Ideas,buyer_opportunity_gate,"buyer opportunity gate: no buyer-intent signal found (labor, expansion, capex, RFP, deployment, or operations hiring)",COLD,0.0,Logistics,1,news
3146,Sugarbush Resorts,buyer_opportunity_gate,"buyer opportunity gate: no buyer-intent signal found (labor, expansion, capex, RFP, deployment, or operations hiring)",COLD,0.0,Hospitality,1,expansion
3152,Healthcare Deals,buyer_opportunity_gate,"buyer opportunity gate: no buyer-intent signal found (labor, expansion, capex, RFP, deployment, or operations hiring)",COLD,0.0,Healthcare,1,ma_activity
3154,Global Pallet Truck,buyer_opportunity_gate,"buyer opportunity gate: no buyer-intent signal found (labor, expansion, capex, RFP, deployment, or operations hiring)",COLD,0.0,Retail,1,automation_interest
3158,Innovative Strategies,buyer_opportunity_gate,"buyer opportunity gate: no buyer-intent signal found (labor, expansion, capex, RFP, deployment, or operations hiring)",COLD,0.0,Automotive & Manufacturing,1,news
3159,Manchester Airport T2 Goes Biometric,buyer_opportunity_gate,"buyer opportunity gate: no buyer-intent signal found (labor, expansion, capex, RFP, deployment, or operations hiring)",COLD,0.0,Airports & Aviation,1,news
3165,IHIF Q&A Mews,buyer_opportunity_gate,"buyer opportunity gate: no buyer-intent signal found (labor, expansion, capex, RFP, deployment, or operations hiring)",COLD,0.0,Healthcare,2,expansion
3166,Ultimate Marketplace,buyer_opportunity_gate,"buyer opportunity gate: no buyer-intent signal found (labor, expansion, capex, RFP, deployment, or operations hiring)",COLD,0.0,Apparel & Textiles,1,news
3167,Super Bowl,buyer_opportunity_gate,"buyer opportunity gate: no buyer-intent signal found (labor, expansion, capex, RFP, deployment, or operations hiring)",COLD,0.0,Unknown,1,news
3168,Shake Shack,buyer_opportunity_gate,"buyer opportunity gate: no buyer-intent signal found (labor, expansion, capex, RFP, deployment, or operations hiring)",COLD,0.0,Unknown,1,news
3174,IntraLogisteX - Logistics Manager,buyer_opportunity_gate,"buyer opportunity gate: no buyer-intent signal found (labor, expansion, capex, RFP, deployment, or operations hiring)",COLD,0.0,Logistics,1,automation_interest
3175,Coolant Monitoring Sensors,buyer_opportunity_gate,"buyer opportunity gate: no buyer-intent signal found (labor, expansion, capex, RFP, deployment, or operations hiring)",COLD,0.0,Unknown,1,news
3176,Silver Demand AI Data Centers,buyer_opportunity_gate,"buyer opportunity gate: no buyer-intent signal found (labor, expansion, capex, RFP, deployment, or operations hiring)",COLD,0.0,Datacenters,1,news
3177,Sustainable Data Centres,buyer_opportunity_gate,"buyer opportunity gate: no buyer-intent signal found (labor, expansion, capex, RFP, deployment, or operations hiring)",COLD,0.0,Media & Publishing,2,news
3179,Now New,buyer_opportunity_gate,"buyer opportunity gate: no buyer-intent signal found (labor, expansion, capex, RFP, deployment, or operations hiring)",COLD,0.0,Datacenters,1,news
3180,Global Data Center Infrastructure Management,buyer_opportunity_gate,"buyer opportunity gate: seller/vendor or publisher story, not a buyer opportunity",COLD,0.0,Datacenters,6,news
3183,FESPA Global Print Expo,buyer_opportunity_gate,"buyer opportunity gate: seller/vendor or publisher story, not a buyer opportunity",COLD,0.0,Apparel & Textiles,1,news
3184,Donatos,buyer_opportunity_gate,"buyer opportunity gate: no buyer-intent signal found (labor, expansion, capex, RFP, deployment, or operations hiring)",COLD,0.0,Airports & Aviation,2,expansion
3189,Greater Noida,buyer_opportunity_gate,"buyer opportunity gate: no buyer-intent signal found (labor, expansion, capex, RFP, deployment, or operations hiring)",COLD,0.0,Unknown,2,strategic_hire
3196,ICP Mass Spectrometry Systems Price,buyer_opportunity_gate,"buyer opportunity gate: no buyer-intent signal found (labor, expansion, capex, RFP, deployment, or operations hiring)",COLD,0.0,Unknown,1,news
3199,Knight Health Dose February,buyer_opportunity_gate,"buyer opportunity gate: no buyer-intent signal found (labor, expansion, capex, RFP, deployment, or operations hiring)",COLD,0.0,Unknown,2,news
3200,Labs Prepares Its Labs Investor,buyer_opportunity_gate,"buyer opportunity gate: seller/vendor or publisher story, not a buyer opportunity",COLD,0.0,Media & Publishing,1,funding_round
3204,UC Santa Cruz,buyer_opportunity_gate,"buyer opportunity gate: no buyer-intent signal found (labor, expansion, capex, RFP, deployment, or operations hiring)",COLD,0.0,Food Service,1,news
3212,Teach Pendants,buyer_opportunity_gate,"buyer opportunity gate: no buyer-intent signal found (labor, expansion, capex, RFP, deployment, or operations hiring)",COLD,0.0,Unknown,1,news
3217,S&S Activewear - Modern Materials Handling,buyer_opportunity_gate,"buyer opportunity gate: no buyer-intent signal found (labor, expansion, capex, RFP, deployment, or operations hiring)",COLD,0.0,Healthcare,1,news
3218,Focus M&S,buyer_opportunity_gate,"buyer opportunity gate: no buyer-intent signal found (labor, expansion, capex, RFP, deployment, or operations hiring)",COLD,0.0,Logistics,3,news
3219,Iberian Peninsula,buyer_opportunity_gate,"buyer opportunity gate: no buyer-intent signal found (labor, expansion, capex, RFP, deployment, or operations hiring)",COLD,0.0,Hospitality,1,expansion
3221,Pharmacy Inventory Management Software Solutions,buyer_opportunity_gate,"buyer opportunity gate: no buyer-intent signal found (labor, expansion, capex, RFP, deployment, or operations hiring)",COLD,0.0,Medical Technology,2,news
3229,Global Diagnostic Labs,buyer_opportunity_gate,"buyer opportunity gate: seller/vendor or publisher story, not a buyer opportunity",COLD,0.0,Media & Publishing,4,"expansion,news"
3230,Lab Consumables,buyer_opportunity_gate,"buyer opportunity gate: no buyer-intent signal found (labor, expansion, capex, RFP, deployment, or operations hiring)",COLD,0.0,Unknown,3,news
3231,Live Ventures Central Steel Fabricators,buyer_opportunity_gate,"buyer opportunity gate: seller/vendor or publisher story, not a buyer opportunity",COLD,0.0,Unknown,1,news
3232,Impact Express,buyer_opportunity_gate,"buyer opportunity gate: no buyer-intent signal found (labor, expansion, capex, RFP, deployment, or operations hiring)",COLD,0.0,Logistics,1,automation_interest
3234,Southeast Asia's,buyer_opportunity_gate,"buyer opportunity gate: no buyer-intent signal found (labor, expansion, capex, RFP, deployment, or operations hiring)",COLD,0.0,Healthcare,1,expansion
3236,Past Present,buyer_opportunity_gate,"buyer opportunity gate: no buyer-intent signal found (labor, expansion, capex, RFP, deployment, or operations hiring)",COLD,0.0,Medical Technology,1,news
3241,Smarter Faster More Human Why,buyer_opportunity_gate,"buyer opportunity gate: no buyer-intent signal found (labor, expansion, capex, RFP, deployment, or operations hiring)",COLD,0.0,Food Service,2,automation_interest
3243,Louisiana welders,buyer_opportunity_gate,"buyer opportunity gate: no buyer-intent signal found (labor, expansion, capex, RFP, deployment, or operations hiring)",COLD,0.0,Unknown,2,automation_interest
3244,Quintus Technologies,buyer_opportunity_gate,"buyer opportunity gate: no buyer-intent signal found (labor, expansion, capex, RFP, deployment, or operations hiring)",COLD,0.0,Unknown,3,expansion
3245,Ohio Democratic,buyer_opportunity_gate,"buyer opportunity gate: no buyer-intent signal found (labor, expansion, capex, RFP, deployment, or operations hiring)",COLD,0.0,Unknown,3,news
3248,Enables AI-driven Intelligent Robot Coordination,buyer_opportunity_gate,"buyer opportunity gate: seller/vendor or publisher story, not a buyer opportunity",COLD,0.0,Media & Publishing,1,automation_interest
3251,Healthcare Technology Smart Tech Wearable,buyer_opportunity_gate,"buyer opportunity gate: no buyer-intent signal found (labor, expansion, capex, RFP, deployment, or operations hiring)",COLD,0.0,Healthcare,1,strategic_hire
3255,World Airport Awards Seoul Incheon,buyer_opportunity_gate,"buyer opportunity gate: no buyer-intent signal found (labor, expansion, capex, RFP, deployment, or operations hiring)",COLD,0.0,Airports & Aviation,3,news
3260,Labcorp,buyer_opportunity_gate,"buyer opportunity gate: no buyer-intent signal found (labor, expansion, capex, RFP, deployment, or operations hiring)",COLD,0.0,Healthcare,1,ma_activity
3262,Hospital Outsourcing,buyer_opportunity_gate,"buyer opportunity gate: no buyer-intent signal found (labor, expansion, capex, RFP, deployment, or operations hiring)",COLD,0.0,Healthcare,2,news
3263,FI Spotlight Food,buyer_opportunity_gate,"buyer opportunity gate: no buyer-intent signal found (labor, expansion, capex, RFP, deployment, or operations hiring)",COLD,0.0,Unknown,2,expansion
3265,Woolworths,buyer_opportunity_gate,"buyer opportunity gate: no buyer-intent signal found (labor, expansion, capex, RFP, deployment, or operations hiring)",COLD,0.0,Retail,2,news
3266,Kirkwall Airport,buyer_opportunity_gate,"buyer opportunity gate: no buyer-intent signal found (labor, expansion, capex, RFP, deployment, or operations hiring)",COLD,0.0,Airports & Aviation,1,news
3267,Metro Atlanta's,buyer_opportunity_gate,"buyer opportunity gate: no buyer-intent signal found (labor, expansion, capex, RFP, deployment, or operations hiring)",COLD,0.0,Airports & Aviation,2,news
3269,Winford Resort & Casino Manila Philippines,buyer_opportunity_gate,"buyer opportunity gate: seller/vendor or publisher story, not a buyer opportunity",COLD,0.0,Hospitality,3,"news,strategic_hire"
3270,Mary Niven Great Food Keeps,buyer_opportunity_gate,"buyer opportunity gate: no buyer-intent signal found (labor, expansion, capex, RFP, deployment, or operations hiring)",COLD,0.0,Theme Parks & Entertainment,1,news
3271,Efteling,buyer_opportunity_gate,"buyer opportunity gate: no buyer-intent signal found (labor, expansion, capex, RFP, deployment, or operations hiring)",COLD,0.0,Unknown,1,news
3272,Lightweight Multi-Modal Framework Enhances Dynamic,buyer_opportunity_gate,"buyer opportunity gate: no buyer-intent signal found (labor, expansion, capex, RFP, deployment, or operations hiring)",COLD,0.0,Unknown,1,automation_interest
3277,World Laboratory Crushers,buyer_opportunity_gate,"buyer opportunity gate: no buyer-intent signal found (labor, expansion, capex, RFP, deployment, or operations hiring)",COLD,0.0,Medical Technology,1,news
3279,Tobacco Testing,buyer_opportunity_gate,"buyer opportunity gate: no buyer-intent signal found (labor, expansion, capex, RFP, deployment, or operations hiring)",COLD,0.0,Unknown,1,news
3281,Yamato Holdings Co Ltd stock,buyer_opportunity_gate,"buyer opportunity gate: no buyer-intent signal found (labor, expansion, capex, RFP, deployment, or operations hiring)",COLD,0.0,Logistics,1,news
3283,Florida And Charleston Airports Enhance,buyer_opportunity_gate,"buyer opportunity gate: no buyer-intent signal found (labor, expansion, capex, RFP, deployment, or operations hiring)",COLD,0.0,Airports & Aviation,2,news
3284,Middle East hotels,buyer_opportunity_gate,"buyer opportunity gate: no buyer-intent signal found (labor, expansion, capex, RFP, deployment, or operations hiring)",COLD,0.0,Hospitality,2,expansion
3285,Knight Health Dose January,buyer_opportunity_gate,"buyer opportunity gate: no buyer-intent signal found (labor, expansion, capex, RFP, deployment, or operations hiring)",COLD,0.0,Unknown,2,news
3291,Undervalued Tech Giants Before They,buyer_opportunity_gate,"buyer opportunity gate: no buyer-intent signal found (labor, expansion, capex, RFP, deployment, or operations hiring)",COLD,0.0,Unknown,1,news
3294,Patient Handling Equipment,buyer_opportunity_gate,"buyer opportunity gate: no buyer-intent signal found (labor, expansion, capex, RFP, deployment, or operations hiring)",COLD,0.0,Healthcare,2,news
3297,Newmark,buyer_opportunity_gate,"buyer opportunity gate: no buyer-intent signal found (labor, expansion, capex, RFP, deployment, or operations hiring)",COLD,0.0,Unknown,1,news
3298,Walmart-owned Flipkart,buyer_opportunity_gate,"buyer opportunity gate: no buyer-intent signal found (labor, expansion, capex, RFP, deployment, or operations hiring)",COLD,0.0,Logistics,1,news
3300,Northern NV,buyer_opportunity_gate,"buyer opportunity gate: no buyer-intent signal found (labor, expansion, capex, RFP, deployment, or operations hiring)",COLD,0.0,Logistics,1,news
3301,Manual Pallet Jacks,buyer_opportunity_gate,"buyer opportunity gate: no buyer-intent signal found (labor, expansion, capex, RFP, deployment, or operations hiring)",COLD,0.0,Logistics,1,news
3302,Beckman Coulter,buyer_opportunity_gate,"buyer opportunity gate: no buyer-intent signal found (labor, expansion, capex, RFP, deployment, or operations hiring)",COLD,0.0,Medical Technology,3,automation_interest
3303,Lab Technologist Shortage,buyer_opportunity_gate,"buyer opportunity gate: no buyer-intent signal found (labor, expansion, capex, RFP, deployment, or operations hiring)",COLD,0.0,Hospitality,2,expansion
3304,Travis Kalanick's,buyer_opportunity_gate,"buyer opportunity gate: no buyer-intent signal found (labor, expansion, capex, RFP, deployment, or operations hiring)",COLD,0.0,Food Service,2,news
3306,Textile Recycling Plant DPR,buyer_opportunity_gate,"buyer opportunity gate: no buyer-intent signal found (labor, expansion, capex, RFP, deployment, or operations hiring)",COLD,0.0,Apparel & Textiles,1,news
3307,US Agriculture Equipment,buyer_opportunity_gate,"buyer opportunity gate: no buyer-intent signal found (labor, expansion, capex, RFP, deployment, or operations hiring)",COLD,0.0,Unknown,1,automation_interest
3309,NRA Over,buyer_opportunity_gate,"buyer opportunity gate: no buyer-intent signal found (labor, expansion, capex, RFP, deployment, or operations hiring)",COLD,0.0,Food Service,2,automation_interest
3313,EV Battery Longevity Exceeds Car,buyer_opportunity_gate,"buyer opportunity gate: no buyer-intent signal found (labor, expansion, capex, RFP, deployment, or operations hiring)",COLD,0.0,Automotive & Manufacturing,1,news
3317,RPA Use Cases,buyer_opportunity_gate,"buyer opportunity gate: no buyer-intent signal found (labor, expansion, capex, RFP, deployment, or operations hiring)",COLD,0.0,Unknown,3,news
3319,Dassault Syst,buyer_opportunity_gate,"buyer opportunity gate: no buyer-intent signal found (labor, expansion, capex, RFP, deployment, or operations hiring)",COLD,0.0,Unknown,1,news
3324,Long-Awaited Recovery,buyer_opportunity_gate,"buyer opportunity gate: no buyer-intent signal found (labor, expansion, capex, RFP, deployment, or operations hiring)",COLD,0.0,Logistics,1,news
3325,Pnet Job Guide South Africa,buyer_opportunity_gate,"buyer opportunity gate: no buyer-intent signal found (labor, expansion, capex, RFP, deployment, or operations hiring)",COLD,0.0,Unknown,1,news
3333,Dr Robert Riche,buyer_opportunity_gate,"buyer opportunity gate: no buyer-intent signal found (labor, expansion, capex, RFP, deployment, or operations hiring)",COLD,0.0,Medical Technology,1,automation_interest
3336,Steve Ells Startup Kernel Axes,buyer_opportunity_gate,"buyer opportunity gate: no buyer-intent signal found (labor, expansion, capex, RFP, deployment, or operations hiring)",COLD,0.0,Unknown,1,automation_interest
3338,San Diego Padres,buyer_opportunity_gate,"buyer opportunity gate: no buyer-intent signal found (labor, expansion, capex, RFP, deployment, or operations hiring)",COLD,0.0,Unknown,1,news
3341,NJ restaurants,fast_junk,junk pattern: (?i)^(qsr|nj|ny|ca|tx|fl|us|u\.s\.)\s+(operators?|restaurant,COLD,0.0,Food Service,3,strategic_hire
3343,Healthcare Facilities Live,buyer_opportunity_gate,"buyer opportunity gate: no buyer-intent signal found (labor, expansion, capex, RFP, deployment, or operations hiring)",COLD,0.0,Healthcare,1,expansion
3348,Remington Hospitality,buyer_opportunity_gate,"buyer opportunity gate: no buyer-intent signal found (labor, expansion, capex, RFP, deployment, or operations hiring)",COLD,0.0,Hospitality,1,strategic_hire
3349,Peregrine Hospitality - Hospitality Net,buyer_opportunity_gate,"buyer opportunity gate: no buyer-intent signal found (labor, expansion, capex, RFP, deployment, or operations hiring)",COLD,0.0,Healthcare,1,strategic_hire
3353,FedEx Collaborates,buyer_opportunity_gate,"buyer opportunity gate: no buyer-intent signal found (labor, expansion, capex, RFP, deployment, or operations hiring)",COLD,0.0,Unknown,1,news
3355,Opentrons Uses Nvidia Tech,buyer_opportunity_gate,"buyer opportunity gate: no buyer-intent signal found (labor, expansion, capex, RFP, deployment, or operations hiring)",COLD,0.0,Unknown,3,news
3356,Harris Health,buyer_opportunity_gate,"buyer opportunity gate: no buyer-intent signal found (labor, expansion, capex, RFP, deployment, or operations hiring)",COLD,0.0,Healthcare,1,news
3359,Edge Computing,buyer_opportunity_gate,"buyer opportunity gate: no buyer-intent signal found (labor, expansion, capex, RFP, deployment, or operations hiring)",COLD,0.0,Retail,2,news
3360,VenHub Brings,buyer_opportunity_gate,"buyer opportunity gate: no buyer-intent signal found (labor, expansion, capex, RFP, deployment, or operations hiring)",COLD,0.0,Retail,1,automation_interest
3363,News Today,buyer_opportunity_gate,"buyer opportunity gate: no buyer-intent signal found (labor, expansion, capex, RFP, deployment, or operations hiring)",COLD,0.0,Unknown,1,news
3364,Personalized,buyer_opportunity_gate,"buyer opportunity gate: no buyer-intent signal found (labor, expansion, capex, RFP, deployment, or operations hiring)",COLD,0.0,Healthcare,2,news
3365,Shaping Biotech And Life Sciences,buyer_opportunity_gate,"buyer opportunity gate: no buyer-intent signal found (labor, expansion, capex, RFP, deployment, or operations hiring)",COLD,0.0,Unknown,3,"expansion,news"
3367,USA Compounding Pharmacies,buyer_opportunity_gate,"buyer opportunity gate: no buyer-intent signal found (labor, expansion, capex, RFP, deployment, or operations hiring)",COLD,0.0,Unknown,1,news
3373,RPA SAP Use Cases,buyer_opportunity_gate,"buyer opportunity gate: no buyer-intent signal found (labor, expansion, capex, RFP, deployment, or operations hiring)",COLD,0.0,Unknown,2,news
3375,Pathology Updates Deepen Oncology Diagnostics,buyer_opportunity_gate,"buyer opportunity gate: no buyer-intent signal found (labor, expansion, capex, RFP, deployment, or operations hiring)",COLD,0.0,Medical Technology,4,news
3376,Diagnostics Day,buyer_opportunity_gate,"buyer opportunity gate: no buyer-intent signal found (labor, expansion, capex, RFP, deployment, or operations hiring)",COLD,0.0,Healthcare,3,news
3378,Stock Decline Contrasts,buyer_opportunity_gate,"buyer opportunity gate: no buyer-intent signal found (labor, expansion, capex, RFP, deployment, or operations hiring)",COLD,0.0,Unknown,1,ma_activity
3382,Oman Tourism Travel Booms Vision,buyer_opportunity_gate,"buyer opportunity gate: no buyer-intent signal found (labor, expansion, capex, RFP, deployment, or operations hiring)",COLD,0.0,Healthcare,1,news
3384,Coding Machines,buyer_opportunity_gate,"buyer opportunity gate: no buyer-intent signal found (labor, expansion, capex, RFP, deployment, or operations hiring)",COLD,0.0,Automotive & Manufacturing,1,news
3388,Farming Your Food,buyer_opportunity_gate,"buyer opportunity gate: no buyer-intent signal found (labor, expansion, capex, RFP, deployment, or operations hiring)",COLD,0.0,Unknown,1,automation_interest
3391,Beyond Cost Savings,buyer_opportunity_gate,"buyer opportunity gate: no buyer-intent signal found (labor, expansion, capex, RFP, deployment, or operations hiring)",COLD,0.0,Logistics,1,automation_interest
3403,Tricky Ethics,buyer_opportunity_gate,"buyer opportunity gate: no buyer-intent signal found (labor, expansion, capex, RFP, deployment, or operations hiring)",COLD,0.0,Unknown,1,automation_interest
3404,Sysmex America,buyer_opportunity_gate,"buyer opportunity gate: no buyer-intent signal found (labor, expansion, capex, RFP, deployment, or operations hiring)",COLD,0.0,Medical Technology,1,news
3405,Top Three Robotics Stocks,buyer_opportunity_gate,"buyer opportunity gate: no buyer-intent signal found (labor, expansion, capex, RFP, deployment, or operations hiring)",COLD,0.0,Unknown,3,automation_interest
3406,SLAS2026 - SelectScience,buyer_opportunity_gate,"buyer opportunity gate: no buyer-intent signal found (labor, expansion, capex, RFP, deployment, or operations hiring)",COLD,0.0,Unknown,2,strategic_hire
3416,Valley Hospital,buyer_opportunity_gate,"buyer opportunity gate: no buyer-intent signal found (labor, expansion, capex, RFP, deployment, or operations hiring)",COLD,0.0,Medical Technology,1,ma_activity
3417,Ford CEO Jim Farley,buyer_opportunity_gate,"buyer opportunity gate: no buyer-intent signal found (labor, expansion, capex, RFP, deployment, or operations hiring)",COLD,0.0,Unknown,1,news
3418,MBT Director,buyer_opportunity_gate,"buyer opportunity gate: no buyer-intent signal found (labor, expansion, capex, RFP, deployment, or operations hiring)",COLD,0.0,Automotive & Manufacturing,1,strategic_hire
3419,Tesco Leon,buyer_opportunity_gate,"buyer opportunity gate: no buyer-intent signal found (labor, expansion, capex, RFP, deployment, or operations hiring)",COLD,0.0,Retail,1,strategic_hire
3420,Future We Make,buyer_opportunity_gate,"buyer opportunity gate: no buyer-intent signal found (labor, expansion, capex, RFP, deployment, or operations hiring)",COLD,0.0,Hospitality,2,news
3425,Health Lean Analytics,buyer_opportunity_gate,"buyer opportunity gate: no buyer-intent signal found (labor, expansion, capex, RFP, deployment, or operations hiring)",COLD,0.0,Medical Technology,4,"automation_interest,expansion,news"
3426,Operating Room Equipment,buyer_opportunity_gate,"buyer opportunity gate: no buyer-intent signal found (labor, expansion, capex, RFP, deployment, or operations hiring)",COLD,0.0,Unknown,3,news
3430,Breezy One,buyer_opportunity_gate,"buyer opportunity gate: no buyer-intent signal found (labor, expansion, capex, RFP, deployment, or operations hiring)",COLD,0.0,Airports & Aviation,1,automation_interest
3431,Hong Kong Airport,buyer_opportunity_gate,"buyer opportunity gate: no buyer-intent signal found (labor, expansion, capex, RFP, deployment, or operations hiring)",COLD,0.0,Airports & Aviation,1,expansion
3435,Nvidia AI,buyer_opportunity_gate,"buyer opportunity gate: no buyer-intent signal found (labor, expansion, capex, RFP, deployment, or operations hiring)",COLD,0.0,Medical Technology,3,automation_interest
3438,Surgical Site Infections Don,buyer_opportunity_gate,"buyer opportunity gate: no buyer-intent signal found (labor, expansion, capex, RFP, deployment, or operations hiring)",COLD,0.0,Medical Technology,2,news
3439,Source Logistics Selects IFS Softeon,buyer_opportunity_gate,"buyer opportunity gate: no buyer-intent signal found (labor, expansion, capex, RFP, deployment, or operations hiring)",COLD,0.0,Logistics,2,automation_interest
3442,Spatial AI,buyer_opportunity_gate,"buyer opportunity gate: no buyer-intent signal found (labor, expansion, capex, RFP, deployment, or operations hiring)",COLD,0.0,Retail,1,expansion
3443,First Look GXO Logistics Inc.,buyer_opportunity_gate,"buyer opportunity gate: no buyer-intent signal found (labor, expansion, capex, RFP, deployment, or operations hiring)",COLD,0.0,Logistics,1,news
3444,Hospitality Advantages,buyer_opportunity_gate,"buyer opportunity gate: no buyer-intent signal found (labor, expansion, capex, RFP, deployment, or operations hiring)",COLD,0.0,Healthcare,2,news
3449,India ITME,buyer_opportunity_gate,"buyer opportunity gate: no buyer-intent signal found (labor, expansion, capex, RFP, deployment, or operations hiring)",COLD,0.0,Apparel & Textiles,2,"expansion,news"
3451,Kroger Admits,buyer_opportunity_gate,"buyer opportunity gate: no buyer-intent signal found (labor, expansion, capex, RFP, deployment, or operations hiring)",COLD,0.0,Logistics,1,expansion
3453,Heavy Duty Robot Vacuum,buyer_opportunity_gate,"buyer opportunity gate: no buyer-intent signal found (labor, expansion, capex, RFP, deployment, or operations hiring)",COLD,0.0,Unknown,1,automation_interest
3456,Qventus,buyer_opportunity_gate,"buyer opportunity gate: seller/vendor or publisher story, not a buyer opportunity",COLD,0.0,Healthcare,4,"expansion,funding_round,strategic_hire"
3459,Test Proxies,buyer_opportunity_gate,"buyer opportunity gate: no buyer-intent signal found (labor, expansion, capex, RFP, deployment, or operations hiring)",COLD,0.0,Unknown,1,news
3462,Immigration Crackdown Hits Senior Care,buyer_opportunity_gate,"buyer opportunity gate: no buyer-intent signal found (labor, expansion, capex, RFP, deployment, or operations hiring)",COLD,0.0,Media & Publishing,2,news
3469,Defense Logistics,buyer_opportunity_gate,"buyer opportunity gate: seller/vendor or publisher story, not a buyer opportunity",COLD,0.0,Logistics,2,expansion
3471,Humanoids Making Waves,buyer_opportunity_gate,"buyer opportunity gate: no buyer-intent signal found (labor, expansion, capex, RFP, deployment, or operations hiring)",COLD,0.0,Unknown,1,strategic_hire
3473,Mayer Brown,buyer_opportunity_gate,"buyer opportunity gate: no buyer-intent signal found (labor, expansion, capex, RFP, deployment, or operations hiring)",COLD,0.0,Unknown,1,ma_activity
3475,One Equity,buyer_opportunity_gate,"buyer opportunity gate: no buyer-intent signal found (labor, expansion, capex, RFP, deployment, or operations hiring)",COLD,0.0,Unknown,1,ma_activity
3478,Savage Symbio,buyer_opportunity_gate,"buyer opportunity gate: no buyer-intent signal found (labor, expansion, capex, RFP, deployment, or operations hiring)",COLD,0.0,Unknown,1,expansion
3479,Terawatt EV Charging Hub,buyer_opportunity_gate,"buyer opportunity gate: no buyer-intent signal found (labor, expansion, capex, RFP, deployment, or operations hiring)",COLD,0.0,Automotive & Manufacturing,2,news
3482,Northrop Grumman,buyer_opportunity_gate,"buyer opportunity gate: no buyer-intent signal found (labor, expansion, capex, RFP, deployment, or operations hiring)",COLD,0.0,Unknown,1,funding_round
3484,Cambrex Advances US,buyer_opportunity_gate,"buyer opportunity gate: no buyer-intent signal found (labor, expansion, capex, RFP, deployment, or operations hiring)",COLD,0.0,Unknown,1,expansion
3488,Restaurants Benefits Use Cases,buyer_opportunity_gate,"buyer opportunity gate: no buyer-intent signal found (labor, expansion, capex, RFP, deployment, or operations hiring)",COLD,0.0,Food Service,1,news
3489,Study One-third,buyer_opportunity_gate,"buyer opportunity gate: no buyer-intent signal found (labor, expansion, capex, RFP, deployment, or operations hiring)",COLD,0.0,Food Service,2,automation_interest
3490,Starbucks,buyer_opportunity_gate,"buyer opportunity gate: no buyer-intent signal found (labor, expansion, capex, RFP, deployment, or operations hiring)",COLD,0.0,Retail,2,"automation_interest,news"
3493,Major senior living community,buyer_opportunity_gate,"buyer opportunity gate: no buyer-intent signal found (labor, expansion, capex, RFP, deployment, or operations hiring)",COLD,0.0,Healthcare,3,news
3494,Minto USA,buyer_opportunity_gate,"buyer opportunity gate: no buyer-intent signal found (labor, expansion, capex, RFP, deployment, or operations hiring)",COLD,0.0,Unknown,2,news
3496,Rapid Micro Biosystems,buyer_opportunity_gate,"buyer opportunity gate: no buyer-intent signal found (labor, expansion, capex, RFP, deployment, or operations hiring)",COLD,0.0,Unknown,2,"news,strategic_hire"
3509,Lufthansa Cargo Newsticker March,buyer_opportunity_gate,"buyer opportunity gate: no buyer-intent signal found (labor, expansion, capex, RFP, deployment, or operations hiring)",COLD,0.0,Unknown,1,news
3510,ServiceNow AI,buyer_opportunity_gate,"buyer opportunity gate: no buyer-intent signal found (labor, expansion, capex, RFP, deployment, or operations hiring)",COLD,0.0,Unknown,1,automation_interest
3514,Restaurant - wowo,buyer_opportunity_gate,"buyer opportunity gate: no buyer-intent signal found (labor, expansion, capex, RFP, deployment, or operations hiring)",COLD,0.0,Food Service,1,strategic_hire
3515,GMEX Robotics GMEX Stock Jumps,buyer_opportunity_gate,"buyer opportunity gate: no buyer-intent signal found (labor, expansion, capex, RFP, deployment, or operations hiring)",COLD,0.0,Food Service,4,automation_interest
3525,Loyola Marymount - FoodService Director,buyer_opportunity_gate,"buyer opportunity gate: no buyer-intent signal found (labor, expansion, capex, RFP, deployment, or operations hiring)",COLD,0.0,Logistics,1,automation_interest
3528,Limit ICE,buyer_opportunity_gate,"buyer opportunity gate: no buyer-intent signal found (labor, expansion, capex, RFP, deployment, or operations hiring)",COLD,0.0,Food Service,1,news
3529,University of Houston Hilton College restaurant,buyer_opportunity_gate,"buyer opportunity gate: no buyer-intent signal found (labor, expansion, capex, RFP, deployment, or operations hiring)",COLD,0.0,Food Service,1,automation_interest
3530,FITUR TechY,buyer_opportunity_gate,"buyer opportunity gate: no buyer-intent signal found (labor, expansion, capex, RFP, deployment, or operations hiring)",COLD,0.0,Unknown,1,automation_interest
3532,Human Jobs,buyer_opportunity_gate,"buyer opportunity gate: no buyer-intent signal found (labor, expansion, capex, RFP, deployment, or operations hiring)",COLD,0.0,Unknown,3,automation_interest
3534,F&B Leaders,buyer_opportunity_gate,"buyer opportunity gate: no buyer-intent signal found (labor, expansion, capex, RFP, deployment, or operations hiring)",COLD,0.0,Unknown,2,news
3535,SLAS2026 - Select Science,buyer_opportunity_gate,"buyer opportunity gate: no buyer-intent signal found (labor, expansion, capex, RFP, deployment, or operations hiring)",COLD,0.0,Unknown,1,strategic_hire
3536,Lab Instrument Management Digital Summit,buyer_opportunity_gate,"buyer opportunity gate: seller/vendor or publisher story, not a buyer opportunity",COLD,0.0,Unknown,1,news
3539,Home Farm,buyer_opportunity_gate,"buyer opportunity gate: no buyer-intent signal found (labor, expansion, capex, RFP, deployment, or operations hiring)",COLD,0.0,Food Processing & Manufacturing,1,strategic_hire
3541,Healthcare Business Ideas,buyer_opportunity_gate,"buyer opportunity gate: no buyer-intent signal found (labor, expansion, capex, RFP, deployment, or operations hiring)",COLD,0.0,Healthcare,1,news
3542,Influenza Diagnostics,buyer_opportunity_gate,"buyer opportunity gate: no buyer-intent signal found (labor, expansion, capex, RFP, deployment, or operations hiring)",COLD,0.0,Unknown,1,news
3545,NRA 2023 - Robotics Tomorrow,buyer_opportunity_gate,"buyer opportunity gate: no buyer-intent signal found (labor, expansion, capex, RFP, deployment, or operations hiring)",COLD,0.0,Food Service,1,expansion
3547,Tritax Big Box REIT plc stock,buyer_opportunity_gate,"buyer opportunity gate: no buyer-intent signal found (labor, expansion, capex, RFP, deployment, or operations hiring)",COLD,0.0,Logistics,5,"automation_interest,news"
3548,World Haptoglobin Reagent,buyer_opportunity_gate,"buyer opportunity gate: no buyer-intent signal found (labor, expansion, capex, RFP, deployment, or operations hiring)",COLD,0.0,Unknown,1,news
3549,Saudi Arabia Laboratories,buyer_opportunity_gate,"buyer opportunity gate: no buyer-intent signal found (labor, expansion, capex, RFP, deployment, or operations hiring)",COLD,0.0,Unknown,1,news
3550,Nucleic Acid Isolation,buyer_opportunity_gate,"buyer opportunity gate: no buyer-intent signal found (labor, expansion, capex, RFP, deployment, or operations hiring)",COLD,0.0,Healthcare,1,automation_interest
3551,Molecular Biosensors,buyer_opportunity_gate,"buyer opportunity gate: no buyer-intent signal found (labor, expansion, capex, RFP, deployment, or operations hiring)",COLD,0.0,Unknown,1,expansion
3552,Wolters Kluwer Health,buyer_opportunity_gate,"buyer opportunity gate: no buyer-intent signal found (labor, expansion, capex, RFP, deployment, or operations hiring)",COLD,0.0,Healthcare,1,news
3553,Retail Clinics,buyer_opportunity_gate,"buyer opportunity gate: no buyer-intent signal found (labor, expansion, capex, RFP, deployment, or operations hiring)",COLD,0.0,Healthcare,1,news
3559,Tesla Humanoid Robot Production Mass,buyer_opportunity_gate,"buyer opportunity gate: no buyer-intent signal found (labor, expansion, capex, RFP, deployment, or operations hiring)",COLD,0.0,Automotive & Manufacturing,1,automation_interest
3563,Belimo Holding AG,buyer_opportunity_gate,"buyer opportunity gate: no buyer-intent signal found (labor, expansion, capex, RFP, deployment, or operations hiring)",COLD,0.0,Datacenters,3,news
3572,Beyond Regulation Four AI,buyer_opportunity_gate,"buyer opportunity gate: no buyer-intent signal found (labor, expansion, capex, RFP, deployment, or operations hiring)",COLD,0.0,Unknown,1,automation_interest
3576,Busan - Container Management,buyer_opportunity_gate,"buyer opportunity gate: no buyer-intent signal found (labor, expansion, capex, RFP, deployment, or operations hiring)",COLD,0.0,Airports & Aviation,1,ma_activity
3579,Stealth AXiS,buyer_opportunity_gate,"buyer opportunity gate: no buyer-intent signal found (labor, expansion, capex, RFP, deployment, or operations hiring)",COLD,0.0,Medical Technology,2,automation_interest
3581,Universal Studios UK,buyer_opportunity_gate,"buyer opportunity gate: no buyer-intent signal found (labor, expansion, capex, RFP, deployment, or operations hiring)",COLD,0.0,Theme Parks & Entertainment,2,news
3590,Top Healthcare Investors,buyer_opportunity_gate,"buyer opportunity gate: no buyer-intent signal found (labor, expansion, capex, RFP, deployment, or operations hiring)",COLD,0.0,Healthcare,2,news
3592,Life Sciences,buyer_opportunity_gate,"buyer opportunity gate: no buyer-intent signal found (labor, expansion, capex, RFP, deployment, or operations hiring)",COLD,0.0,Unknown,2,news
3595,McDonald's Trials,buyer_opportunity_gate,"buyer opportunity gate: no buyer-intent signal found (labor, expansion, capex, RFP, deployment, or operations hiring)",COLD,0.0,Unknown,2,automation_interest
3603,Clean Commercial and SoftBank Robotics America,buyer_opportunity_gate,"buyer opportunity gate: seller/vendor or publisher story, not a buyer opportunity",COLD,0.0,Unknown,1,automation_interest
3605,Profitable Healthcare Business Ideas You,buyer_opportunity_gate,"buyer opportunity gate: no buyer-intent signal found (labor, expansion, capex, RFP, deployment, or operations hiring)",COLD,0.0,Healthcare,2,news
3606,Fierce Healthcare Fundraising Tracker,buyer_opportunity_gate,"buyer opportunity gate: seller/vendor or publisher story, not a buyer opportunity",COLD,0.0,Healthcare,2,funding_round
3609,Lotus Health AI,buyer_opportunity_gate,"buyer opportunity gate: seller/vendor or publisher story, not a buyer opportunity",COLD,0.0,Unknown,2,news
3610,World Cereal Rolling Machine,buyer_opportunity_gate,"buyer opportunity gate: no buyer-intent signal found (labor, expansion, capex, RFP, deployment, or operations hiring)",COLD,0.0,Unknown,1,news
3612,VRT Which Data Center Infrastructure,buyer_opportunity_gate,"buyer opportunity gate: no buyer-intent signal found (labor, expansion, capex, RFP, deployment, or operations hiring)",COLD,0.0,Datacenters,2,news
3613,Immigration Crackdown Linked,buyer_opportunity_gate,"buyer opportunity gate: no buyer-intent signal found (labor, expansion, capex, RFP, deployment, or operations hiring)",COLD,0.0,Healthcare,3,automation_interest
3616,World Nucleic Acid Methylation,buyer_opportunity_gate,"buyer opportunity gate: no buyer-intent signal found (labor, expansion, capex, RFP, deployment, or operations hiring)",COLD,0.0,Unknown,1,news
3617,World Health Organization WHO,buyer_opportunity_gate,"buyer opportunity gate: no buyer-intent signal found (labor, expansion, capex, RFP, deployment, or operations hiring)",COLD,0.0,Unknown,1,news
3620,Surgical Center CIO,buyer_opportunity_gate,"buyer opportunity gate: no buyer-intent signal found (labor, expansion, capex, RFP, deployment, or operations hiring)",COLD,0.0,Medical Technology,1,news
3624,Brisbane Skytower - Hotel Technology News,publication_or_news,junk pattern: (?i)\s+-\s+hotel\s+technology\s+news\s*$,COLD,0.0,Hospitality,1,expansion
3625,Red Hawk,buyer_opportunity_gate,"buyer opportunity gate: no buyer-intent signal found (labor, expansion, capex, RFP, deployment, or operations hiring)",COLD,0.0,Hospitality,2,news
3628,UiPath Fusion,buyer_opportunity_gate,"buyer opportunity gate: no buyer-intent signal found (labor, expansion, capex, RFP, deployment, or operations hiring)",COLD,0.0,Unknown,3,automation_interest
3629,Morrison,buyer_opportunity_gate,"buyer opportunity gate: no buyer-intent signal found (labor, expansion, capex, RFP, deployment, or operations hiring)",COLD,0.0,Medical Technology,1,expansion
3632,FV Hospital - FV Hospital,buyer_opportunity_gate,"buyer opportunity gate: no buyer-intent signal found (labor, expansion, capex, RFP, deployment, or operations hiring)",COLD,0.0,Healthcare,1,automation_interest
3637,Digital Twins,buyer_opportunity_gate,"buyer opportunity gate: no buyer-intent signal found (labor, expansion, capex, RFP, deployment, or operations hiring)",COLD,0.0,Automotive & Manufacturing,1,automation_interest
3638,STT GDC,buyer_opportunity_gate,"buyer opportunity gate: no buyer-intent signal found (labor, expansion, capex, RFP, deployment, or operations hiring)",COLD,0.0,Datacenters,1,expansion
3642,Showcase Unified Booking,buyer_opportunity_gate,"buyer opportunity gate: no buyer-intent signal found (labor, expansion, capex, RFP, deployment, or operations hiring)",COLD,0.0,Healthcare,1,news
3649,China Makes,buyer_opportunity_gate,"buyer opportunity gate: no buyer-intent signal found (labor, expansion, capex, RFP, deployment, or operations hiring)",COLD,0.0,Unknown,3,strategic_hire
3650,Nvidia CEO Jensen Huang Loves,buyer_opportunity_gate,"buyer opportunity gate: no buyer-intent signal found (labor, expansion, capex, RFP, deployment, or operations hiring)",COLD,0.0,Unknown,1,news
3651,Reason Google,buyer_opportunity_gate,"buyer opportunity gate: no buyer-intent signal found (labor, expansion, capex, RFP, deployment, or operations hiring)",COLD,0.0,Unknown,1,automation_interest
3652,Singapore Joins Japan South Korea,buyer_opportunity_gate,"buyer opportunity gate: no buyer-intent signal found (labor, expansion, capex, RFP, deployment, or operations hiring)",COLD,0.0,Airports & Aviation,3,news
3654,Europe IVD,buyer_opportunity_gate,"buyer opportunity gate: no buyer-intent signal found (labor, expansion, capex, RFP, deployment, or operations hiring)",COLD,0.0,Unknown,1,news
3655,Hawaiian Bros,buyer_opportunity_gate,"buyer opportunity gate: no buyer-intent signal found (labor, expansion, capex, RFP, deployment, or operations hiring)",COLD,0.0,Unknown,3,automation_interest
3659,Salesforce Deepens Its Footprint,buyer_opportunity_gate,"buyer opportunity gate: no buyer-intent signal found (labor, expansion, capex, RFP, deployment, or operations hiring)",COLD,0.0,Unknown,1,news
3662,Manatee Memorial Hospital,buyer_opportunity_gate,"buyer opportunity gate: no buyer-intent signal found (labor, expansion, capex, RFP, deployment, or operations hiring)",COLD,0.0,Medical Technology,1,expansion
3663,Philippines Upper-Middle Income Economic Milestone,buyer_opportunity_gate,"buyer opportunity gate: no buyer-intent signal found (labor, expansion, capex, RFP, deployment, or operations hiring)",COLD,0.0,Unknown,1,news
3665,College Merch,buyer_opportunity_gate,"buyer opportunity gate: no buyer-intent signal found (labor, expansion, capex, RFP, deployment, or operations hiring)",COLD,0.0,Logistics,1,expansion
3669,Compass Group PLC stock,buyer_opportunity_gate,"buyer opportunity gate: no buyer-intent signal found (labor, expansion, capex, RFP, deployment, or operations hiring)",COLD,0.0,Unknown,1,news
3673,Dubai Becomes Global Food Trade,buyer_opportunity_gate,"buyer opportunity gate: no buyer-intent signal found (labor, expansion, capex, RFP, deployment, or operations hiring)",COLD,0.0,Hospitality,1,expansion
3675,C.H,buyer_opportunity_gate,"buyer opportunity gate: no buyer-intent signal found (labor, expansion, capex, RFP, deployment, or operations hiring)",COLD,0.0,Logistics,3,expansion
3676,Just Eat,buyer_opportunity_gate,"buyer opportunity gate: no buyer-intent signal found (labor, expansion, capex, RFP, deployment, or operations hiring)",COLD,0.0,Retail,3,automation_interest
3678,Warehousing Smarter Space Design,buyer_opportunity_gate,"buyer opportunity gate: no buyer-intent signal found (labor, expansion, capex, RFP, deployment, or operations hiring)",COLD,0.0,Unknown,1,expansion
3683,Taylor Farms,buyer_opportunity_gate,"buyer opportunity gate: no buyer-intent signal found (labor, expansion, capex, RFP, deployment, or operations hiring)",COLD,0.0,Unknown,1,automation_interest
3687,Retail Use Cases,buyer_opportunity_gate,"buyer opportunity gate: no buyer-intent signal found (labor, expansion, capex, RFP, deployment, or operations hiring)",COLD,0.0,Retail,3,"expansion,news"
3688,Data Center Rack,buyer_opportunity_gate,"buyer opportunity gate: seller/vendor or publisher story, not a buyer opportunity",COLD,0.0,Datacenters,2,expansion
3689,Surrey Memorial Hospital - Maple Ridge News,buyer_opportunity_gate,"buyer opportunity gate: no buyer-intent signal found (labor, expansion, capex, RFP, deployment, or operations hiring)",COLD,0.0,Medical Technology,1,automation_interest
3700,PTE World,buyer_opportunity_gate,"buyer opportunity gate: no buyer-intent signal found (labor, expansion, capex, RFP, deployment, or operations hiring)",COLD,0.0,Airports & Aviation,1,news
3705,Enmore Road,buyer_opportunity_gate,"buyer opportunity gate: no buyer-intent signal found (labor, expansion, capex, RFP, deployment, or operations hiring)",COLD,0.0,Unknown,1,news
3706,Seegene,buyer_opportunity_gate,"buyer opportunity gate: no buyer-intent signal found (labor, expansion, capex, RFP, deployment, or operations hiring)",COLD,0.0,Medical Technology,5,"expansion,news,strategic_hire"
3707,Healius Ltd stock,buyer_opportunity_gate,"buyer opportunity gate: no buyer-intent signal found (labor, expansion, capex, RFP, deployment, or operations hiring)",COLD,0.0,Healthcare,1,news
3708,FBG - Stock Titan,buyer_opportunity_gate,"buyer opportunity gate: no buyer-intent signal found (labor, expansion, capex, RFP, deployment, or operations hiring)",COLD,0.0,Food Service,1,strategic_hire
3712,FOODStuff SA.,buyer_opportunity_gate,"buyer opportunity gate: no buyer-intent signal found (labor, expansion, capex, RFP, deployment, or operations hiring)",COLD,0.0,Unknown,1,news
3717,Tourism Global Medical AI,buyer_opportunity_gate,"buyer opportunity gate: no buyer-intent signal found (labor, expansion, capex, RFP, deployment, or operations hiring)",COLD,0.0,Medical Technology,1,automation_interest
3721,Petitti Family Farms,buyer_opportunity_gate,"buyer opportunity gate: no buyer-intent signal found (labor, expansion, capex, RFP, deployment, or operations hiring)",COLD,0.0,Unknown,2,strategic_hire
3722,Siemens SIMATIC S7-1200 PLC Compact,buyer_opportunity_gate,"buyer opportunity gate: no buyer-intent signal found (labor, expansion, capex, RFP, deployment, or operations hiring)",COLD,0.0,Automotive & Manufacturing,1,strategic_hire
3724,Home Care,buyer_opportunity_gate,"buyer opportunity gate: no buyer-intent signal found (labor, expansion, capex, RFP, deployment, or operations hiring)",COLD,0.0,Healthcare,3,news
3725,Indian Army,buyer_opportunity_gate,"buyer opportunity gate: no buyer-intent signal found (labor, expansion, capex, RFP, deployment, or operations hiring)",COLD,0.0,Unknown,2,expansion
3726,Bitcoin Treasury,buyer_opportunity_gate,"buyer opportunity gate: seller/vendor or publisher story, not a buyer opportunity",COLD,0.0,Datacenters,1,expansion
3734,World Fusing Machine,buyer_opportunity_gate,"buyer opportunity gate: no buyer-intent signal found (labor, expansion, capex, RFP, deployment, or operations hiring)",COLD,0.0,Unknown,2,news
3737,Risk - Pharmaceutical Executive,buyer_opportunity_gate,"buyer opportunity gate: no buyer-intent signal found (labor, expansion, capex, RFP, deployment, or operations hiring)",COLD,0.0,Unknown,1,news
3741,Yokogawa Electric Corp stock,buyer_opportunity_gate,"buyer opportunity gate: no buyer-intent signal found (labor, expansion, capex, RFP, deployment, or operations hiring)",COLD,0.0,Automotive & Manufacturing,2,automation_interest
3742,Retail Cashier Training Checklist,buyer_opportunity_gate,"buyer opportunity gate: no buyer-intent signal found (labor, expansion, capex, RFP, deployment, or operations hiring)",COLD,0.0,Retail,3,news
3745,JYL-Tech,buyer_opportunity_gate,"buyer opportunity gate: no buyer-intent signal found (labor, expansion, capex, RFP, deployment, or operations hiring)",COLD,0.0,Laundry & Linen Services,1,news
3746,UK Fashion,buyer_opportunity_gate,"buyer opportunity gate: no buyer-intent signal found (labor, expansion, capex, RFP, deployment, or operations hiring)",COLD,0.0,Apparel & Textiles,1,news
3752,PitchBook AI,buyer_opportunity_gate,"buyer opportunity gate: no buyer-intent signal found (labor, expansion, capex, RFP, deployment, or operations hiring)",COLD,0.0,Media & Publishing,2,news
3753,Expectations,buyer_opportunity_gate,"buyer opportunity gate: seller/vendor or publisher story, not a buyer opportunity",COLD,0.0,Media & Publishing,4,automation_interest
3756,West Michigan robotics company,buyer_opportunity_gate,"buyer opportunity gate: seller/vendor or publisher story, not a buyer opportunity",COLD,0.0,Unknown,1,strategic_hire
3765,Prioritizing Human-Machine Collaboration,buyer_opportunity_gate,"buyer opportunity gate: no buyer-intent signal found (labor, expansion, capex, RFP, deployment, or operations hiring)",COLD,0.0,Logistics,1,automation_interest
3769,KLAS Awards,buyer_opportunity_gate,"buyer opportunity gate: no buyer-intent signal found (labor, expansion, capex, RFP, deployment, or operations hiring)",COLD,0.0,Hospitality,2,news
3770,Human Work China,buyer_opportunity_gate,"buyer opportunity gate: no buyer-intent signal found (labor, expansion, capex, RFP, deployment, or operations hiring)",COLD,0.0,Automotive & Manufacturing,1,automation_interest
3771,Niantic Spatial Uses,buyer_opportunity_gate,"buyer opportunity gate: no buyer-intent signal found (labor, expansion, capex, RFP, deployment, or operations hiring)",COLD,0.0,Logistics,1,automation_interest
3773,LAX Metro Transit Center Station,buyer_opportunity_gate,"buyer opportunity gate: no buyer-intent signal found (labor, expansion, capex, RFP, deployment, or operations hiring)",COLD,0.0,Airports & Aviation,1,news
3779,Metal Fabrication,buyer_opportunity_gate,"buyer opportunity gate: no buyer-intent signal found (labor, expansion, capex, RFP, deployment, or operations hiring)",COLD,0.0,Automotive & Manufacturing,2,automation_interest
3781,Novo Nordisk Stock NVO Under,buyer_opportunity_gate,"buyer opportunity gate: no buyer-intent signal found (labor, expansion, capex, RFP, deployment, or operations hiring)",COLD,0.0,Contract Manufacturing,1,news
3782,Breast Cancer Grading Tools,buyer_opportunity_gate,"buyer opportunity gate: no buyer-intent signal found (labor, expansion, capex, RFP, deployment, or operations hiring)",COLD,0.0,Medical Technology,2,expansion
3785,CTA bus shelters - ABC7 Chicago,buyer_opportunity_gate,"buyer opportunity gate: no buyer-intent signal found (labor, expansion, capex, RFP, deployment, or operations hiring)",COLD,0.0,Logistics,1,automation_interest
3792,Worst Jobs,buyer_opportunity_gate,"buyer opportunity gate: no buyer-intent signal found (labor, expansion, capex, RFP, deployment, or operations hiring)",COLD,0.0,Media & Publishing,2,automation_interest
3806,Deutsche Beteiligungs AG,buyer_opportunity_gate,"buyer opportunity gate: no buyer-intent signal found (labor, expansion, capex, RFP, deployment, or operations hiring)",COLD,0.0,Contract Manufacturing,1,expansion
3812,INTERVIEW Navifra,buyer_opportunity_gate,"buyer opportunity gate: no buyer-intent signal found (labor, expansion, capex, RFP, deployment, or operations hiring)",COLD,0.0,Media & Publishing,3,automation_interest
3813,Sofidel,buyer_opportunity_gate,"buyer opportunity gate: no buyer-intent signal found (labor, expansion, capex, RFP, deployment, or operations hiring)",COLD,0.0,Unknown,2,news
3818,Ecommerce Business Ideas,buyer_opportunity_gate,"buyer opportunity gate: no buyer-intent signal found (labor, expansion, capex, RFP, deployment, or operations hiring)",COLD,0.0,CPG & Consumer Goods,6,"expansion,news"
3826,High-Throughput Screening Platforms,buyer_opportunity_gate,"buyer opportunity gate: no buyer-intent signal found (labor, expansion, capex, RFP, deployment, or operations hiring)",COLD,0.0,Unknown,1,automation_interest
3827,Ninoy Aquino,buyer_opportunity_gate,"buyer opportunity gate: no buyer-intent signal found (labor, expansion, capex, RFP, deployment, or operations hiring)",COLD,0.0,Airports & Aviation,3,expansion
3828,Business Case,buyer_opportunity_gate,"buyer opportunity gate: no buyer-intent signal found (labor, expansion, capex, RFP, deployment, or operations hiring)",COLD,0.0,Airports & Aviation,1,news
3829,New self-service e-gates,buyer_opportunity_gate,"buyer opportunity gate: no buyer-intent signal found (labor, expansion, capex, RFP, deployment, or operations hiring)",COLD,0.0,Airports & Aviation,2,news
3831,Macau International Airport,buyer_opportunity_gate,"buyer opportunity gate: no buyer-intent signal found (labor, expansion, capex, RFP, deployment, or operations hiring)",COLD,0.0,Airports & Aviation,1,news
3833,Host Airport Show,buyer_opportunity_gate,"buyer opportunity gate: no buyer-intent signal found (labor, expansion, capex, RFP, deployment, or operations hiring)",COLD,0.0,Airports & Aviation,1,news
3837,New California,buyer_opportunity_gate,"buyer opportunity gate: no buyer-intent signal found (labor, expansion, capex, RFP, deployment, or operations hiring)",COLD,0.0,Unknown,2,news
3838,New Challenges Emerge,buyer_opportunity_gate,"buyer opportunity gate: no buyer-intent signal found (labor, expansion, capex, RFP, deployment, or operations hiring)",COLD,0.0,Unknown,2,news
3848,Jabil JBL Q2,buyer_opportunity_gate,"buyer opportunity gate: no buyer-intent signal found (labor, expansion, capex, RFP, deployment, or operations hiring)",COLD,0.0,Unknown,1,news
3849,Top Cloud Executives,buyer_opportunity_gate,"buyer opportunity gate: no buyer-intent signal found (labor, expansion, capex, RFP, deployment, or operations hiring)",COLD,0.0,Unknown,2,news
3851,Fortress Technology,buyer_opportunity_gate,"buyer opportunity gate: no buyer-intent signal found (labor, expansion, capex, RFP, deployment, or operations hiring)",COLD,0.0,Food Processing & Manufacturing,2,strategic_hire
3854,Da Nang,buyer_opportunity_gate,"buyer opportunity gate: no buyer-intent signal found (labor, expansion, capex, RFP, deployment, or operations hiring)",COLD,0.0,Airports & Aviation,1,expansion
3861,New Paltz,buyer_opportunity_gate,"buyer opportunity gate: no buyer-intent signal found (labor, expansion, capex, RFP, deployment, or operations hiring)",COLD,0.0,Healthcare,2,news
3866,MedPal AI,buyer_opportunity_gate,"buyer opportunity gate: no buyer-intent signal found (labor, expansion, capex, RFP, deployment, or operations hiring)",COLD,0.0,Medical Technology,3,automation_interest
3867,Oxford Spinout Stateful Robotics,buyer_opportunity_gate,"buyer opportunity gate: seller/vendor or publisher story, not a buyer opportunity",COLD,0.0,Unknown,2,automation_interest
3869,LigoLab Recaps LigoVerse,buyer_opportunity_gate,"buyer opportunity gate: no buyer-intent signal found (labor, expansion, capex, RFP, deployment, or operations hiring)",COLD,0.0,Medical Technology,4,"automation_interest,news"
3871,HCA Florida,buyer_opportunity_gate,"buyer opportunity gate: no buyer-intent signal found (labor, expansion, capex, RFP, deployment, or operations hiring)",COLD,0.0,Unknown,1,news
3875,Medical Travel Goes High-Tech AI,buyer_opportunity_gate,"buyer opportunity gate: no buyer-intent signal found (labor, expansion, capex, RFP, deployment, or operations hiring)",COLD,0.0,Healthcare,1,news
3877,New MA Traffic Laws,buyer_opportunity_gate,"buyer opportunity gate: no buyer-intent signal found (labor, expansion, capex, RFP, deployment, or operations hiring)",COLD,0.0,Unknown,3,news
3881,Make Dulles Great Again Airport,buyer_opportunity_gate,"buyer opportunity gate: no buyer-intent signal found (labor, expansion, capex, RFP, deployment, or operations hiring)",COLD,0.0,Airports & Aviation,1,news
3883,Healthcare Isn,buyer_opportunity_gate,"buyer opportunity gate: no buyer-intent signal found (labor, expansion, capex, RFP, deployment, or operations hiring)",COLD,0.0,Healthcare,3,news
3885,Inside Walmart,buyer_opportunity_gate,"buyer opportunity gate: no buyer-intent signal found (labor, expansion, capex, RFP, deployment, or operations hiring)",COLD,0.0,Retail,2,news
3888,Saudi Arabia Forklift,buyer_opportunity_gate,"buyer opportunity gate: no buyer-intent signal found (labor, expansion, capex, RFP, deployment, or operations hiring)",COLD,0.0,Logistics,1,automation_interest
3891,Chicago Midway,buyer_opportunity_gate,"buyer opportunity gate: no buyer-intent signal found (labor, expansion, capex, RFP, deployment, or operations hiring)",COLD,0.0,Airports & Aviation,1,news
3893,New South Korea Factory,buyer_opportunity_gate,"buyer opportunity gate: no buyer-intent signal found (labor, expansion, capex, RFP, deployment, or operations hiring)",COLD,0.0,Automotive & Manufacturing,3,news
3896,RFID Technology,buyer_opportunity_gate,"buyer opportunity gate: no buyer-intent signal found (labor, expansion, capex, RFP, deployment, or operations hiring)",COLD,0.0,Retail,4,news
3898,Best Buy,buyer_opportunity_gate,"buyer opportunity gate: no buyer-intent signal found (labor, expansion, capex, RFP, deployment, or operations hiring)",COLD,0.0,Unknown,2,expansion
3900,CTAC Americas,buyer_opportunity_gate,"buyer opportunity gate: no buyer-intent signal found (labor, expansion, capex, RFP, deployment, or operations hiring)",COLD,0.0,Unknown,1,automation_interest
3901,New Endoscope Cleaning Method Shows,buyer_opportunity_gate,"buyer opportunity gate: no buyer-intent signal found (labor, expansion, capex, RFP, deployment, or operations hiring)",COLD,0.0,Healthcare,3,news
3907,Fix Britain,buyer_opportunity_gate,"buyer opportunity gate: no buyer-intent signal found (labor, expansion, capex, RFP, deployment, or operations hiring)",COLD,0.0,Unknown,1,automation_interest
3909,Fish Deboning Machine,buyer_opportunity_gate,"buyer opportunity gate: no buyer-intent signal found (labor, expansion, capex, RFP, deployment, or operations hiring)",COLD,0.0,Unknown,1,expansion
3920,NYSE company,buyer_opportunity_gate,"buyer opportunity gate: no buyer-intent signal found (labor, expansion, capex, RFP, deployment, or operations hiring)",COLD,0.0,Logistics,1,expansion
3922,McKinsey Global Tech Agenda,buyer_opportunity_gate,"buyer opportunity gate: no buyer-intent signal found (labor, expansion, capex, RFP, deployment, or operations hiring)",COLD,0.0,Unknown,1,news
3926,Raising Cane's,buyer_opportunity_gate,"buyer opportunity gate: no buyer-intent signal found (labor, expansion, capex, RFP, deployment, or operations hiring)",COLD,0.0,Unknown,1,news
3928,Scottish Islands,buyer_opportunity_gate,"buyer opportunity gate: no buyer-intent signal found (labor, expansion, capex, RFP, deployment, or operations hiring)",COLD,0.0,Unknown,1,news
3933,Turning Point Zafeer Ahmed,buyer_opportunity_gate,"buyer opportunity gate: no buyer-intent signal found (labor, expansion, capex, RFP, deployment, or operations hiring)",COLD,0.0,Logistics,1,strategic_hire
3936,ICE officers set,buyer_opportunity_gate,"buyer opportunity gate: no buyer-intent signal found (labor, expansion, capex, RFP, deployment, or operations hiring)",COLD,0.0,Airports & Aviation,2,"expansion,news"
3937,Exactly,buyer_opportunity_gate,"buyer opportunity gate: no buyer-intent signal found (labor, expansion, capex, RFP, deployment, or operations hiring)",COLD,0.0,Airports & Aviation,3,expansion
3939,New Data Center Developments March,buyer_opportunity_gate,"buyer opportunity gate: no buyer-intent signal found (labor, expansion, capex, RFP, deployment, or operations hiring)",COLD,0.0,Datacenters,3,news
3942,Study Hospice,buyer_opportunity_gate,"buyer opportunity gate: no buyer-intent signal found (labor, expansion, capex, RFP, deployment, or operations hiring)",COLD,0.0,Unknown,1,news
3943,Cold Storage Facilities,buyer_opportunity_gate,"buyer opportunity gate: no buyer-intent signal found (labor, expansion, capex, RFP, deployment, or operations hiring)",COLD,0.0,Logistics,2,news
3946,Denso Corp.,buyer_opportunity_gate,"buyer opportunity gate: no buyer-intent signal found (labor, expansion, capex, RFP, deployment, or operations hiring)",COLD,0.0,Unknown,4,"automation_interest,strategic_hire"
3948,MedAvail Holdings stock,buyer_opportunity_gate,"buyer opportunity gate: no buyer-intent signal found (labor, expansion, capex, RFP, deployment, or operations hiring)",COLD,0.0,Unknown,1,news
3949,Savannah Georgia,buyer_opportunity_gate,"buyer opportunity gate: no buyer-intent signal found (labor, expansion, capex, RFP, deployment, or operations hiring)",COLD,0.0,Retail,1,automation_interest
3951,Tokyo Disneyland Just Made,buyer_opportunity_gate,"buyer opportunity gate: no buyer-intent signal found (labor, expansion, capex, RFP, deployment, or operations hiring)",COLD,0.0,Food Service,1,news
3952,Jollibee Foods,buyer_opportunity_gate,"buyer opportunity gate: no buyer-intent signal found (labor, expansion, capex, RFP, deployment, or operations hiring)",COLD,0.0,Food Service,1,funding_round
3953,Deep Learning Use Case,buyer_opportunity_gate,"buyer opportunity gate: no buyer-intent signal found (labor, expansion, capex, RFP, deployment, or operations hiring)",COLD,0.0,Unknown,2,news
3957,MedOS Introduces,buyer_opportunity_gate,"buyer opportunity gate: no buyer-intent signal found (labor, expansion, capex, RFP, deployment, or operations hiring)",COLD,0.0,Automotive & Manufacturing,1,automation_interest
3959,SyniFlow Brings Reservoirs,buyer_opportunity_gate,"buyer opportunity gate: no buyer-intent signal found (labor, expansion, capex, RFP, deployment, or operations hiring)",COLD,0.0,Unknown,1,strategic_hire
3960,Seizure Detection Devices,buyer_opportunity_gate,"buyer opportunity gate: no buyer-intent signal found (labor, expansion, capex, RFP, deployment, or operations hiring)",COLD,0.0,Unknown,1,news
3964,World Tea Packaging Machine,buyer_opportunity_gate,"buyer opportunity gate: no buyer-intent signal found (labor, expansion, capex, RFP, deployment, or operations hiring)",COLD,0.0,Healthcare,1,news
3969,Shatter Glass After Crashing Into,buyer_opportunity_gate,"buyer opportunity gate: no buyer-intent signal found (labor, expansion, capex, RFP, deployment, or operations hiring)",COLD,0.0,Logistics,5,automation_interest
3977,Data Center Robotic,buyer_opportunity_gate,"buyer opportunity gate: no buyer-intent signal found (labor, expansion, capex, RFP, deployment, or operations hiring)",COLD,0.0,Datacenters,2,automation_interest
3981,Data Center Liquid Cooling,buyer_opportunity_gate,"buyer opportunity gate: seller/vendor or publisher story, not a buyer opportunity",COLD,0.0,Datacenters,2,"expansion,news"
3984,Geneva-based ORamaVR,buyer_opportunity_gate,"buyer opportunity gate: no buyer-intent signal found (labor, expansion, capex, RFP, deployment, or operations hiring)",COLD,0.0,Unknown,3,news
3985,You Can Now Rent,buyer_opportunity_gate,"buyer opportunity gate: no buyer-intent signal found (labor, expansion, capex, RFP, deployment, or operations hiring)",COLD,0.0,Unknown,3,expansion
3987,Inside Singapore,buyer_opportunity_gate,"buyer opportunity gate: no buyer-intent signal found (labor, expansion, capex, RFP, deployment, or operations hiring)",COLD,0.0,Media & Publishing,3,strategic_hire
3991,Rival Foods,buyer_opportunity_gate,"buyer opportunity gate: no buyer-intent signal found (labor, expansion, capex, RFP, deployment, or operations hiring)",COLD,0.0,Unknown,1,news
3994,Positioning Tables,buyer_opportunity_gate,"buyer opportunity gate: no buyer-intent signal found (labor, expansion, capex, RFP, deployment, or operations hiring)",COLD,0.0,Automotive & Manufacturing,1,automation_interest
3999,Executive War College,buyer_opportunity_gate,"buyer opportunity gate: no buyer-intent signal found (labor, expansion, capex, RFP, deployment, or operations hiring)",COLD,0.0,Medical Technology,3,news
4001,Rotork plc stock,buyer_opportunity_gate,"buyer opportunity gate: no buyer-intent signal found (labor, expansion, capex, RFP, deployment, or operations hiring)",COLD,0.0,Automotive & Manufacturing,3,news
4002,Daily Capturing,buyer_opportunity_gate,"buyer opportunity gate: no buyer-intent signal found (labor, expansion, capex, RFP, deployment, or operations hiring)",COLD,0.0,Unknown,1,news
4005,Human-Centric AI Strategy Helps Laboratories,buyer_opportunity_gate,"buyer opportunity gate: no buyer-intent signal found (labor, expansion, capex, RFP, deployment, or operations hiring)",COLD,0.0,Unknown,1,news
4009,National Industrial Construction,buyer_opportunity_gate,"buyer opportunity gate: no buyer-intent signal found (labor, expansion, capex, RFP, deployment, or operations hiring)",COLD,0.0,Unknown,3,news
4013,Lambeau - WLUK,buyer_opportunity_gate,"buyer opportunity gate: no buyer-intent signal found (labor, expansion, capex, RFP, deployment, or operations hiring)",COLD,0.0,Unknown,1,automation_interest
4016,Pipeline Leo Brown,buyer_opportunity_gate,"buyer opportunity gate: no buyer-intent signal found (labor, expansion, capex, RFP, deployment, or operations hiring)",COLD,0.0,Hospitality,1,news
4018,RS Pondok Indah,buyer_opportunity_gate,"buyer opportunity gate: no buyer-intent signal found (labor, expansion, capex, RFP, deployment, or operations hiring)",COLD,0.0,Healthcare,1,news
4020,Marco's Pizza,buyer_opportunity_gate,"buyer opportunity gate: no buyer-intent signal found (labor, expansion, capex, RFP, deployment, or operations hiring)",COLD,0.0,Unknown,2,news
4023,Data Center Liquid Cooling Valves,buyer_opportunity_gate,"buyer opportunity gate: seller/vendor or publisher story, not a buyer opportunity",COLD,0.0,Datacenters,1,news
4024,Jon Erlichman,buyer_opportunity_gate,"buyer opportunity gate: no buyer-intent signal found (labor, expansion, capex, RFP, deployment, or operations hiring)",COLD,0.0,Unknown,1,expansion
4025,Humanoid Robot Astonishes GTC,buyer_opportunity_gate,"buyer opportunity gate: no buyer-intent signal found (labor, expansion, capex, RFP, deployment, or operations hiring)",COLD,0.0,Unknown,2,automation_interest
4031,New Haven Restaurant Week,buyer_opportunity_gate,"buyer opportunity gate: no buyer-intent signal found (labor, expansion, capex, RFP, deployment, or operations hiring)",COLD,0.0,Food Service,1,news
4033,We've Spent,buyer_opportunity_gate,"buyer opportunity gate: no buyer-intent signal found (labor, expansion, capex, RFP, deployment, or operations hiring)",COLD,0.0,Unknown,1,news
4035,Flying Taxis And Self-Driving Trucks,buyer_opportunity_gate,"buyer opportunity gate: no buyer-intent signal found (labor, expansion, capex, RFP, deployment, or operations hiring)",COLD,0.0,Unknown,1,news
4037,Kraft Heinz,buyer_opportunity_gate,"buyer opportunity gate: no buyer-intent signal found (labor, expansion, capex, RFP, deployment, or operations hiring)",COLD,0.0,Automotive & Manufacturing,1,news
4043,Manatee Memorial Hospital - fox13news,buyer_opportunity_gate,"buyer opportunity gate: no buyer-intent signal found (labor, expansion, capex, RFP, deployment, or operations hiring)",COLD,0.0,Medical Technology,1,expansion
4044,Surrey Memorial Hospital - Surrey Now-Leader,buyer_opportunity_gate,"buyer opportunity gate: no buyer-intent signal found (labor, expansion, capex, RFP, deployment, or operations hiring)",COLD,0.0,Medical Technology,1,automation_interest
4046,US hotel,fast_junk,junk pattern: (?i)^(qsr|nj|ny|ca|tx|fl|us|u\.s\.)\s+(operators?|restaurant,COLD,0.0,Hospitality,2,expansion
4050,New Accenture Research Finds,buyer_opportunity_gate,"buyer opportunity gate: no buyer-intent signal found (labor, expansion, capex, RFP, deployment, or operations hiring)",COLD,0.0,Hospitality,2,news
4053,Dexcom Malaysia,buyer_opportunity_gate,"buyer opportunity gate: no buyer-intent signal found (labor, expansion, capex, RFP, deployment, or operations hiring)",COLD,0.0,Healthcare,1,automation_interest
4056,New Technology,buyer_opportunity_gate,"buyer opportunity gate: no buyer-intent signal found (labor, expansion, capex, RFP, deployment, or operations hiring)",COLD,0.0,Food Service,3,news
4059,Singapore Prepares,buyer_opportunity_gate,"buyer opportunity gate: no buyer-intent signal found (labor, expansion, capex, RFP, deployment, or operations hiring)",COLD,0.0,Unknown,1,news
4061,Three Key,buyer_opportunity_gate,"buyer opportunity gate: no buyer-intent signal found (labor, expansion, capex, RFP, deployment, or operations hiring)",COLD,0.0,Unknown,1,news
4066,Nippon Cargo Airlines,buyer_opportunity_gate,"buyer opportunity gate: no buyer-intent signal found (labor, expansion, capex, RFP, deployment, or operations hiring)",COLD,0.0,Airports & Aviation,1,news
4067,Deals Exceed,buyer_opportunity_gate,"buyer opportunity gate: no buyer-intent signal found (labor, expansion, capex, RFP, deployment, or operations hiring)",COLD,0.0,Media & Publishing,1,news
4068,Trucking M&A,buyer_opportunity_gate,"buyer opportunity gate: no buyer-intent signal found (labor, expansion, capex, RFP, deployment, or operations hiring)",COLD,0.0,Media & Publishing,3,strategic_hire
4072,Corporate America,buyer_opportunity_gate,"buyer opportunity gate: no buyer-intent signal found (labor, expansion, capex, RFP, deployment, or operations hiring)",COLD,0.0,Unknown,1,news
4073,Max Smart Super Speciality Hospital,buyer_opportunity_gate,"buyer opportunity gate: no buyer-intent signal found (labor, expansion, capex, RFP, deployment, or operations hiring)",COLD,0.0,Healthcare,2,automation_interest
4081,Process Excellence Network,buyer_opportunity_gate,"buyer opportunity gate: no buyer-intent signal found (labor, expansion, capex, RFP, deployment, or operations hiring)",COLD,0.0,Unknown,1,automation_interest
4083,Seegrid's VDA5050,buyer_opportunity_gate,"buyer opportunity gate: no buyer-intent signal found (labor, expansion, capex, RFP, deployment, or operations hiring)",COLD,0.0,Unknown,2,automation_interest
4094,Industrial Warehousing Racks,buyer_opportunity_gate,"buyer opportunity gate: no buyer-intent signal found (labor, expansion, capex, RFP, deployment, or operations hiring)",COLD,0.0,Unknown,1,news
4095,New IMDA,buyer_opportunity_gate,"buyer opportunity gate: no buyer-intent signal found (labor, expansion, capex, RFP, deployment, or operations hiring)",COLD,0.0,Media & Publishing,2,automation_interest
4097,Morrisons becomes first UK retailer,buyer_opportunity_gate,"buyer opportunity gate: no buyer-intent signal found (labor, expansion, capex, RFP, deployment, or operations hiring)",COLD,0.0,Retail,2,automation_interest
4101,New Products,buyer_opportunity_gate,"buyer opportunity gate: no buyer-intent signal found (labor, expansion, capex, RFP, deployment, or operations hiring)",COLD,0.0,Casinos & Gaming,2,"funding_round,news"
4107,Full List,buyer_opportunity_gate,"buyer opportunity gate: no buyer-intent signal found (labor, expansion, capex, RFP, deployment, or operations hiring)",COLD,0.0,Automotive & Manufacturing,3,automation_interest
4116,Energy Sector Races Towards,buyer_opportunity_gate,"buyer opportunity gate: no buyer-intent signal found (labor, expansion, capex, RFP, deployment, or operations hiring)",COLD,0.0,Unknown,1,automation_interest
4118,MENA Facilities Management,buyer_opportunity_gate,"buyer opportunity gate: no buyer-intent signal found (labor, expansion, capex, RFP, deployment, or operations hiring)",COLD,0.0,Airports & Aviation,1,automation_interest
4119,QAIA - ACI Asia-Pacific,buyer_opportunity_gate,"buyer opportunity gate: no buyer-intent signal found (labor, expansion, capex, RFP, deployment, or operations hiring)",COLD,0.0,Airports & Aviation,1,automation_interest
4120,Top Coffee Shop,buyer_opportunity_gate,"buyer opportunity gate: no buyer-intent signal found (labor, expansion, capex, RFP, deployment, or operations hiring)",COLD,0.0,Unknown,1,news
4122,Ultrasonic NDT Equipment,buyer_opportunity_gate,"buyer opportunity gate: no buyer-intent signal found (labor, expansion, capex, RFP, deployment, or operations hiring)",COLD,0.0,Unknown,2,automation_interest
4123,Opponents,buyer_opportunity_gate,"buyer opportunity gate: no buyer-intent signal found (labor, expansion, capex, RFP, deployment, or operations hiring)",COLD,0.0,Unknown,1,expansion
4124,Platform Statistics,buyer_opportunity_gate,"buyer opportunity gate: no buyer-intent signal found (labor, expansion, capex, RFP, deployment, or operations hiring)",COLD,0.0,Media & Publishing,3,expansion
4125,Ecommerce Website Cost Full Guide,buyer_opportunity_gate,"buyer opportunity gate: no buyer-intent signal found (labor, expansion, capex, RFP, deployment, or operations hiring)",COLD,0.0,Unknown,1,news
4126,Ecommerce APIs Types,buyer_opportunity_gate,"buyer opportunity gate: no buyer-intent signal found (labor, expansion, capex, RFP, deployment, or operations hiring)",COLD,0.0,Unknown,3,news
4127,Leading Technology Firms - nationalcioreview,buyer_opportunity_gate,"buyer opportunity gate: no buyer-intent signal found (labor, expansion, capex, RFP, deployment, or operations hiring)",COLD,0.0,Hospitality,1,news
4128,Idaho Medicaid,buyer_opportunity_gate,"buyer opportunity gate: no buyer-intent signal found (labor, expansion, capex, RFP, deployment, or operations hiring)",COLD,0.0,Unknown,1,news
4134,Takayuki Ito,buyer_opportunity_gate,"buyer opportunity gate: no buyer-intent signal found (labor, expansion, capex, RFP, deployment, or operations hiring)",COLD,0.0,Unknown,2,automation_interest
4135,Hyundai Motor Group Robotics LAB,buyer_opportunity_gate,"buyer opportunity gate: no buyer-intent signal found (labor, expansion, capex, RFP, deployment, or operations hiring)",COLD,0.0,Automotive & Manufacturing,1,automation_interest
4136,Port Construction,buyer_opportunity_gate,"buyer opportunity gate: seller/vendor or publisher story, not a buyer opportunity",COLD,0.0,Unknown,2,news
4137,Warum Megaschiffe,buyer_opportunity_gate,"buyer opportunity gate: no buyer-intent signal found (labor, expansion, capex, RFP, deployment, or operations hiring)",COLD,0.0,Unknown,2,news
4138,Grocery Retail Europe,buyer_opportunity_gate,"buyer opportunity gate: no buyer-intent signal found (labor, expansion, capex, RFP, deployment, or operations hiring)",COLD,0.0,Retail,1,news
4140,Northern Ireland,buyer_opportunity_gate,"buyer opportunity gate: no buyer-intent signal found (labor, expansion, capex, RFP, deployment, or operations hiring)",COLD,0.0,Unknown,1,expansion
4143,Reviewed,buyer_opportunity_gate,"buyer opportunity gate: no buyer-intent signal found (labor, expansion, capex, RFP, deployment, or operations hiring)",COLD,0.0,Unknown,1,expansion
4145,Biometric Boarding,buyer_opportunity_gate,"buyer opportunity gate: no buyer-intent signal found (labor, expansion, capex, RFP, deployment, or operations hiring)",COLD,0.0,Airports & Aviation,2,news
4146,BIA - EconomyNext,buyer_opportunity_gate,"buyer opportunity gate: no buyer-intent signal found (labor, expansion, capex, RFP, deployment, or operations hiring)",COLD,0.0,Unknown,1,news
4147,Data Center Infrastructure Management DCIM,buyer_opportunity_gate,"buyer opportunity gate: no buyer-intent signal found (labor, expansion, capex, RFP, deployment, or operations hiring)",COLD,0.0,Datacenters,4,expansion
4150,Norwegian Cruise Line Shake Up,buyer_opportunity_gate,"buyer opportunity gate: no buyer-intent signal found (labor, expansion, capex, RFP, deployment, or operations hiring)",COLD,0.0,Cruise Lines,1,news
4151,Strong Buy S&P,buyer_opportunity_gate,"buyer opportunity gate: no buyer-intent signal found (labor, expansion, capex, RFP, deployment, or operations hiring)",COLD,0.0,Unknown,1,news
4152,Cotton Processing Equipment,buyer_opportunity_gate,"buyer opportunity gate: no buyer-intent signal found (labor, expansion, capex, RFP, deployment, or operations hiring)",COLD,0.0,Unknown,2,news
4156,ProMach Mar,buyer_opportunity_gate,"buyer opportunity gate: no buyer-intent signal found (labor, expansion, capex, RFP, deployment, or operations hiring)",COLD,0.0,Unknown,1,ma_activity
4157,Randa Apparel & Accessories - DC Velocity,buyer_opportunity_gate,"buyer opportunity gate: no buyer-intent signal found (labor, expansion, capex, RFP, deployment, or operations hiring)",COLD,0.0,Apparel & Textiles,1,expansion
4158,Fastest-Rising Jobs,buyer_opportunity_gate,"buyer opportunity gate: no buyer-intent signal found (labor, expansion, capex, RFP, deployment, or operations hiring)",COLD,0.0,Unknown,1,news
4161,UK's Ocado,buyer_opportunity_gate,"buyer opportunity gate: no buyer-intent signal found (labor, expansion, capex, RFP, deployment, or operations hiring)",COLD,0.0,Media & Publishing,1,news
4162,Laboratory Sample Container,buyer_opportunity_gate,"buyer opportunity gate: no buyer-intent signal found (labor, expansion, capex, RFP, deployment, or operations hiring)",COLD,0.0,Medical Technology,2,news
4163,Blood Cancer Diagnostics,buyer_opportunity_gate,"buyer opportunity gate: no buyer-intent signal found (labor, expansion, capex, RFP, deployment, or operations hiring)",COLD,0.0,Unknown,3,expansion
4164,World Ultraviolet Transilluminator Imaging Systems,buyer_opportunity_gate,"buyer opportunity gate: no buyer-intent signal found (labor, expansion, capex, RFP, deployment, or operations hiring)",COLD,0.0,Unknown,1,expansion
4165,Hospitality Robot Fuels Innovative Learning,buyer_opportunity_gate,"buyer opportunity gate: no buyer-intent signal found (labor, expansion, capex, RFP, deployment, or operations hiring)",COLD,0.0,Hospitality,1,automation_interest
4171,Baylor Scott,buyer_opportunity_gate,"buyer opportunity gate: no buyer-intent signal found (labor, expansion, capex, RFP, deployment, or operations hiring)",COLD,0.0,Healthcare,2,news
4172,Empire Center,buyer_opportunity_gate,"buyer opportunity gate: no buyer-intent signal found (labor, expansion, capex, RFP, deployment, or operations hiring)",COLD,0.0,Unknown,1,expansion
4174,Seed Round,buyer_opportunity_gate,"buyer opportunity gate: seller/vendor or publisher story, not a buyer opportunity",COLD,0.0,Automotive & Manufacturing,3,funding_round
4175,Human Infrastructure Challenge Can,buyer_opportunity_gate,"buyer opportunity gate: no buyer-intent signal found (labor, expansion, capex, RFP, deployment, or operations hiring)",COLD,0.0,Unknown,1,news
4176,Laboratory Centrifuge,buyer_opportunity_gate,"buyer opportunity gate: no buyer-intent signal found (labor, expansion, capex, RFP, deployment, or operations hiring)",COLD,0.0,Medical Technology,2,"expansion,news"
4178,CharterSync,buyer_opportunity_gate,"buyer opportunity gate: no buyer-intent signal found (labor, expansion, capex, RFP, deployment, or operations hiring)",COLD,0.0,Logistics,2,strategic_hire
4185,Wesfarmers,buyer_opportunity_gate,"buyer opportunity gate: no buyer-intent signal found (labor, expansion, capex, RFP, deployment, or operations hiring)",COLD,0.0,Retail,1,automation_interest
4193,Hotels - travelagentcentral,buyer_opportunity_gate,"buyer opportunity gate: no buyer-intent signal found (labor, expansion, capex, RFP, deployment, or operations hiring)",COLD,0.0,Hospitality,1,expansion
4194,IHG Enhances Upper-Midscale Portfolio,buyer_opportunity_gate,"buyer opportunity gate: no buyer-intent signal found (labor, expansion, capex, RFP, deployment, or operations hiring)",COLD,0.0,Hospitality,1,expansion
4196,Fast-growing Nothing Bundt Cakes,buyer_opportunity_gate,"buyer opportunity gate: no buyer-intent signal found (labor, expansion, capex, RFP, deployment, or operations hiring)",COLD,0.0,Food Service,5,expansion
4201,Europe Surgical,buyer_opportunity_gate,"buyer opportunity gate: no buyer-intent signal found (labor, expansion, capex, RFP, deployment, or operations hiring)",COLD,0.0,Medical Technology,1,strategic_hire
4202,Philippines AI,buyer_opportunity_gate,"buyer opportunity gate: no buyer-intent signal found (labor, expansion, capex, RFP, deployment, or operations hiring)",COLD,0.0,Healthcare,1,automation_interest
4203,Supply Chain Leaders Stop Building Their Own AI,buyer_opportunity_gate,"buyer opportunity gate: no buyer-intent signal found (labor, expansion, capex, RFP, deployment, or operations hiring)",COLD,0.0,Logistics,1,news
4204,Little Caesars,buyer_opportunity_gate,"buyer opportunity gate: no buyer-intent signal found (labor, expansion, capex, RFP, deployment, or operations hiring)",COLD,0.0,Logistics,2,news
4211,NGTF Stock Price News,buyer_opportunity_gate,"buyer opportunity gate: no buyer-intent signal found (labor, expansion, capex, RFP, deployment, or operations hiring)",COLD,0.0,Unknown,1,news
4214,Zealand,buyer_opportunity_gate,"buyer opportunity gate: no buyer-intent signal found (labor, expansion, capex, RFP, deployment, or operations hiring)",COLD,0.0,Unknown,1,news
4215,Travel Technology,buyer_opportunity_gate,"buyer opportunity gate: no buyer-intent signal found (labor, expansion, capex, RFP, deployment, or operations hiring)",COLD,0.0,Unknown,1,news
4216,FIFA World Cup,buyer_opportunity_gate,"buyer opportunity gate: no buyer-intent signal found (labor, expansion, capex, RFP, deployment, or operations hiring)",COLD,0.0,Airports & Aviation,1,news
4217,Lima Airport,buyer_opportunity_gate,"buyer opportunity gate: no buyer-intent signal found (labor, expansion, capex, RFP, deployment, or operations hiring)",COLD,0.0,Airports & Aviation,1,strategic_hire
4219,Shangri-La - interestingengineering,buyer_opportunity_gate,"buyer opportunity gate: no buyer-intent signal found (labor, expansion, capex, RFP, deployment, or operations hiring)",COLD,0.0,Unknown,1,automation_interest
4223,Czech Republic Shines Bright,buyer_opportunity_gate,"buyer opportunity gate: no buyer-intent signal found (labor, expansion, capex, RFP, deployment, or operations hiring)",COLD,0.0,Hospitality,1,expansion
4224,US Economic Forecast Q1,buyer_opportunity_gate,"buyer opportunity gate: no buyer-intent signal found (labor, expansion, capex, RFP, deployment, or operations hiring)",COLD,0.0,Healthcare,2,news
4227,UW humanoid robotics club,buyer_opportunity_gate,"buyer opportunity gate: no buyer-intent signal found (labor, expansion, capex, RFP, deployment, or operations hiring)",COLD,0.0,Unknown,2,automation_interest
4229,Blaze Pizza,buyer_opportunity_gate,"buyer opportunity gate: no buyer-intent signal found (labor, expansion, capex, RFP, deployment, or operations hiring)",COLD,0.0,Food Service,1,news
4232,Business Intelligence,buyer_opportunity_gate,"buyer opportunity gate: no buyer-intent signal found (labor, expansion, capex, RFP, deployment, or operations hiring)",COLD,0.0,Unknown,1,news
4238,Omnicell NASDAQ OMCL,buyer_opportunity_gate,"buyer opportunity gate: no buyer-intent signal found (labor, expansion, capex, RFP, deployment, or operations hiring)",COLD,0.0,Real Estate & Facilities,2,news
4248,Hot Chicken,buyer_opportunity_gate,"buyer opportunity gate: no buyer-intent signal found (labor, expansion, capex, RFP, deployment, or operations hiring)",COLD,0.0,Food Service,1,news
4249,San Jos Mineta,buyer_opportunity_gate,"buyer opportunity gate: no buyer-intent signal found (labor, expansion, capex, RFP, deployment, or operations hiring)",COLD,0.0,Airports & Aviation,2,automation_interest
4250,San Jose Airport,buyer_opportunity_gate,"buyer opportunity gate: no buyer-intent signal found (labor, expansion, capex, RFP, deployment, or operations hiring)",COLD,0.0,Airports & Aviation,2,automation_interest
4252,San Jos Airport Debuts Jos,buyer_opportunity_gate,"buyer opportunity gate: no buyer-intent signal found (labor, expansion, capex, RFP, deployment, or operations hiring)",COLD,0.0,Airports & Aviation,2,expansion
4254,Belt Loaders,buyer_opportunity_gate,"buyer opportunity gate: no buyer-intent signal found (labor, expansion, capex, RFP, deployment, or operations hiring)",COLD,0.0,Logistics,1,expansion
4256,Minimum Salary Changes,buyer_opportunity_gate,"buyer opportunity gate: no buyer-intent signal found (labor, expansion, capex, RFP, deployment, or operations hiring)",COLD,0.0,Unknown,2,news
4260,Fabric Straightening Machines,buyer_opportunity_gate,"buyer opportunity gate: no buyer-intent signal found (labor, expansion, capex, RFP, deployment, or operations hiring)",COLD,0.0,Unknown,3,strategic_hire
4264,Chyron Releases Weather,buyer_opportunity_gate,"buyer opportunity gate: no buyer-intent signal found (labor, expansion, capex, RFP, deployment, or operations hiring)",COLD,0.0,Unknown,1,automation_interest
4271,New fast-casual Asian fusion spot,buyer_opportunity_gate,"buyer opportunity gate: no buyer-intent signal found (labor, expansion, capex, RFP, deployment, or operations hiring)",COLD,0.0,Unknown,4,"automation_interest,strategic_hire"
4276,Cultured Meat,buyer_opportunity_gate,"buyer opportunity gate: seller/vendor or publisher story, not a buyer opportunity",COLD,0.0,Unknown,2,news
4281,World Pharma,buyer_opportunity_gate,"buyer opportunity gate: no buyer-intent signal found (labor, expansion, capex, RFP, deployment, or operations hiring)",COLD,0.0,Unknown,2,automation_interest
4284,METTLER TOLEDO,buyer_opportunity_gate,"buyer opportunity gate: seller/vendor or publisher story, not a buyer opportunity",COLD,0.0,Unknown,1,news
4285,PFAS Detection Devices,buyer_opportunity_gate,"buyer opportunity gate: no buyer-intent signal found (labor, expansion, capex, RFP, deployment, or operations hiring)",COLD,0.0,Unknown,1,expansion
4288,Loveland Ski Club,buyer_opportunity_gate,"buyer opportunity gate: no buyer-intent signal found (labor, expansion, capex, RFP, deployment, or operations hiring)",COLD,0.0,Unknown,1,expansion
4291,Japanese BellaBot,buyer_opportunity_gate,"buyer opportunity gate: no buyer-intent signal found (labor, expansion, capex, RFP, deployment, or operations hiring)",COLD,0.0,Unknown,1,automation_interest
4295,Inside China,buyer_opportunity_gate,"buyer opportunity gate: no buyer-intent signal found (labor, expansion, capex, RFP, deployment, or operations hiring)",COLD,0.0,Healthcare,3,automation_interest
4300,Singapore Changi Joins Elite List,buyer_opportunity_gate,"buyer opportunity gate: no buyer-intent signal found (labor, expansion, capex, RFP, deployment, or operations hiring)",COLD,0.0,Airports & Aviation,2,news
4301,Zen Store Students,buyer_opportunity_gate,"buyer opportunity gate: no buyer-intent signal found (labor, expansion, capex, RFP, deployment, or operations hiring)",COLD,0.0,Retail,2,news
4302,RTIH Innovation Awards,buyer_opportunity_gate,"buyer opportunity gate: no buyer-intent signal found (labor, expansion, capex, RFP, deployment, or operations hiring)",COLD,0.0,Retail,3,"automation_interest,news"
4303,SoundHound AI,buyer_opportunity_gate,"buyer opportunity gate: no buyer-intent signal found (labor, expansion, capex, RFP, deployment, or operations hiring)",COLD,0.0,Retail,3,expansion
4304,Tech Forecast Why Voice AI,buyer_opportunity_gate,"buyer opportunity gate: no buyer-intent signal found (labor, expansion, capex, RFP, deployment, or operations hiring)",COLD,0.0,Food Service,1,news
4306,Illinois Tool Works AI Strategy,buyer_opportunity_gate,"buyer opportunity gate: no buyer-intent signal found (labor, expansion, capex, RFP, deployment, or operations hiring)",COLD,0.0,Automotive & Manufacturing,1,news
4315,Property Development Spas,buyer_opportunity_gate,"buyer opportunity gate: no buyer-intent signal found (labor, expansion, capex, RFP, deployment, or operations hiring)",COLD,0.0,Casinos & Gaming,2,news
4322,NRA 2023 - RoboticsTomorrow,buyer_opportunity_gate,"buyer opportunity gate: no buyer-intent signal found (labor, expansion, capex, RFP, deployment, or operations hiring)",COLD,0.0,Food Service,1,expansion
4323,Medical Drones,buyer_opportunity_gate,"buyer opportunity gate: no buyer-intent signal found (labor, expansion, capex, RFP, deployment, or operations hiring)",COLD,0.0,Unknown,1,news
4324,Bangkok Thailand,buyer_opportunity_gate,"buyer opportunity gate: no buyer-intent signal found (labor, expansion, capex, RFP, deployment, or operations hiring)",COLD,0.0,Healthcare,1,expansion
4329,Fulfil -,buyer_opportunity_gate,"buyer opportunity gate: no buyer-intent signal found (labor, expansion, capex, RFP, deployment, or operations hiring)",COLD,0.0,Retail,1,expansion
4336,Kennedy Space Center - therobotreport,buyer_opportunity_gate,"buyer opportunity gate: no buyer-intent signal found (labor, expansion, capex, RFP, deployment, or operations hiring)",COLD,0.0,Unknown,1,funding_round
4337,Next Big Theme January,buyer_opportunity_gate,"buyer opportunity gate: no buyer-intent signal found (labor, expansion, capex, RFP, deployment, or operations hiring)",COLD,0.0,Unknown,3,news
4340,Private Equity Food,buyer_opportunity_gate,"buyer opportunity gate: no buyer-intent signal found (labor, expansion, capex, RFP, deployment, or operations hiring)",COLD,0.0,Unknown,2,funding_round
4341,Sorter Machines,buyer_opportunity_gate,"buyer opportunity gate: no buyer-intent signal found (labor, expansion, capex, RFP, deployment, or operations hiring)",COLD,0.0,Unknown,2,news
4343,US hospitals - Financial Times,buyer_opportunity_gate,"buyer opportunity gate: no buyer-intent signal found (labor, expansion, capex, RFP, deployment, or operations hiring)",COLD,0.0,Media & Publishing,1,automation_interest
4344,Carson Valley Health,buyer_opportunity_gate,"buyer opportunity gate: no buyer-intent signal found (labor, expansion, capex, RFP, deployment, or operations hiring)",COLD,0.0,Medical Technology,1,expansion
4352,Future Newark,buyer_opportunity_gate,"buyer opportunity gate: no buyer-intent signal found (labor, expansion, capex, RFP, deployment, or operations hiring)",COLD,0.0,Airports & Aviation,1,news
4353,Denver Airport,buyer_opportunity_gate,"buyer opportunity gate: no buyer-intent signal found (labor, expansion, capex, RFP, deployment, or operations hiring)",COLD,0.0,Airports & Aviation,1,strategic_hire
4355,Kung Fu Thai,buyer_opportunity_gate,"buyer opportunity gate: no buyer-intent signal found (labor, expansion, capex, RFP, deployment, or operations hiring)",COLD,0.0,Food Service,2,news
4358,Physical Intelligence Seeks,buyer_opportunity_gate,"buyer opportunity gate: no buyer-intent signal found (labor, expansion, capex, RFP, deployment, or operations hiring)",COLD,0.0,Unknown,2,strategic_hire
4360,YoY MoM,buyer_opportunity_gate,"buyer opportunity gate: no buyer-intent signal found (labor, expansion, capex, RFP, deployment, or operations hiring)",COLD,0.0,Unknown,1,news
4361,Corvus One,buyer_opportunity_gate,"buyer opportunity gate: no buyer-intent signal found (labor, expansion, capex, RFP, deployment, or operations hiring)",COLD,0.0,Retail,2,automation_interest
4363,Data Centers Liquid Immersion Cooling,buyer_opportunity_gate,"buyer opportunity gate: no buyer-intent signal found (labor, expansion, capex, RFP, deployment, or operations hiring)",COLD,0.0,Datacenters,1,news
4368,Giraffe360,buyer_opportunity_gate,"buyer opportunity gate: seller/vendor or publisher story, not a buyer opportunity",COLD,0.0,Unknown,1,funding_round
4369,Series C,buyer_opportunity_gate,"buyer opportunity gate: seller/vendor or publisher story, not a buyer opportunity",COLD,0.0,Unknown,2,automation_interest
4371,Relativity,buyer_opportunity_gate,"buyer opportunity gate: no buyer-intent signal found (labor, expansion, capex, RFP, deployment, or operations hiring)",COLD,0.0,Unknown,1,news
4376,Vogue Business People Moves Tracker,buyer_opportunity_gate,"buyer opportunity gate: no buyer-intent signal found (labor, expansion, capex, RFP, deployment, or operations hiring)",COLD,0.0,Unknown,1,news
4381,Side Of Paradise,buyer_opportunity_gate,"buyer opportunity gate: no buyer-intent signal found (labor, expansion, capex, RFP, deployment, or operations hiring)",COLD,0.0,Unknown,1,news
4385,Trailborn - hospitalitynet,buyer_opportunity_gate,"buyer opportunity gate: no buyer-intent signal found (labor, expansion, capex, RFP, deployment, or operations hiring)",COLD,0.0,Healthcare,1,automation_interest
4386,First Hospitality - hospitalitynet,buyer_opportunity_gate,"buyer opportunity gate: no buyer-intent signal found (labor, expansion, capex, RFP, deployment, or operations hiring)",COLD,0.0,Healthcare,1,strategic_hire
4388,Google DeepMind Agile,buyer_opportunity_gate,"buyer opportunity gate: no buyer-intent signal found (labor, expansion, capex, RFP, deployment, or operations hiring)",COLD,0.0,Datacenters,1,automation_interest
4391,Top Ecommerce,buyer_opportunity_gate,"buyer opportunity gate: no buyer-intent signal found (labor, expansion, capex, RFP, deployment, or operations hiring)",COLD,0.0,Unknown,2,news
4393,Das Lager,buyer_opportunity_gate,"buyer opportunity gate: no buyer-intent signal found (labor, expansion, capex, RFP, deployment, or operations hiring)",COLD,0.0,Retail,2,expansion
4395,France Pharmaceutical Collaborative,buyer_opportunity_gate,"buyer opportunity gate: no buyer-intent signal found (labor, expansion, capex, RFP, deployment, or operations hiring)",COLD,0.0,Unknown,2,automation_interest
4397,Medical Equipment Manufacturing,buyer_opportunity_gate,"buyer opportunity gate: no buyer-intent signal found (labor, expansion, capex, RFP, deployment, or operations hiring)",COLD,0.0,Automotive & Manufacturing,1,news
4400,Busan - container-mag,buyer_opportunity_gate,"buyer opportunity gate: no buyer-intent signal found (labor, expansion, capex, RFP, deployment, or operations hiring)",COLD,0.0,Airports & Aviation,1,ma_activity
4404,Domestic Textile Manufacturing,buyer_opportunity_gate,"buyer opportunity gate: no buyer-intent signal found (labor, expansion, capex, RFP, deployment, or operations hiring)",COLD,0.0,Automotive & Manufacturing,1,news
4406,BD AI,buyer_opportunity_gate,"buyer opportunity gate: no buyer-intent signal found (labor, expansion, capex, RFP, deployment, or operations hiring)",COLD,0.0,Healthcare,3,news
4408,Travel Japan Cherry Blossom,buyer_opportunity_gate,"buyer opportunity gate: no buyer-intent signal found (labor, expansion, capex, RFP, deployment, or operations hiring)",COLD,0.0,Hospitality,2,expansion
4418,Palmer Luckey,buyer_opportunity_gate,"buyer opportunity gate: no buyer-intent signal found (labor, expansion, capex, RFP, deployment, or operations hiring)",COLD,0.0,Unknown,1,news
4419,Bem Brasil,buyer_opportunity_gate,"buyer opportunity gate: no buyer-intent signal found (labor, expansion, capex, RFP, deployment, or operations hiring)",COLD,0.0,Unknown,2,news
4421,Tata Communications,buyer_opportunity_gate,"buyer opportunity gate: no buyer-intent signal found (labor, expansion, capex, RFP, deployment, or operations hiring)",COLD,0.0,Unknown,3,news
4427,Buildroid AI,buyer_opportunity_gate,"buyer opportunity gate: seller/vendor or publisher story, not a buyer opportunity",COLD,0.0,Media & Publishing,2,funding_round
4431,Thailand Pharmaceutical Collaborative,buyer_opportunity_gate,"buyer opportunity gate: no buyer-intent signal found (labor, expansion, capex, RFP, deployment, or operations hiring)",COLD,0.0,Unknown,1,automation_interest
4433,Restaurant Business Ideas You Can,buyer_opportunity_gate,"buyer opportunity gate: no buyer-intent signal found (labor, expansion, capex, RFP, deployment, or operations hiring)",COLD,0.0,Food Service,2,news
4434,Wyndham Hotels & Resorts,buyer_opportunity_gate,"buyer opportunity gate: no buyer-intent signal found (labor, expansion, capex, RFP, deployment, or operations hiring)",COLD,0.0,Hospitality,2,expansion
4436,World Twist Tie Machines,buyer_opportunity_gate,"buyer opportunity gate: no buyer-intent signal found (labor, expansion, capex, RFP, deployment, or operations hiring)",COLD,0.0,Unknown,2,news
4438,Mondelez Backs Regenerative Agriculture Compostable,buyer_opportunity_gate,"buyer opportunity gate: no buyer-intent signal found (labor, expansion, capex, RFP, deployment, or operations hiring)",COLD,0.0,Automotive & Manufacturing,1,news
4439,Drayage Transportation Management,buyer_opportunity_gate,"buyer opportunity gate: no buyer-intent signal found (labor, expansion, capex, RFP, deployment, or operations hiring)",COLD,0.0,Airports & Aviation,1,news
4442,RoadOne IntermodaLogistics,buyer_opportunity_gate,"buyer opportunity gate: no buyer-intent signal found (labor, expansion, capex, RFP, deployment, or operations hiring)",COLD,0.0,Logistics,3,ma_activity
4443,Kauvery Hospital,buyer_opportunity_gate,"buyer opportunity gate: no buyer-intent signal found (labor, expansion, capex, RFP, deployment, or operations hiring)",COLD,0.0,Healthcare,3,automation_interest
4445,IntraLogisteX - logisticsmanager,buyer_opportunity_gate,"buyer opportunity gate: no buyer-intent signal found (labor, expansion, capex, RFP, deployment, or operations hiring)",COLD,0.0,Logistics,1,automation_interest
4446,New South Indian,buyer_opportunity_gate,"buyer opportunity gate: no buyer-intent signal found (labor, expansion, capex, RFP, deployment, or operations hiring)",COLD,0.0,Food Service,1,news
4449,Security Systems Can Watch Your,buyer_opportunity_gate,"buyer opportunity gate: no buyer-intent signal found (labor, expansion, capex, RFP, deployment, or operations hiring)",COLD,0.0,Media & Publishing,2,news
4452,World Short Wave Near Infrared,buyer_opportunity_gate,"buyer opportunity gate: no buyer-intent signal found (labor, expansion, capex, RFP, deployment, or operations hiring)",COLD,0.0,Unknown,2,news
4454,Northern America High-Throughput Extraction,buyer_opportunity_gate,"buyer opportunity gate: no buyer-intent signal found (labor, expansion, capex, RFP, deployment, or operations hiring)",COLD,0.0,Unknown,1,news
4455,GeneProof,buyer_opportunity_gate,"buyer opportunity gate: no buyer-intent signal found (labor, expansion, capex, RFP, deployment, or operations hiring)",COLD,0.0,Media & Publishing,1,strategic_hire
4456,CMV IVDR,buyer_opportunity_gate,"buyer opportunity gate: no buyer-intent signal found (labor, expansion, capex, RFP, deployment, or operations hiring)",COLD,0.0,Media & Publishing,1,strategic_hire
4457,Belgium ICP Mass Spectrometry Systems,buyer_opportunity_gate,"buyer opportunity gate: no buyer-intent signal found (labor, expansion, capex, RFP, deployment, or operations hiring)",COLD,0.0,Unknown,1,news
4458,Internal Docs,buyer_opportunity_gate,"buyer opportunity gate: no buyer-intent signal found (labor, expansion, capex, RFP, deployment, or operations hiring)",COLD,0.0,Unknown,2,automation_interest
4459,NEW Artificial Intelligence Statistics Jan,buyer_opportunity_gate,"buyer opportunity gate: no buyer-intent signal found (labor, expansion, capex, RFP, deployment, or operations hiring)",COLD,0.0,Unknown,3,news
4460,Tandem Technology,buyer_opportunity_gate,"buyer opportunity gate: seller/vendor or publisher story, not a buyer opportunity",COLD,0.0,Unknown,2,strategic_hire
4462,Iconic Hotels & Resorts - Hospitality Net,buyer_opportunity_gate,"buyer opportunity gate: no buyer-intent signal found (labor, expansion, capex, RFP, deployment, or operations hiring)",COLD,0.0,Hospitality,1,expansion
4463,Block Shares Jump After AI-Driven,buyer_opportunity_gate,"buyer opportunity gate: no buyer-intent signal found (labor, expansion, capex, RFP, deployment, or operations hiring)",COLD,0.0,Unknown,1,news
4464,Crucial Tasks Universal,buyer_opportunity_gate,"buyer opportunity gate: no buyer-intent signal found (labor, expansion, capex, RFP, deployment, or operations hiring)",COLD,0.0,Unknown,1,automation_interest
4468,Chinese Top,buyer_opportunity_gate,"buyer opportunity gate: no buyer-intent signal found (labor, expansion, capex, RFP, deployment, or operations hiring)",COLD,0.0,Unknown,3,automation_interest
4469,Green Clean Commercial,buyer_opportunity_gate,"buyer opportunity gate: no buyer-intent signal found (labor, expansion, capex, RFP, deployment, or operations hiring)",COLD,0.0,Real Estate & Facilities,2,strategic_hire
4472,I prefer - Mint,buyer_opportunity_gate,"buyer opportunity gate: no buyer-intent signal found (labor, expansion, capex, RFP, deployment, or operations hiring)",COLD,0.0,Unknown,1,automation_interest
4475,TAP Real Estate Technologies RWAX,buyer_opportunity_gate,"buyer opportunity gate: no buyer-intent signal found (labor, expansion, capex, RFP, deployment, or operations hiring)",COLD,0.0,Hospitality,2,strategic_hire
4476,Travel Crete Hospitality Enters Digital,buyer_opportunity_gate,"buyer opportunity gate: no buyer-intent signal found (labor, expansion, capex, RFP, deployment, or operations hiring)",COLD,0.0,Hospitality,2,automation_interest
4484,Schiphol,buyer_opportunity_gate,"buyer opportunity gate: no buyer-intent signal found (labor, expansion, capex, RFP, deployment, or operations hiring)",COLD,0.0,Airports & Aviation,1,news
4485,Egis and,buyer_opportunity_gate,"buyer opportunity gate: no buyer-intent signal found (labor, expansion, capex, RFP, deployment, or operations hiring)",COLD,0.0,Airports & Aviation,2,automation_interest
4492,Berry Farm Six Flags,buyer_opportunity_gate,"buyer opportunity gate: no buyer-intent signal found (labor, expansion, capex, RFP, deployment, or operations hiring)",COLD,0.0,Theme Parks & Entertainment,2,expansion
4493,Jubail Commercial Port,buyer_opportunity_gate,"buyer opportunity gate: no buyer-intent signal found (labor, expansion, capex, RFP, deployment, or operations hiring)",COLD,0.0,Unknown,3,automation_interest
4494,Sokhna RSCT,buyer_opportunity_gate,"buyer opportunity gate: no buyer-intent signal found (labor, expansion, capex, RFP, deployment, or operations hiring)",COLD,0.0,Logistics,4,news
4498,New Survey,buyer_opportunity_gate,"buyer opportunity gate: no buyer-intent signal found (labor, expansion, capex, RFP, deployment, or operations hiring)",COLD,0.0,Medical Technology,2,news
4499,Klarna CEO AI,buyer_opportunity_gate,"buyer opportunity gate: no buyer-intent signal found (labor, expansion, capex, RFP, deployment, or operations hiring)",COLD,0.0,Media & Publishing,3,news
4500,Europe Autonomous Mobile,buyer_opportunity_gate,"buyer opportunity gate: no buyer-intent signal found (labor, expansion, capex, RFP, deployment, or operations hiring)",COLD,0.0,Unknown,2,automation_interest
4501,Digit Gets,buyer_opportunity_gate,"buyer opportunity gate: no buyer-intent signal found (labor, expansion, capex, RFP, deployment, or operations hiring)",COLD,0.0,Unknown,1,strategic_hire
4503,Sweetgreen,buyer_opportunity_gate,"buyer opportunity gate: seller/vendor or publisher story, not a buyer opportunity",COLD,0.0,Food Service,3,"news,strategic_hire"
4504,Restaurant Takeout,buyer_opportunity_gate,"buyer opportunity gate: no buyer-intent signal found (labor, expansion, capex, RFP, deployment, or operations hiring)",COLD,0.0,Food Service,1,news
4508,Imperial Hotels,buyer_opportunity_gate,"buyer opportunity gate: no buyer-intent signal found (labor, expansion, capex, RFP, deployment, or operations hiring)",COLD,0.0,Hospitality,1,expansion
4509,Data Center Robotics Industry Business,buyer_opportunity_gate,"buyer opportunity gate: seller/vendor or publisher story, not a buyer opportunity",COLD,0.0,Datacenters,2,automation_interest
4510,North San Antonio,buyer_opportunity_gate,"buyer opportunity gate: no buyer-intent signal found (labor, expansion, capex, RFP, deployment, or operations hiring)",COLD,0.0,Airports & Aviation,1,expansion
4514,Curb Appeal Cost-Saving Electric,buyer_opportunity_gate,"buyer opportunity gate: no buyer-intent signal found (labor, expansion, capex, RFP, deployment, or operations hiring)",COLD,0.0,Healthcare,3,strategic_hire
4515,Drug Channels News Roundup March,buyer_opportunity_gate,"buyer opportunity gate: no buyer-intent signal found (labor, expansion, capex, RFP, deployment, or operations hiring)",COLD,0.0,Healthcare,2,expansion
4516,MedTech Giant,buyer_opportunity_gate,"buyer opportunity gate: no buyer-intent signal found (labor, expansion, capex, RFP, deployment, or operations hiring)",COLD,0.0,Automotive & Manufacturing,1,news
4517,Medication Management,buyer_opportunity_gate,"buyer opportunity gate: no buyer-intent signal found (labor, expansion, capex, RFP, deployment, or operations hiring)",COLD,0.0,Unknown,1,expansion
4519,High-Growth Startup Business Ideas,buyer_opportunity_gate,"buyer opportunity gate: no buyer-intent signal found (labor, expansion, capex, RFP, deployment, or operations hiring)",COLD,0.0,Unknown,3,news
4520,Simtra BioPharma,buyer_opportunity_gate,"buyer opportunity gate: no buyer-intent signal found (labor, expansion, capex, RFP, deployment, or operations hiring)",COLD,0.0,Logistics,1,news
4523,INTRA-LOG Expo,buyer_opportunity_gate,"buyer opportunity gate: seller/vendor or publisher story, not a buyer opportunity",COLD,0.0,Unknown,3,expansion
4525,Top Finance Themes,buyer_opportunity_gate,"buyer opportunity gate: no buyer-intent signal found (labor, expansion, capex, RFP, deployment, or operations hiring)",COLD,0.0,Unknown,2,news
4526,Sysco-Restaurant Depot,buyer_opportunity_gate,"buyer opportunity gate: no buyer-intent signal found (labor, expansion, capex, RFP, deployment, or operations hiring)",COLD,0.0,Automotive & Manufacturing,1,news
4528,February M&A,buyer_opportunity_gate,"buyer opportunity gate: no buyer-intent signal found (labor, expansion, capex, RFP, deployment, or operations hiring)",COLD,0.0,Unknown,2,ma_activity
4529,Southeastern Grocers,buyer_opportunity_gate,"buyer opportunity gate: no buyer-intent signal found (labor, expansion, capex, RFP, deployment, or operations hiring)",COLD,0.0,Retail,1,news
4535,Hidden Opportunity,buyer_opportunity_gate,"buyer opportunity gate: no buyer-intent signal found (labor, expansion, capex, RFP, deployment, or operations hiring)",COLD,0.0,Unknown,2,automation_interest
4536,Rethinking Data Center Energy Management,buyer_opportunity_gate,"buyer opportunity gate: no buyer-intent signal found (labor, expansion, capex, RFP, deployment, or operations hiring)",COLD,0.0,Datacenters,2,news
4540,QIAGEN Marks,buyer_opportunity_gate,"buyer opportunity gate: seller/vendor or publisher story, not a buyer opportunity",COLD,0.0,Media & Publishing,2,strategic_hire
4544,Bentonville Dallas,buyer_opportunity_gate,"buyer opportunity gate: no buyer-intent signal found (labor, expansion, capex, RFP, deployment, or operations hiring)",COLD,0.0,Retail,2,expansion
4560,Radar General-purpose Embodied Intelligent,buyer_opportunity_gate,"buyer opportunity gate: no buyer-intent signal found (labor, expansion, capex, RFP, deployment, or operations hiring)",COLD,0.0,Unknown,1,automation_interest
4562,DNA Sequencing Electrophoresis Systems,buyer_opportunity_gate,"buyer opportunity gate: no buyer-intent signal found (labor, expansion, capex, RFP, deployment, or operations hiring)",COLD,0.0,Healthcare,2,news
4563,Clinical Diagnostics,buyer_opportunity_gate,"buyer opportunity gate: no buyer-intent signal found (labor, expansion, capex, RFP, deployment, or operations hiring)",COLD,0.0,Healthcare,5,news
4564,Navi Mumbai airport -,buyer_opportunity_gate,"buyer opportunity gate: no buyer-intent signal found (labor, expansion, capex, RFP, deployment, or operations hiring)",COLD,0.0,Airports & Aviation,1,news
4568,Demo Flight,buyer_opportunity_gate,"buyer opportunity gate: no buyer-intent signal found (labor, expansion, capex, RFP, deployment, or operations hiring)",COLD,0.0,Unknown,1,news
4574,Kuala Lumpur,buyer_opportunity_gate,"buyer opportunity gate: no buyer-intent signal found (labor, expansion, capex, RFP, deployment, or operations hiring)",COLD,0.0,Airports & Aviation,1,news
4575,Hong Kong Baptist Hospital,buyer_opportunity_gate,"buyer opportunity gate: no buyer-intent signal found (labor, expansion, capex, RFP, deployment, or operations hiring)",COLD,0.0,Healthcare,2,news
4576,New Croatian Restaurant Uses Five,buyer_opportunity_gate,"buyer opportunity gate: no buyer-intent signal found (labor, expansion, capex, RFP, deployment, or operations hiring)",COLD,0.0,Food Service,1,automation_interest
4578,Chipotle restaurants - AI Business,buyer_opportunity_gate,"buyer opportunity gate: no buyer-intent signal found (labor, expansion, capex, RFP, deployment, or operations hiring)",COLD,0.0,Food Service,1,expansion
4580,Japan Labor Crunch April,buyer_opportunity_gate,"buyer opportunity gate: no buyer-intent signal found (labor, expansion, capex, RFP, deployment, or operations hiring)",COLD,0.0,Unknown,2,news
4581,Secretly Pay Way,buyer_opportunity_gate,"buyer opportunity gate: no buyer-intent signal found (labor, expansion, capex, RFP, deployment, or operations hiring)",COLD,0.0,Unknown,1,news
4588,Intuitive Surgical NASDAQ,buyer_opportunity_gate,"buyer opportunity gate: no buyer-intent signal found (labor, expansion, capex, RFP, deployment, or operations hiring)",COLD,0.0,Medical Technology,1,strategic_hire
4589,Erlanger,buyer_opportunity_gate,"buyer opportunity gate: no buyer-intent signal found (labor, expansion, capex, RFP, deployment, or operations hiring)",COLD,0.0,Healthcare,1,news
4596,Intuitive Surgical ISRG,buyer_opportunity_gate,"buyer opportunity gate: no buyer-intent signal found (labor, expansion, capex, RFP, deployment, or operations hiring)",COLD,0.0,Medical Technology,1,news
4603,Vegetable Dicing Machines,buyer_opportunity_gate,"buyer opportunity gate: no buyer-intent signal found (labor, expansion, capex, RFP, deployment, or operations hiring)",COLD,0.0,Unknown,3,news
4604,Flow Pack Machine,buyer_opportunity_gate,"buyer opportunity gate: no buyer-intent signal found (labor, expansion, capex, RFP, deployment, or operations hiring)",COLD,0.0,Retail,1,news
4605,Corner Brook,buyer_opportunity_gate,"buyer opportunity gate: no buyer-intent signal found (labor, expansion, capex, RFP, deployment, or operations hiring)",COLD,0.0,Unknown,2,news
4609,Top Secondary Packaging,buyer_opportunity_gate,"buyer opportunity gate: no buyer-intent signal found (labor, expansion, capex, RFP, deployment, or operations hiring)",COLD,0.0,Retail,4,automation_interest
4613,Mobile Industrial,buyer_opportunity_gate,"buyer opportunity gate: no buyer-intent signal found (labor, expansion, capex, RFP, deployment, or operations hiring)",COLD,0.0,Unknown,1,expansion
4614,Productivity Solution Alliance Entertainment,buyer_opportunity_gate,"buyer opportunity gate: no buyer-intent signal found (labor, expansion, capex, RFP, deployment, or operations hiring)",COLD,0.0,Logistics,1,automation_interest
4617,Manufacturers Leaning,buyer_opportunity_gate,"buyer opportunity gate: no buyer-intent signal found (labor, expansion, capex, RFP, deployment, or operations hiring)",COLD,0.0,Unknown,2,news
4621,Hotels Resorts,buyer_opportunity_gate,"buyer opportunity gate: no buyer-intent signal found (labor, expansion, capex, RFP, deployment, or operations hiring)",COLD,0.0,Hospitality,2,expansion
4624,Switzerland Atomic Absorption Spectroscopy Instruments,buyer_opportunity_gate,"buyer opportunity gate: no buyer-intent signal found (labor, expansion, capex, RFP, deployment, or operations hiring)",COLD,0.0,Unknown,1,news
4631,Milan Malpensa,buyer_opportunity_gate,"buyer opportunity gate: no buyer-intent signal found (labor, expansion, capex, RFP, deployment, or operations hiring)",COLD,0.0,Airports & Aviation,3,expansion
4634,Winter Park Florida,buyer_opportunity_gate,"buyer opportunity gate: no buyer-intent signal found (labor, expansion, capex, RFP, deployment, or operations hiring)",COLD,0.0,Automotive & Manufacturing,3,news
4637,Fueling Up Who,buyer_opportunity_gate,"buyer opportunity gate: no buyer-intent signal found (labor, expansion, capex, RFP, deployment, or operations hiring)",COLD,0.0,Media & Publishing,1,news
4646,MHI Annual,buyer_opportunity_gate,"buyer opportunity gate: no buyer-intent signal found (labor, expansion, capex, RFP, deployment, or operations hiring)",COLD,0.0,Unknown,1,expansion
4647,Inside Modex,buyer_opportunity_gate,"buyer opportunity gate: no buyer-intent signal found (labor, expansion, capex, RFP, deployment, or operations hiring)",COLD,0.0,Unknown,1,expansion
4648,Plant Leipzig,buyer_opportunity_gate,"buyer opportunity gate: no buyer-intent signal found (labor, expansion, capex, RFP, deployment, or operations hiring)",COLD,0.0,Automotive & Manufacturing,1,automation_interest
4651,Tylent Technologies,buyer_opportunity_gate,"buyer opportunity gate: no buyer-intent signal found (labor, expansion, capex, RFP, deployment, or operations hiring)",COLD,0.0,Medical Technology,2,"news,strategic_hire"
4653,Pharmacy Compounding Ensures Accuracy Standardization,buyer_opportunity_gate,"buyer opportunity gate: no buyer-intent signal found (labor, expansion, capex, RFP, deployment, or operations hiring)",COLD,0.0,Medical Technology,2,expansion
4656,White Castle Debuts Futuristic Restaurant,buyer_opportunity_gate,"buyer opportunity gate: no buyer-intent signal found (labor, expansion, capex, RFP, deployment, or operations hiring)",COLD,0.0,Food Service,2,automation_interest
4658,Vicarious Surgical,buyer_opportunity_gate,"buyer opportunity gate: no buyer-intent signal found (labor, expansion, capex, RFP, deployment, or operations hiring)",COLD,0.0,Medical Technology,3,expansion
4661,Simcoa Operations,buyer_opportunity_gate,"buyer opportunity gate: no buyer-intent signal found (labor, expansion, capex, RFP, deployment, or operations hiring)",COLD,0.0,Unknown,2,automation_interest
4663,Time-of-Flight Sensors,buyer_opportunity_gate,"buyer opportunity gate: no buyer-intent signal found (labor, expansion, capex, RFP, deployment, or operations hiring)",COLD,0.0,Automotive & Manufacturing,2,automation_interest
4667,Sterling Sewing,buyer_opportunity_gate,"buyer opportunity gate: no buyer-intent signal found (labor, expansion, capex, RFP, deployment, or operations hiring)",COLD,0.0,Apparel & Textiles,1,ma_activity
4670,Taco Bell,buyer_opportunity_gate,"buyer opportunity gate: no buyer-intent signal found (labor, expansion, capex, RFP, deployment, or operations hiring)",COLD,0.0,Food Service,2,"expansion,news"
4677,Doubles Down,buyer_opportunity_gate,"buyer opportunity gate: no buyer-intent signal found (labor, expansion, capex, RFP, deployment, or operations hiring)",COLD,0.0,Logistics,2,news
4682,Forth Valley Royal Hospital Takes,buyer_opportunity_gate,"buyer opportunity gate: no buyer-intent signal found (labor, expansion, capex, RFP, deployment, or operations hiring)",COLD,0.0,Medical Technology,2,automation_interest
4684,Coming Soon,buyer_opportunity_gate,"buyer opportunity gate: no buyer-intent signal found (labor, expansion, capex, RFP, deployment, or operations hiring)",COLD,0.0,Airports & Aviation,3,news
4689,Park Senior Villas Chandler,buyer_opportunity_gate,"buyer opportunity gate: no buyer-intent signal found (labor, expansion, capex, RFP, deployment, or operations hiring)",COLD,0.0,Unknown,1,news
4690,Disposable Specimen Container,buyer_opportunity_gate,"buyer opportunity gate: no buyer-intent signal found (labor, expansion, capex, RFP, deployment, or operations hiring)",COLD,0.0,Unknown,1,news
4694,Get Started,buyer_opportunity_gate,"buyer opportunity gate: no buyer-intent signal found (labor, expansion, capex, RFP, deployment, or operations hiring)",COLD,0.0,Unknown,3,news
4695,Retail Cybersecurity Statistics,buyer_opportunity_gate,"buyer opportunity gate: no buyer-intent signal found (labor, expansion, capex, RFP, deployment, or operations hiring)",COLD,0.0,Retail,1,news
4697,Inside Walmart's,buyer_opportunity_gate,"buyer opportunity gate: no buyer-intent signal found (labor, expansion, capex, RFP, deployment, or operations hiring)",COLD,0.0,Retail,1,news
4705,Knoxville Headquarters - News - tnecd,buyer_opportunity_gate,"buyer opportunity gate: no buyer-intent signal found (labor, expansion, capex, RFP, deployment, or operations hiring)",COLD,0.0,Logistics,1,strategic_hire
4706,New Mexico Sandoval Regional Medical,buyer_opportunity_gate,"buyer opportunity gate: no buyer-intent signal found (labor, expansion, capex, RFP, deployment, or operations hiring)",COLD,0.0,Healthcare,3,news
4708,Companies Hiring Manufacturing Professionals Now,buyer_opportunity_gate,"buyer opportunity gate: no buyer-intent signal found (labor, expansion, capex, RFP, deployment, or operations hiring)",COLD,0.0,Automotive & Manufacturing,1,funding_round
4709,Inside Starbucks' supply,buyer_opportunity_gate,"buyer opportunity gate: no buyer-intent signal found (labor, expansion, capex, RFP, deployment, or operations hiring)",COLD,0.0,Media & Publishing,1,news
4711,Morrisons,buyer_opportunity_gate,"buyer opportunity gate: no buyer-intent signal found (labor, expansion, capex, RFP, deployment, or operations hiring)",COLD,0.0,Logistics,1,news
4715,Sewing Machine Electronic Control System,buyer_opportunity_gate,"buyer opportunity gate: no buyer-intent signal found (labor, expansion, capex, RFP, deployment, or operations hiring)",COLD,0.0,Automotive & Manufacturing,1,strategic_hire
4719,March update,buyer_opportunity_gate,"buyer opportunity gate: no buyer-intent signal found (labor, expansion, capex, RFP, deployment, or operations hiring)",COLD,0.0,Retail,1,strategic_hire
4722,Egypt Cartridge Systems,buyer_opportunity_gate,"buyer opportunity gate: no buyer-intent signal found (labor, expansion, capex, RFP, deployment, or operations hiring)",COLD,0.0,Unknown,1,expansion
4724,PharmaCare Newsletter,buyer_opportunity_gate,"buyer opportunity gate: no buyer-intent signal found (labor, expansion, capex, RFP, deployment, or operations hiring)",COLD,0.0,Unknown,3,news
4725,US hospitals - ft,buyer_opportunity_gate,"buyer opportunity gate: no buyer-intent signal found (labor, expansion, capex, RFP, deployment, or operations hiring)",COLD,0.0,Healthcare,1,automation_interest
4727,Vusion across Express Stores,buyer_opportunity_gate,"buyer opportunity gate: no buyer-intent signal found (labor, expansion, capex, RFP, deployment, or operations hiring)",COLD,0.0,Retail,2,"ma_activity,news"
4731,Rhodes convenience-store chain,buyer_opportunity_gate,"buyer opportunity gate: no buyer-intent signal found (labor, expansion, capex, RFP, deployment, or operations hiring)",COLD,0.0,Retail,1,news
4732,Rhodes convenience,buyer_opportunity_gate,"buyer opportunity gate: no buyer-intent signal found (labor, expansion, capex, RFP, deployment, or operations hiring)",COLD,0.0,Retail,1,news
4733,VA News,buyer_opportunity_gate,"buyer opportunity gate: no buyer-intent signal found (labor, expansion, capex, RFP, deployment, or operations hiring)",COLD,0.0,Unknown,1,news
4735,Workday Brings AI-Driven CLM Features,buyer_opportunity_gate,"buyer opportunity gate: no buyer-intent signal found (labor, expansion, capex, RFP, deployment, or operations hiring)",COLD,0.0,Datacenters,1,news
4736,Topic Warehouse,buyer_opportunity_gate,"buyer opportunity gate: no buyer-intent signal found (labor, expansion, capex, RFP, deployment, or operations hiring)",COLD,0.0,Logistics,1,automation_interest
4742,Live Ventures,buyer_opportunity_gate,"buyer opportunity gate: no buyer-intent signal found (labor, expansion, capex, RFP, deployment, or operations hiring)",COLD,0.0,Datacenters,2,news
4746,Egypt Pharma,buyer_opportunity_gate,"buyer opportunity gate: no buyer-intent signal found (labor, expansion, capex, RFP, deployment, or operations hiring)",COLD,0.0,Unknown,2,automation_interest
4748,Brazil Pharma,buyer_opportunity_gate,"buyer opportunity gate: no buyer-intent signal found (labor, expansion, capex, RFP, deployment, or operations hiring)",COLD,0.0,Unknown,1,automation_interest
4750,Restaurant Depot,buyer_opportunity_gate,"buyer opportunity gate: no buyer-intent signal found (labor, expansion, capex, RFP, deployment, or operations hiring)",COLD,0.0,Food Service,1,news
4751,Portugal Pharma,buyer_opportunity_gate,"buyer opportunity gate: no buyer-intent signal found (labor, expansion, capex, RFP, deployment, or operations hiring)",COLD,0.0,Unknown,2,automation_interest
4752,Radio Frequency Vision Combine,buyer_opportunity_gate,"buyer opportunity gate: no buyer-intent signal found (labor, expansion, capex, RFP, deployment, or operations hiring)",COLD,0.0,Unknown,1,expansion
4754,UBTECH Robotics Brings,buyer_opportunity_gate,"buyer opportunity gate: seller/vendor or publisher story, not a buyer opportunity",COLD,0.0,Media & Publishing,1,automation_interest
4759,Garment Technology Expo,buyer_opportunity_gate,"buyer opportunity gate: seller/vendor or publisher story, not a buyer opportunity",COLD,0.0,Apparel & Textiles,1,news
4770,Inventory,buyer_opportunity_gate,"buyer opportunity gate: no buyer-intent signal found (labor, expansion, capex, RFP, deployment, or operations hiring)",COLD,0.0,Unknown,1,news
4775,Chang Robotics Fund Doubles Portfolio,buyer_opportunity_gate,"buyer opportunity gate: no buyer-intent signal found (labor, expansion, capex, RFP, deployment, or operations hiring)",COLD,0.0,Healthcare,1,strategic_hire
4779,Cartoning Machines,buyer_opportunity_gate,"buyer opportunity gate: no buyer-intent signal found (labor, expansion, capex, RFP, deployment, or operations hiring)",COLD,0.0,Logistics,2,expansion
4780,World Horizontal Premade Pouch Packing,buyer_opportunity_gate,"buyer opportunity gate: no buyer-intent signal found (labor, expansion, capex, RFP, deployment, or operations hiring)",COLD,0.0,Unknown,2,news
4782,Cohesive Packaging,buyer_opportunity_gate,"buyer opportunity gate: seller/vendor or publisher story, not a buyer opportunity",COLD,0.0,Unknown,2,news
4783,Stretch Hood Films,buyer_opportunity_gate,"buyer opportunity gate: no buyer-intent signal found (labor, expansion, capex, RFP, deployment, or operations hiring)",COLD,0.0,Unknown,2,automation_interest
4786,Teradyne Q4 FY,buyer_opportunity_gate,"buyer opportunity gate: no buyer-intent signal found (labor, expansion, capex, RFP, deployment, or operations hiring)",COLD,0.0,Automotive & Manufacturing,2,news
4787,Shark Robot Vacuum Guide Which,buyer_opportunity_gate,"buyer opportunity gate: no buyer-intent signal found (labor, expansion, capex, RFP, deployment, or operations hiring)",COLD,0.0,Unknown,2,automation_interest
4796,Das LogiMAT,buyer_opportunity_gate,"buyer opportunity gate: no buyer-intent signal found (labor, expansion, capex, RFP, deployment, or operations hiring)",COLD,0.0,Unknown,1,news
4798,Escape - prospect,buyer_opportunity_gate,"buyer opportunity gate: no buyer-intent signal found (labor, expansion, capex, RFP, deployment, or operations hiring)",COLD,0.0,Unknown,1,funding_round
4804,X-ray Food Inspection,buyer_opportunity_gate,"buyer opportunity gate: no buyer-intent signal found (labor, expansion, capex, RFP, deployment, or operations hiring)",COLD,0.0,Unknown,2,automation_interest
4808,L-Nutra,buyer_opportunity_gate,"buyer opportunity gate: seller/vendor or publisher story, not a buyer opportunity",COLD,0.0,Media & Publishing,2,funding_round
4809,Mubadala,buyer_opportunity_gate,"buyer opportunity gate: seller/vendor or publisher story, not a buyer opportunity",COLD,0.0,Media & Publishing,2,funding_round
4810,Stand Alone Label Applicator,buyer_opportunity_gate,"buyer opportunity gate: no buyer-intent signal found (labor, expansion, capex, RFP, deployment, or operations hiring)",COLD,0.0,Unknown,1,news
4816,News Tango,buyer_opportunity_gate,"buyer opportunity gate: no buyer-intent signal found (labor, expansion, capex, RFP, deployment, or operations hiring)",COLD,0.0,Unknown,2,news
4819,Moves Business Forward - prnewswire,buyer_opportunity_gate,"buyer opportunity gate: no buyer-intent signal found (labor, expansion, capex, RFP, deployment, or operations hiring)",COLD,0.0,Retail,1,news
4823,Leaps Into,buyer_opportunity_gate,"buyer opportunity gate: no buyer-intent signal found (labor, expansion, capex, RFP, deployment, or operations hiring)",COLD,0.0,Apparel & Textiles,1,news
4835,Healthcare App Development Companies,buyer_opportunity_gate,"buyer opportunity gate: no buyer-intent signal found (labor, expansion, capex, RFP, deployment, or operations hiring)",COLD,0.0,Healthcare,2,news
4837,Noida International Airport,buyer_opportunity_gate,"buyer opportunity gate: no buyer-intent signal found (labor, expansion, capex, RFP, deployment, or operations hiring)",COLD,0.0,Automotive & Manufacturing,1,news
4838,Optimizing Lab Operations Key,buyer_opportunity_gate,"buyer opportunity gate: no buyer-intent signal found (labor, expansion, capex, RFP, deployment, or operations hiring)",COLD,0.0,Unknown,1,news
4846,Small-cap Medical Device Stocks Updated,buyer_opportunity_gate,"buyer opportunity gate: no buyer-intent signal found (labor, expansion, capex, RFP, deployment, or operations hiring)",COLD,0.0,Unknown,1,news
4849,Continuous Inkjet Printers,buyer_opportunity_gate,"buyer opportunity gate: no buyer-intent signal found (labor, expansion, capex, RFP, deployment, or operations hiring)",COLD,0.0,Unknown,1,automation_interest
4853,Hurricane Grill,buyer_opportunity_gate,"buyer opportunity gate: no buyer-intent signal found (labor, expansion, capex, RFP, deployment, or operations hiring)",COLD,0.0,Unknown,1,news
4857,Vallarta Supermarkets,buyer_opportunity_gate,"buyer opportunity gate: no buyer-intent signal found (labor, expansion, capex, RFP, deployment, or operations hiring)",COLD,0.0,Retail,2,news
4859,New Primal,buyer_opportunity_gate,"buyer opportunity gate: no buyer-intent signal found (labor, expansion, capex, RFP, deployment, or operations hiring)",COLD,0.0,Logistics,2,news
4861,Quest Diagnostics,buyer_opportunity_gate,"buyer opportunity gate: no buyer-intent signal found (labor, expansion, capex, RFP, deployment, or operations hiring)",COLD,0.0,Automotive & Manufacturing,2,expansion
4868,Saurabh Gupta,buyer_opportunity_gate,"buyer opportunity gate: no buyer-intent signal found (labor, expansion, capex, RFP, deployment, or operations hiring)",COLD,0.0,Unknown,2,strategic_hire
4872,Detroit Auto Show,buyer_opportunity_gate,"buyer opportunity gate: no buyer-intent signal found (labor, expansion, capex, RFP, deployment, or operations hiring)",COLD,0.0,Theme Parks & Entertainment,2,expansion
4875,Popular Florida chicken tender chain,buyer_opportunity_gate,"buyer opportunity gate: no buyer-intent signal found (labor, expansion, capex, RFP, deployment, or operations hiring)",COLD,0.0,Unknown,2,news
4876,Humanoid Helper Debuts,buyer_opportunity_gate,"buyer opportunity gate: no buyer-intent signal found (labor, expansion, capex, RFP, deployment, or operations hiring)",COLD,0.0,Airports & Aviation,2,funding_round
4879,Your TRICARE Pharmacy Program Benefit,buyer_opportunity_gate,"buyer opportunity gate: no buyer-intent signal found (labor, expansion, capex, RFP, deployment, or operations hiring)",COLD,0.0,Medical Technology,1,news
4888,EU India Free Trade Deal,buyer_opportunity_gate,"buyer opportunity gate: no buyer-intent signal found (labor, expansion, capex, RFP, deployment, or operations hiring)",COLD,0.0,Apparel & Textiles,1,expansion
4893,Fellowship Family,buyer_opportunity_gate,"buyer opportunity gate: no buyer-intent signal found (labor, expansion, capex, RFP, deployment, or operations hiring)",COLD,0.0,Unknown,1,news
4906,Escape -,buyer_opportunity_gate,"buyer opportunity gate: no buyer-intent signal found (labor, expansion, capex, RFP, deployment, or operations hiring)",COLD,0.0,Unknown,1,funding_round
4907,Eldridge Industries Apr,buyer_opportunity_gate,"buyer opportunity gate: no buyer-intent signal found (labor, expansion, capex, RFP, deployment, or operations hiring)",COLD,0.0,Unknown,1,ma_activity
4910,Green Technology,buyer_opportunity_gate,"buyer opportunity gate: no buyer-intent signal found (labor, expansion, capex, RFP, deployment, or operations hiring)",COLD,0.0,Unknown,1,expansion
4912,Data Center Generator,buyer_opportunity_gate,"buyer opportunity gate: no buyer-intent signal found (labor, expansion, capex, RFP, deployment, or operations hiring)",COLD,0.0,Datacenters,1,news
4913,Czech-Founded Mews,buyer_opportunity_gate,"buyer opportunity gate: no buyer-intent signal found (labor, expansion, capex, RFP, deployment, or operations hiring)",COLD,0.0,Unknown,1,funding_round
4915,Comprehensive Transportation & Logistics M&A,buyer_opportunity_gate,"buyer opportunity gate: no buyer-intent signal found (labor, expansion, capex, RFP, deployment, or operations hiring)",COLD,0.0,Logistics,1,funding_round
4917,Smithfield,buyer_opportunity_gate,"buyer opportunity gate: no buyer-intent signal found (labor, expansion, capex, RFP, deployment, or operations hiring)",COLD,0.0,Automotive & Manufacturing,2,news
4918,Metal Fabrication Equipment,buyer_opportunity_gate,"buyer opportunity gate: no buyer-intent signal found (labor, expansion, capex, RFP, deployment, or operations hiring)",COLD,0.0,Unknown,2,news
4920,Southern Berkshire Ambulance Contract,buyer_opportunity_gate,"buyer opportunity gate: no buyer-intent signal found (labor, expansion, capex, RFP, deployment, or operations hiring)",COLD,0.0,Automotive & Manufacturing,1,expansion
4921,Challenges Facing Healthcare,buyer_opportunity_gate,"buyer opportunity gate: no buyer-intent signal found (labor, expansion, capex, RFP, deployment, or operations hiring)",COLD,0.0,Healthcare,1,news
4922,MISSION SUCCESS Australian Hypersonic Pioneer,buyer_opportunity_gate,"buyer opportunity gate: no buyer-intent signal found (labor, expansion, capex, RFP, deployment, or operations hiring)",COLD,0.0,Unknown,1,news
4928,Comes Next - BBN Times,buyer_opportunity_gate,"buyer opportunity gate: no buyer-intent signal found (labor, expansion, capex, RFP, deployment, or operations hiring)",COLD,0.0,Healthcare,1,news
4930,February update,buyer_opportunity_gate,"buyer opportunity gate: no buyer-intent signal found (labor, expansion, capex, RFP, deployment, or operations hiring)",COLD,0.0,Retail,1,news
4933,Disabilities Committee Chairs Sound Alarm,buyer_opportunity_gate,"buyer opportunity gate: no buyer-intent signal found (labor, expansion, capex, RFP, deployment, or operations hiring)",COLD,0.0,Unknown,2,news
4934,ITS Logistics February Supply Chain,buyer_opportunity_gate,"buyer opportunity gate: seller/vendor or publisher story, not a buyer opportunity",COLD,0.0,Logistics,3,"automation_interest,news"
4935,Meat Dicing Machine,buyer_opportunity_gate,"buyer opportunity gate: no buyer-intent signal found (labor, expansion, capex, RFP, deployment, or operations hiring)",COLD,0.0,Unknown,3,news
4936,Prepared Food Equipment,buyer_opportunity_gate,"buyer opportunity gate: no buyer-intent signal found (labor, expansion, capex, RFP, deployment, or operations hiring)",COLD,0.0,Unknown,3,news
4938,Retail Technology News March,buyer_opportunity_gate,"buyer opportunity gate: no buyer-intent signal found (labor, expansion, capex, RFP, deployment, or operations hiring)",COLD,0.0,Retail,1,strategic_hire
4939,Retail Technology News January,buyer_opportunity_gate,"buyer opportunity gate: no buyer-intent signal found (labor, expansion, capex, RFP, deployment, or operations hiring)",COLD,0.0,Retail,2,news
4940,Retail Technology News February,buyer_opportunity_gate,"buyer opportunity gate: no buyer-intent signal found (labor, expansion, capex, RFP, deployment, or operations hiring)",COLD,0.0,Retail,2,news
4943,Staples Canada,buyer_opportunity_gate,"buyer opportunity gate: no buyer-intent signal found (labor, expansion, capex, RFP, deployment, or operations hiring)",COLD,0.0,Logistics,2,expansion
4945,Rigid Lines - cannabisequipmentnews,buyer_opportunity_gate,"buyer opportunity gate: no buyer-intent signal found (labor, expansion, capex, RFP, deployment, or operations hiring)",COLD,0.0,Unknown,1,expansion
4946,Milk Frothers Aced Our Tests,buyer_opportunity_gate,"buyer opportunity gate: no buyer-intent signal found (labor, expansion, capex, RFP, deployment, or operations hiring)",COLD,0.0,Unknown,1,news
4949,World Airport,buyer_opportunity_gate,"buyer opportunity gate: no buyer-intent signal found (labor, expansion, capex, RFP, deployment, or operations hiring)",COLD,0.0,Airports & Aviation,2,automation_interest
4950,Taco Bamba,buyer_opportunity_gate,"buyer opportunity gate: no buyer-intent signal found (labor, expansion, capex, RFP, deployment, or operations hiring)",COLD,0.0,Contract Manufacturing,1,news
4951,E-Commerce Software,buyer_opportunity_gate,"buyer opportunity gate: no buyer-intent signal found (labor, expansion, capex, RFP, deployment, or operations hiring)",COLD,0.0,Retail,2,news
4961,Urban Pharma Micro-Depot,buyer_opportunity_gate,"buyer opportunity gate: no buyer-intent signal found (labor, expansion, capex, RFP, deployment, or operations hiring)",COLD,0.0,Logistics,1,news
4962,Eufy Robot Vacuum Lineup Full,buyer_opportunity_gate,"buyer opportunity gate: no buyer-intent signal found (labor, expansion, capex, RFP, deployment, or operations hiring)",COLD,0.0,Unknown,1,automation_interest
4963,Humanoid Robot Stocks,buyer_opportunity_gate,"buyer opportunity gate: no buyer-intent signal found (labor, expansion, capex, RFP, deployment, or operations hiring)",COLD,0.0,Unknown,2,automation_interest
4966,Global Industrial Cooling Systems,buyer_opportunity_gate,"buyer opportunity gate: no buyer-intent signal found (labor, expansion, capex, RFP, deployment, or operations hiring)",COLD,0.0,Unknown,1,news
4971,Urban Outfitters Inc.,buyer_opportunity_gate,"buyer opportunity gate: no buyer-intent signal found (labor, expansion, capex, RFP, deployment, or operations hiring)",COLD,0.0,Retail,2,strategic_hire
4973,Vusion - Mass Market Retailers,buyer_opportunity_gate,"buyer opportunity gate: no buyer-intent signal found (labor, expansion, capex, RFP, deployment, or operations hiring)",COLD,0.0,Retail,1,news
4975,Standard HK,buyer_opportunity_gate,"buyer opportunity gate: no buyer-intent signal found (labor, expansion, capex, RFP, deployment, or operations hiring)",COLD,0.0,Unknown,2,"news,strategic_hire"
4983,Composite Textile Production Equipment,buyer_opportunity_gate,"buyer opportunity gate: no buyer-intent signal found (labor, expansion, capex, RFP, deployment, or operations hiring)",COLD,0.0,Automotive & Manufacturing,1,news
4984,Toshiba Innovation,buyer_opportunity_gate,"buyer opportunity gate: no buyer-intent signal found (labor, expansion, capex, RFP, deployment, or operations hiring)",COLD,0.0,Retail,4,"expansion,news,strategic_hire"
4988,Hungarian Firms,buyer_opportunity_gate,"buyer opportunity gate: no buyer-intent signal found (labor, expansion, capex, RFP, deployment, or operations hiring)",COLD,0.0,Food Service,1,news
4990,Dwbrobot,buyer_opportunity_gate,"buyer opportunity gate: no buyer-intent signal found (labor, expansion, capex, RFP, deployment, or operations hiring)",COLD,0.0,Automotive & Manufacturing,8,"automation_interest,expansion,strategic_hire"
4994,Micropolis AI Robotics NYSE MCRP,buyer_opportunity_gate,"buyer opportunity gate: no buyer-intent signal found (labor, expansion, capex, RFP, deployment, or operations hiring)",COLD,0.0,Unknown,1,automation_interest
4997,Freight Transportation Management,buyer_opportunity_gate,"buyer opportunity gate: no buyer-intent signal found (labor, expansion, capex, RFP, deployment, or operations hiring)",COLD,0.0,Logistics,3,news
4998,Year Technology Becomes Critical,buyer_opportunity_gate,"buyer opportunity gate: no buyer-intent signal found (labor, expansion, capex, RFP, deployment, or operations hiring)",COLD,0.0,Logistics,1,news
4999,CNN Business,buyer_opportunity_gate,"buyer opportunity gate: no buyer-intent signal found (labor, expansion, capex, RFP, deployment, or operations hiring)",COLD,0.0,Food Service,1,strategic_hire
5000,Tetra Pak,buyer_opportunity_gate,"buyer opportunity gate: no buyer-intent signal found (labor, expansion, capex, RFP, deployment, or operations hiring)",COLD,0.0,Automotive & Manufacturing,3,"automation_interest,news"
5002,World Hydraulic Fluids,buyer_opportunity_gate,"buyer opportunity gate: no buyer-intent signal found (labor, expansion, capex, RFP, deployment, or operations hiring)",COLD,0.0,Unknown,1,news
5009,US Leads,buyer_opportunity_gate,"buyer opportunity gate: no buyer-intent signal found (labor, expansion, capex, RFP, deployment, or operations hiring)",COLD,0.0,Medical Technology,2,news
5013,Da -,buyer_opportunity_gate,"buyer opportunity gate: no buyer-intent signal found (labor, expansion, capex, RFP, deployment, or operations hiring)",COLD,0.0,Datacenters,1,strategic_hire
5014,Rev Up Your Data Center,buyer_opportunity_gate,"buyer opportunity gate: no buyer-intent signal found (labor, expansion, capex, RFP, deployment, or operations hiring)",COLD,0.0,Datacenters,2,news
5017,Marriott International,buyer_opportunity_gate,"buyer opportunity gate: no buyer-intent signal found (labor, expansion, capex, RFP, deployment, or operations hiring)",COLD,0.0,Unknown,1,news
5024,HGTV Smart Home,buyer_opportunity_gate,"buyer opportunity gate: no buyer-intent signal found (labor, expansion, capex, RFP, deployment, or operations hiring)",COLD,0.0,Unknown,1,news
5025,Its Properties - LODGING Magazine,buyer_opportunity_gate,"buyer opportunity gate: no buyer-intent signal found (labor, expansion, capex, RFP, deployment, or operations hiring)",COLD,0.0,Hospitality,1,expansion
5033,Cumberland Farms,buyer_opportunity_gate,"buyer opportunity gate: no buyer-intent signal found (labor, expansion, capex, RFP, deployment, or operations hiring)",COLD,0.0,Unknown,2,expansion
5042,Medication Pouch Inspection Systems,buyer_opportunity_gate,"buyer opportunity gate: no buyer-intent signal found (labor, expansion, capex, RFP, deployment, or operations hiring)",COLD,0.0,Unknown,2,news
5045,Hospitality Labor ITB,buyer_opportunity_gate,"buyer opportunity gate: no buyer-intent signal found (labor, expansion, capex, RFP, deployment, or operations hiring)",COLD,0.0,Healthcare,3,automation_interest
5081,Startup Gimlet Labs,buyer_opportunity_gate,"buyer opportunity gate: no buyer-intent signal found (labor, expansion, capex, RFP, deployment, or operations hiring)",COLD,0.0,Unknown,1,news
5084,Introducing TM Forum,buyer_opportunity_gate,"buyer opportunity gate: no buyer-intent signal found (labor, expansion, capex, RFP, deployment, or operations hiring)",COLD,0.0,Unknown,1,news
5086,Exhibit USD,buyer_opportunity_gate,"buyer opportunity gate: no buyer-intent signal found (labor, expansion, capex, RFP, deployment, or operations hiring)",COLD,0.0,Healthcare,1,automation_interest
5088,Data Center World,buyer_opportunity_gate,"buyer opportunity gate: seller/vendor or publisher story, not a buyer opportunity",COLD,0.0,Datacenters,2,news
5089,Roundtable Where,buyer_opportunity_gate,"buyer opportunity gate: no buyer-intent signal found (labor, expansion, capex, RFP, deployment, or operations hiring)",COLD,0.0,Unknown,2,news
5090,Top AI Infrastructure Stocks,buyer_opportunity_gate,"buyer opportunity gate: no buyer-intent signal found (labor, expansion, capex, RFP, deployment, or operations hiring)",COLD,0.0,Unknown,1,news
5094,Slang AI,buyer_opportunity_gate,"buyer opportunity gate: seller/vendor or publisher story, not a buyer opportunity",COLD,0.0,Healthcare,2,funding_round
5099,Blood Pressure Cuffs,buyer_opportunity_gate,"buyer opportunity gate: no buyer-intent signal found (labor, expansion, capex, RFP, deployment, or operations hiring)",COLD,0.0,Unknown,1,news
5105,Bangladesh T&A,buyer_opportunity_gate,"buyer opportunity gate: no buyer-intent signal found (labor, expansion, capex, RFP, deployment, or operations hiring)",COLD,0.0,Hospitality,2,news
5106,Beijing Anzhen Hospital's,buyer_opportunity_gate,"buyer opportunity gate: no buyer-intent signal found (labor, expansion, capex, RFP, deployment, or operations hiring)",COLD,0.0,Healthcare,2,automation_interest
5120,Healthcare RCM Outsourcing,buyer_opportunity_gate,"buyer opportunity gate: no buyer-intent signal found (labor, expansion, capex, RFP, deployment, or operations hiring)",COLD,0.0,Healthcare,1,news
5128,White Castle - AI Business,buyer_opportunity_gate,"buyer opportunity gate: no buyer-intent signal found (labor, expansion, capex, RFP, deployment, or operations hiring)",COLD,0.0,Unknown,1,automation_interest
5129,ED Balance,buyer_opportunity_gate,"buyer opportunity gate: no buyer-intent signal found (labor, expansion, capex, RFP, deployment, or operations hiring)",COLD,0.0,Media & Publishing,1,news
5148,Nami Surgical,buyer_opportunity_gate,"buyer opportunity gate: no buyer-intent signal found (labor, expansion, capex, RFP, deployment, or operations hiring)",COLD,0.0,Medical Technology,2,automation_interest
5150,Walmart REI Back Unspun,buyer_opportunity_gate,"buyer opportunity gate: no buyer-intent signal found (labor, expansion, capex, RFP, deployment, or operations hiring)",COLD,0.0,Automotive & Manufacturing,2,news
5159,Chinese Hospital Robot Video Sparks,buyer_opportunity_gate,"buyer opportunity gate: no buyer-intent signal found (labor, expansion, capex, RFP, deployment, or operations hiring)",COLD,0.0,Healthcare,2,expansion
5164,World High Precision Microfluidic Pump,buyer_opportunity_gate,"buyer opportunity gate: no buyer-intent signal found (labor, expansion, capex, RFP, deployment, or operations hiring)",COLD,0.0,Unknown,2,news
5168,Big-D,buyer_opportunity_gate,"buyer opportunity gate: no buyer-intent signal found (labor, expansion, capex, RFP, deployment, or operations hiring)",COLD,0.0,Unknown,2,automation_interest
5173,HOJ Innovations,buyer_opportunity_gate,"buyer opportunity gate: no buyer-intent signal found (labor, expansion, capex, RFP, deployment, or operations hiring)",COLD,0.0,Hospitality,2,automation_interest
5174,Saks Global,buyer_opportunity_gate,"buyer opportunity gate: no buyer-intent signal found (labor, expansion, capex, RFP, deployment, or operations hiring)",COLD,0.0,Media & Publishing,2,ma_activity
5180,VenHub Global,buyer_opportunity_gate,"buyer opportunity gate: no buyer-intent signal found (labor, expansion, capex, RFP, deployment, or operations hiring)",COLD,0.0,Retail,2,strategic_hire
5181,Mexico Freight Transportation,buyer_opportunity_gate,"buyer opportunity gate: no buyer-intent signal found (labor, expansion, capex, RFP, deployment, or operations hiring)",COLD,0.0,Logistics,2,expansion
5183,Reshaping Supply Chains,buyer_opportunity_gate,"buyer opportunity gate: no buyer-intent signal found (labor, expansion, capex, RFP, deployment, or operations hiring)",COLD,0.0,Logistics,2,news
5186,US Supermarket Innovation,buyer_opportunity_gate,"buyer opportunity gate: no buyer-intent signal found (labor, expansion, capex, RFP, deployment, or operations hiring)",COLD,0.0,Retail,2,news
5188,WMW Artificial Intelligence PICVISA,buyer_opportunity_gate,"buyer opportunity gate: no buyer-intent signal found (labor, expansion, capex, RFP, deployment, or operations hiring)",COLD,0.0,Apparel & Textiles,2,news
5193,Manila Times,misattributed_headline,company name not found in signal text (mis-attributed headline fragment),COLD,0.0,Logistics,2,"automation_interest,strategic_hire"
5202,Warehouses Advances,buyer_opportunity_gate,"buyer opportunity gate: no buyer-intent signal found (labor, expansion, capex, RFP, deployment, or operations hiring)",COLD,0.0,Logistics,1,automation_interest
5204,Team Trials Robot Haz-Mut,buyer_opportunity_gate,"buyer opportunity gate: no buyer-intent signal found (labor, expansion, capex, RFP, deployment, or operations hiring)",COLD,0.0,Unknown,2,automation_interest
5210,Corn Milling Machine,buyer_opportunity_gate,"buyer opportunity gate: no buyer-intent signal found (labor, expansion, capex, RFP, deployment, or operations hiring)",COLD,0.0,Unknown,1,expansion
5213,Health tech AI firm,buyer_opportunity_gate,"buyer opportunity gate: no buyer-intent signal found (labor, expansion, capex, RFP, deployment, or operations hiring)",COLD,0.0,Unknown,1,news
5219,Essex pharmacy,buyer_opportunity_gate,"buyer opportunity gate: no buyer-intent signal found (labor, expansion, capex, RFP, deployment, or operations hiring)",COLD,0.0,Medical Technology,1,automation_interest
5220,Lexington VA Health Care System's,buyer_opportunity_gate,"buyer opportunity gate: no buyer-intent signal found (labor, expansion, capex, RFP, deployment, or operations hiring)",COLD,0.0,Medical Technology,1,expansion
5222,Surrey Memorial Hospital,buyer_opportunity_gate,"buyer opportunity gate: no buyer-intent signal found (labor, expansion, capex, RFP, deployment, or operations hiring)",COLD,0.0,Medical Technology,1,news
5224,Industrial Water Cooling System,buyer_opportunity_gate,"buyer opportunity gate: no buyer-intent signal found (labor, expansion, capex, RFP, deployment, or operations hiring)",COLD,0.0,Datacenters,1,news
5225,Infra Pipes,buyer_opportunity_gate,"buyer opportunity gate: no buyer-intent signal found (labor, expansion, capex, RFP, deployment, or operations hiring)",COLD,0.0,Automotive & Manufacturing,1,ma_activity
5228,Generative AI Data Center,buyer_opportunity_gate,"buyer opportunity gate: no buyer-intent signal found (labor, expansion, capex, RFP, deployment, or operations hiring)",COLD,0.0,Datacenters,1,news
5232,World Programmable,buyer_opportunity_gate,"buyer opportunity gate: no buyer-intent signal found (labor, expansion, capex, RFP, deployment, or operations hiring)",COLD,0.0,Unknown,1,strategic_hire
5234,Key AI Infrastructure Stock Bucks,buyer_opportunity_gate,"buyer opportunity gate: no buyer-intent signal found (labor, expansion, capex, RFP, deployment, or operations hiring)",COLD,0.0,Unknown,1,news
5237,Mexico Smart Manufacturing,buyer_opportunity_gate,"buyer opportunity gate: no buyer-intent signal found (labor, expansion, capex, RFP, deployment, or operations hiring)",COLD,0.0,Automotive & Manufacturing,1,expansion
5239,Rite-Hite Owner,buyer_opportunity_gate,"buyer opportunity gate: no buyer-intent signal found (labor, expansion, capex, RFP, deployment, or operations hiring)",COLD,0.0,Logistics,1,strategic_hire
5241,Spin Filters,buyer_opportunity_gate,"buyer opportunity gate: no buyer-intent signal found (labor, expansion, capex, RFP, deployment, or operations hiring)",COLD,0.0,Unknown,1,news
5243,Desert Sun,buyer_opportunity_gate,"buyer opportunity gate: no buyer-intent signal found (labor, expansion, capex, RFP, deployment, or operations hiring)",COLD,0.0,Food Service,1,news
5246,Columbus Dispatch,buyer_opportunity_gate,"buyer opportunity gate: no buyer-intent signal found (labor, expansion, capex, RFP, deployment, or operations hiring)",COLD,0.0,Automotive & Manufacturing,1,automation_interest
5250,TerraClear,buyer_opportunity_gate,"buyer opportunity gate: no buyer-intent signal found (labor, expansion, capex, RFP, deployment, or operations hiring)",COLD,0.0,Unknown,1,strategic_hire
5256,Pharmacy Management System,buyer_opportunity_gate,"buyer opportunity gate: seller/vendor or publisher story, not a buyer opportunity",COLD,0.0,Medical Technology,3,news
5258,Tastes Like,buyer_opportunity_gate,"buyer opportunity gate: no buyer-intent signal found (labor, expansion, capex, RFP, deployment, or operations hiring)",COLD,0.0,Food Service,1,automation_interest
5265,Korea Herald,buyer_opportunity_gate,"buyer opportunity gate: no buyer-intent signal found (labor, expansion, capex, RFP, deployment, or operations hiring)",COLD,0.0,Food Service,1,funding_round
5267,Tech Buzz,buyer_opportunity_gate,"buyer opportunity gate: no buyer-intent signal found (labor, expansion, capex, RFP, deployment, or operations hiring)",COLD,0.0,Hospitality,1,expansion
5269,Maximizing Uptime,buyer_opportunity_gate,"buyer opportunity gate: no buyer-intent signal found (labor, expansion, capex, RFP, deployment, or operations hiring)",COLD,0.0,Datacenters,1,news
5270,Plant Based Leather,buyer_opportunity_gate,"buyer opportunity gate: no buyer-intent signal found (labor, expansion, capex, RFP, deployment, or operations hiring)",COLD,0.0,Unknown,1,news
5271,World Gasket Seal Machine,buyer_opportunity_gate,"buyer opportunity gate: no buyer-intent signal found (labor, expansion, capex, RFP, deployment, or operations hiring)",COLD,0.0,Unknown,1,expansion
5273,Surgical Booms,buyer_opportunity_gate,"buyer opportunity gate: no buyer-intent signal found (labor, expansion, capex, RFP, deployment, or operations hiring)",COLD,0.0,Medical Technology,1,news
5274,Scaling Healthcare Operations Unlocking,buyer_opportunity_gate,"buyer opportunity gate: no buyer-intent signal found (labor, expansion, capex, RFP, deployment, or operations hiring)",COLD,0.0,Automotive & Manufacturing,1,automation_interest
5275,Biotech Investors Bet,buyer_opportunity_gate,"buyer opportunity gate: no buyer-intent signal found (labor, expansion, capex, RFP, deployment, or operations hiring)",COLD,0.0,Unknown,1,funding_round
5276,MOVA P10 Pro Ultra Problems,buyer_opportunity_gate,"buyer opportunity gate: no buyer-intent signal found (labor, expansion, capex, RFP, deployment, or operations hiring)",COLD,0.0,Unknown,1,news
5285,KION Group stock,buyer_opportunity_gate,"buyer opportunity gate: no buyer-intent signal found (labor, expansion, capex, RFP, deployment, or operations hiring)",COLD,0.0,Logistics,1,news
5294,KRUS Q1 Deep Dive Same-Store,buyer_opportunity_gate,"buyer opportunity gate: no buyer-intent signal found (labor, expansion, capex, RFP, deployment, or operations hiring)",COLD,0.0,Retail,1,news
5295,DHL warehouses,buyer_opportunity_gate,"buyer opportunity gate: no buyer-intent signal found (labor, expansion, capex, RFP, deployment, or operations hiring)",COLD,0.0,Logistics,1,expansion
5296,Global Apparel,buyer_opportunity_gate,"buyer opportunity gate: no buyer-intent signal found (labor, expansion, capex, RFP, deployment, or operations hiring)",COLD,0.0,Hospitality,1,news
5298,World Food Powder Packaging Machine,buyer_opportunity_gate,"buyer opportunity gate: no buyer-intent signal found (labor, expansion, capex, RFP, deployment, or operations hiring)",COLD,0.0,Unknown,1,news
5299,World Heavy Duty Band Sealer,buyer_opportunity_gate,"buyer opportunity gate: no buyer-intent signal found (labor, expansion, capex, RFP, deployment, or operations hiring)",COLD,0.0,Unknown,1,news
5300,Middle East Packaging Machinery,buyer_opportunity_gate,"buyer opportunity gate: no buyer-intent signal found (labor, expansion, capex, RFP, deployment, or operations hiring)",COLD,0.0,Unknown,1,news
5301,Top Load Cartoning Machines,buyer_opportunity_gate,"buyer opportunity gate: no buyer-intent signal found (labor, expansion, capex, RFP, deployment, or operations hiring)",COLD,0.0,Unknown,1,news
5302,Flexible Packaging Machinery,buyer_opportunity_gate,"buyer opportunity gate: no buyer-intent signal found (labor, expansion, capex, RFP, deployment, or operations hiring)",COLD,0.0,Retail,1,news
5307,Die Studie,buyer_opportunity_gate,"buyer opportunity gate: no buyer-intent signal found (labor, expansion, capex, RFP, deployment, or operations hiring)",COLD,0.0,Unknown,1,news
5309,Guadeloupe Airport,buyer_opportunity_gate,"buyer opportunity gate: no buyer-intent signal found (labor, expansion, capex, RFP, deployment, or operations hiring)",COLD,0.0,Airports & Aviation,1,news
5310,Da Nang airport,buyer_opportunity_gate,"buyer opportunity gate: no buyer-intent signal found (labor, expansion, capex, RFP, deployment, or operations hiring)",COLD,0.0,Airports & Aviation,1,news
5315,Fordham University,buyer_opportunity_gate,"buyer opportunity gate: no buyer-intent signal found (labor, expansion, capex, RFP, deployment, or operations hiring)",COLD,0.0,Healthcare,1,automation_interest
5316,Flippy maker Miso Robotics,buyer_opportunity_gate,"buyer opportunity gate: no buyer-intent signal found (labor, expansion, capex, RFP, deployment, or operations hiring)",COLD,0.0,Food Service,1,ma_activity
5318,Old Dominion,buyer_opportunity_gate,"buyer opportunity gate: no buyer-intent signal found (labor, expansion, capex, RFP, deployment, or operations hiring)",COLD,0.0,Logistics,1,news
5319,Forth Valley Hospital,buyer_opportunity_gate,"buyer opportunity gate: no buyer-intent signal found (labor, expansion, capex, RFP, deployment, or operations hiring)",COLD,0.0,Medical Technology,2,automation_interest
5321,Straits Times,buyer_opportunity_gate,"buyer opportunity gate: no buyer-intent signal found (labor, expansion, capex, RFP, deployment, or operations hiring)",COLD,0.0,Unknown,2,"expansion,strategic_hire"
5323,Drink Technology,buyer_opportunity_gate,"buyer opportunity gate: no buyer-intent signal found (labor, expansion, capex, RFP, deployment, or operations hiring)",COLD,0.0,Unknown,1,automation_interest
5326,Competitive Strategies and Market Leaders,buyer_opportunity_gate,"buyer opportunity gate: no buyer-intent signal found (labor, expansion, capex, RFP, deployment, or operations hiring)",COLD,0.0,Medical Technology,1,news
5329,National Robotics Week,buyer_opportunity_gate,"buyer opportunity gate: no buyer-intent signal found (labor, expansion, capex, RFP, deployment, or operations hiring)",COLD,0.0,Automotive & Manufacturing,1,automation_interest
5332,Churchill's birthplace,buyer_opportunity_gate,"buyer opportunity gate: no buyer-intent signal found (labor, expansion, capex, RFP, deployment, or operations hiring)",COLD,0.0,Unknown,1,expansion
5334,New Indian Express,buyer_opportunity_gate,"buyer opportunity gate: no buyer-intent signal found (labor, expansion, capex, RFP, deployment, or operations hiring)",COLD,0.0,Unknown,1,strategic_hire
5336,Philips Hue,buyer_opportunity_gate,"buyer opportunity gate: no buyer-intent signal found (labor, expansion, capex, RFP, deployment, or operations hiring)",COLD,0.0,Unknown,1,strategic_hire
5337,Financial Express,misattributed_headline,company name not found in signal text (mis-attributed headline fragment),COLD,0.0,Unknown,2,"expansion,news"
5338,Meta Blog,buyer_opportunity_gate,"buyer opportunity gate: no buyer-intent signal found (labor, expansion, capex, RFP, deployment, or operations hiring)",COLD,0.0,Unknown,1,news
5342,Uncle Julio,buyer_opportunity_gate,"buyer opportunity gate: no buyer-intent signal found (labor, expansion, capex, RFP, deployment, or operations hiring)",COLD,0.0,Food Service,1,news
5347,Fair Oaks Ranch,buyer_opportunity_gate,"buyer opportunity gate: no buyer-intent signal found (labor, expansion, capex, RFP, deployment, or operations hiring)",COLD,0.0,Unknown,1,expansion
5348,Shangri-La,buyer_opportunity_gate,"buyer opportunity gate: no buyer-intent signal found (labor, expansion, capex, RFP, deployment, or operations hiring)",COLD,0.0,Unknown,1,automation_interest
5349,Kennedy Space Center,buyer_opportunity_gate,"buyer opportunity gate: no buyer-intent signal found (labor, expansion, capex, RFP, deployment, or operations hiring)",COLD,0.0,Unknown,1,funding_round
5353,Labor Costs,buyer_opportunity_gate,"buyer opportunity gate: no buyer-intent signal found (labor, expansion, capex, RFP, deployment, or operations hiring)",COLD,0.0,Unknown,1,news
5358,Minimizing Cross-Contamination,buyer_opportunity_gate,"buyer opportunity gate: no buyer-intent signal found (labor, expansion, capex, RFP, deployment, or operations hiring)",COLD,0.0,Unknown,1,expansion
5370,Matalan Marks,buyer_opportunity_gate,"buyer opportunity gate: no buyer-intent signal found (labor, expansion, capex, RFP, deployment, or operations hiring)",COLD,0.0,Retail,1,news
5372,Europe Vies,buyer_opportunity_gate,"buyer opportunity gate: no buyer-intent signal found (labor, expansion, capex, RFP, deployment, or operations hiring)",COLD,0.0,Unknown,1,automation_interest
5374,Showcase Dreamfield Solution,buyer_opportunity_gate,"buyer opportunity gate: no buyer-intent signal found (labor, expansion, capex, RFP, deployment, or operations hiring)",COLD,0.0,Logistics,1,news
5376,HSE University,buyer_opportunity_gate,"buyer opportunity gate: no buyer-intent signal found (labor, expansion, capex, RFP, deployment, or operations hiring)",COLD,0.0,Logistics,1,automation_interest
5377,Knoxville Headquarters - News,buyer_opportunity_gate,"buyer opportunity gate: no buyer-intent signal found (labor, expansion, capex, RFP, deployment, or operations hiring)",COLD,0.0,Logistics,1,strategic_hire
5380,Capacity LATAM,buyer_opportunity_gate,"buyer opportunity gate: no buyer-intent signal found (labor, expansion, capex, RFP, deployment, or operations hiring)",COLD,0.0,Unknown,1,news
5387,Moves Business Forward,buyer_opportunity_gate,"buyer opportunity gate: no buyer-intent signal found (labor, expansion, capex, RFP, deployment, or operations hiring)",COLD,0.0,Retail,1,news
5395,Texas Tribune,buyer_opportunity_gate,"buyer opportunity gate: no buyer-intent signal found (labor, expansion, capex, RFP, deployment, or operations hiring)",COLD,0.0,Healthcare,3,"expansion,funding_round,news"
5402,China Clamps Down,buyer_opportunity_gate,"buyer opportunity gate: no buyer-intent signal found (labor, expansion, capex, RFP, deployment, or operations hiring)",COLD,0.0,Datacenters,1,news
5405,Empowering AI Stability,buyer_opportunity_gate,"buyer opportunity gate: no buyer-intent signal found (labor, expansion, capex, RFP, deployment, or operations hiring)",COLD,0.0,Datacenters,1,news
5414,Customers Love,buyer_opportunity_gate,"buyer opportunity gate: no buyer-intent signal found (labor, expansion, capex, RFP, deployment, or operations hiring)",COLD,0.0,Retail,1,news
5415,Broomfield Facility,buyer_opportunity_gate,"buyer opportunity gate: no buyer-intent signal found (labor, expansion, capex, RFP, deployment, or operations hiring)",COLD,0.0,Automotive & Manufacturing,1,ma_activity
5417,Top Retail Innovation Technology,buyer_opportunity_gate,"buyer opportunity gate: no buyer-intent signal found (labor, expansion, capex, RFP, deployment, or operations hiring)",COLD,0.0,Retail,1,automation_interest
5418,KBIS Awards,buyer_opportunity_gate,"buyer opportunity gate: no buyer-intent signal found (labor, expansion, capex, RFP, deployment, or operations hiring)",COLD,0.0,Unknown,1,expansion
5419,Bob Evans,buyer_opportunity_gate,"buyer opportunity gate: no buyer-intent signal found (labor, expansion, capex, RFP, deployment, or operations hiring)",COLD,0.0,Food Service,1,ma_activity
5421,Express Tribune,buyer_opportunity_gate,"buyer opportunity gate: no buyer-intent signal found (labor, expansion, capex, RFP, deployment, or operations hiring)",COLD,0.0,Unknown,1,strategic_hire
5427,Orlando Health,buyer_opportunity_gate,"buyer opportunity gate: no buyer-intent signal found (labor, expansion, capex, RFP, deployment, or operations hiring)",COLD,0.0,Healthcare,1,ma_activity
5428,Global Amusement And Theme Parks,buyer_opportunity_gate,"buyer opportunity gate: no buyer-intent signal found (labor, expansion, capex, RFP, deployment, or operations hiring)",COLD,0.0,Theme Parks & Entertainment,1,news
5429,Disneyland Paris,buyer_opportunity_gate,"buyer opportunity gate: no buyer-intent signal found (labor, expansion, capex, RFP, deployment, or operations hiring)",COLD,0.0,Theme Parks & Entertainment,1,news
5431,Epic Universe,buyer_opportunity_gate,"buyer opportunity gate: no buyer-intent signal found (labor, expansion, capex, RFP, deployment, or operations hiring)",COLD,0.0,Theme Parks & Entertainment,1,news
5432,Melting Pot Franchise,buyer_opportunity_gate,"buyer opportunity gate: no buyer-intent signal found (labor, expansion, capex, RFP, deployment, or operations hiring)",COLD,0.0,Food Service,1,news
5440,Chipotle restaurants,buyer_opportunity_gate,"buyer opportunity gate: no buyer-intent signal found (labor, expansion, capex, RFP, deployment, or operations hiring)",COLD,0.0,Food Service,1,expansion
5441,Compass Park,buyer_opportunity_gate,"buyer opportunity gate: no buyer-intent signal found (labor, expansion, capex, RFP, deployment, or operations hiring)",COLD,0.0,Unknown,1,news
5444,Ordr Technologies,buyer_opportunity_gate,"buyer opportunity gate: no buyer-intent signal found (labor, expansion, capex, RFP, deployment, or operations hiring)",COLD,0.0,Hospitality,1,ma_activity
5445,Stayntouch Hits Record-Breaking Quarter,buyer_opportunity_gate,"buyer opportunity gate: no buyer-intent signal found (labor, expansion, capex, RFP, deployment, or operations hiring)",COLD,0.0,Hospitality,1,expansion
5446,Its Properties,buyer_opportunity_gate,"buyer opportunity gate: no buyer-intent signal found (labor, expansion, capex, RFP, deployment, or operations hiring)",COLD,0.0,Hospitality,1,expansion
5448,Empowering Career,buyer_opportunity_gate,"buyer opportunity gate: no buyer-intent signal found (labor, expansion, capex, RFP, deployment, or operations hiring)",COLD,0.0,Automotive & Manufacturing,1,news
5449,PASCO Marks,buyer_opportunity_gate,"buyer opportunity gate: no buyer-intent signal found (labor, expansion, capex, RFP, deployment, or operations hiring)",COLD,0.0,Automotive & Manufacturing,1,automation_interest
5450,No Competitors Investing After Tasting,buyer_opportunity_gate,"buyer opportunity gate: no buyer-intent signal found (labor, expansion, capex, RFP, deployment, or operations hiring)",COLD,0.0,Food Service,1,automation_interest
5451,SOUTH TEXAS HEALTH SYSTEM MCALLEN,buyer_opportunity_gate,"buyer opportunity gate: no buyer-intent signal found (labor, expansion, capex, RFP, deployment, or operations hiring)",COLD,0.0,Healthcare,1,automation_interest
5452,World Anesthesia Equipment,buyer_opportunity_gate,"buyer opportunity gate: no buyer-intent signal found (labor, expansion, capex, RFP, deployment, or operations hiring)",COLD,0.0,Unknown,1,news
5454,Humanoid Robot Smashes Plates During,buyer_opportunity_gate,"buyer opportunity gate: no buyer-intent signal found (labor, expansion, capex, RFP, deployment, or operations hiring)",COLD,0.0,Food Service,1,automation_interest
5456,Battlefield,buyer_opportunity_gate,"buyer opportunity gate: no buyer-intent signal found (labor, expansion, capex, RFP, deployment, or operations hiring)",COLD,0.0,Unknown,1,news
5457,TUI Hotels,buyer_opportunity_gate,"buyer opportunity gate: no buyer-intent signal found (labor, expansion, capex, RFP, deployment, or operations hiring)",COLD,0.0,Hospitality,1,expansion
5459,Kutaisi International Airport,buyer_opportunity_gate,"buyer opportunity gate: no buyer-intent signal found (labor, expansion, capex, RFP, deployment, or operations hiring)",COLD,0.0,Airports & Aviation,1,strategic_hire
5463,CBJ conference,buyer_opportunity_gate,"buyer opportunity gate: seller/vendor or publisher story, not a buyer opportunity",COLD,0.0,Automotive & Manufacturing,1,expansion
5464,Humanoid Robot Companies By Shipments,buyer_opportunity_gate,"buyer opportunity gate: no buyer-intent signal found (labor, expansion, capex, RFP, deployment, or operations hiring)",COLD,0.0,Automotive & Manufacturing,1,automation_interest
5466,Waste Management,buyer_opportunity_gate,"buyer opportunity gate: no buyer-intent signal found (labor, expansion, capex, RFP, deployment, or operations hiring)",COLD,0.0,Unknown,1,news
5467,Jackson Hospital,buyer_opportunity_gate,"buyer opportunity gate: no buyer-intent signal found (labor, expansion, capex, RFP, deployment, or operations hiring)",COLD,0.0,Healthcare,1,news
5470,San Jose,buyer_opportunity_gate,"buyer opportunity gate: no buyer-intent signal found (labor, expansion, capex, RFP, deployment, or operations hiring)",COLD,0.0,Airports & Aviation,1,automation_interest
5471,Baldor Specialty Foods,buyer_opportunity_gate,"buyer opportunity gate: no buyer-intent signal found (labor, expansion, capex, RFP, deployment, or operations hiring)",COLD,0.0,Unknown,1,news
5473,Bridgestone,buyer_opportunity_gate,"buyer opportunity gate: no buyer-intent signal found (labor, expansion, capex, RFP, deployment, or operations hiring)",COLD,0.0,Logistics,1,news
5476,Valuation,buyer_opportunity_gate,"buyer opportunity gate: seller/vendor or publisher story, not a buyer opportunity",COLD,0.0,Unknown,1,funding_round
5477,Qualified Health,buyer_opportunity_gate,"buyer opportunity gate: no buyer-intent signal found (labor, expansion, capex, RFP, deployment, or operations hiring)",COLD,0.0,Healthcare,1,funding_round
5478,VieCure,buyer_opportunity_gate,"buyer opportunity gate: seller/vendor or publisher story, not a buyer opportunity",COLD,0.0,Healthcare,5,"expansion,funding_round,news"
5479,Midi Health,buyer_opportunity_gate,"buyer opportunity gate: no buyer-intent signal found (labor, expansion, capex, RFP, deployment, or operations hiring)",COLD,0.0,Healthcare,1,expansion
5482,Supermarket Stocks Well-Positioned,buyer_opportunity_gate,"buyer opportunity gate: no buyer-intent signal found (labor, expansion, capex, RFP, deployment, or operations hiring)",COLD,0.0,Retail,1,news
5483,Marriott India Tells Staff Clock,buyer_opportunity_gate,"buyer opportunity gate: no buyer-intent signal found (labor, expansion, capex, RFP, deployment, or operations hiring)",COLD,0.0,Unknown,2,news
5485,Bob Evans Restaurants,buyer_opportunity_gate,"buyer opportunity gate: no buyer-intent signal found (labor, expansion, capex, RFP, deployment, or operations hiring)",COLD,0.0,Food Service,1,ma_activity
5489,Gig Trap Algorithmic Wage,buyer_opportunity_gate,"buyer opportunity gate: no buyer-intent signal found (labor, expansion, capex, RFP, deployment, or operations hiring)",COLD,0.0,Unknown,1,news
5490,Farming Robot Top,buyer_opportunity_gate,"buyer opportunity gate: no buyer-intent signal found (labor, expansion, capex, RFP, deployment, or operations hiring)",COLD,0.0,Unknown,1,strategic_hire
5491,Energy Efficiency Fast-Tracking Affordable Energy,buyer_opportunity_gate,"buyer opportunity gate: no buyer-intent signal found (labor, expansion, capex, RFP, deployment, or operations hiring)",COLD,0.0,Unknown,1,news
5492,Lady Reading Hospital,buyer_opportunity_gate,"buyer opportunity gate: no buyer-intent signal found (labor, expansion, capex, RFP, deployment, or operations hiring)",COLD,0.0,Healthcare,2,automation_interest
5497,Food Contract Manufacturing,buyer_opportunity_gate,"buyer opportunity gate: no buyer-intent signal found (labor, expansion, capex, RFP, deployment, or operations hiring)",COLD,0.0,Automotive & Manufacturing,1,news
5502,Operion India,buyer_opportunity_gate,"buyer opportunity gate: no buyer-intent signal found (labor, expansion, capex, RFP, deployment, or operations hiring)",COLD,0.0,Unknown,1,automation_interest
5503,LEM Surgical,buyer_opportunity_gate,"buyer opportunity gate: no buyer-intent signal found (labor, expansion, capex, RFP, deployment, or operations hiring)",COLD,0.0,Medical Technology,1,automation_interest
5507,New Glenn,buyer_opportunity_gate,"buyer opportunity gate: no buyer-intent signal found (labor, expansion, capex, RFP, deployment, or operations hiring)",COLD,0.0,Unknown,1,news
5514,China Mobile Showed Off,buyer_opportunity_gate,"buyer opportunity gate: no buyer-intent signal found (labor, expansion, capex, RFP, deployment, or operations hiring)",COLD,0.0,Food Service,1,automation_interest
5517,CTA bus shelters,buyer_opportunity_gate,"buyer opportunity gate: no buyer-intent signal found (labor, expansion, capex, RFP, deployment, or operations hiring)",COLD,0.0,Logistics,1,automation_interest
5521,Onvida Health,buyer_opportunity_gate,"buyer opportunity gate: no buyer-intent signal found (labor, expansion, capex, RFP, deployment, or operations hiring)",COLD,0.0,Medical Technology,1,strategic_hire
5523,Dark Ages Unions Push Bills,buyer_opportunity_gate,"buyer opportunity gate: no buyer-intent signal found (labor, expansion, capex, RFP, deployment, or operations hiring)",COLD,0.0,Unknown,1,news
5527,Brushless Motor,buyer_opportunity_gate,"buyer opportunity gate: no buyer-intent signal found (labor, expansion, capex, RFP, deployment, or operations hiring)",COLD,0.0,Logistics,1,automation_interest
5528,Brick-and-Mortar Store,buyer_opportunity_gate,"buyer opportunity gate: no buyer-intent signal found (labor, expansion, capex, RFP, deployment, or operations hiring)",COLD,0.0,Retail,1,news
5529,Remote Sensing,buyer_opportunity_gate,"buyer opportunity gate: no buyer-intent signal found (labor, expansion, capex, RFP, deployment, or operations hiring)",COLD,0.0,Hospitality,1,expansion
5530,ITB Berlin,buyer_opportunity_gate,"buyer opportunity gate: no buyer-intent signal found (labor, expansion, capex, RFP, deployment, or operations hiring)",COLD,0.0,Hospitality,1,news
5531,Kebab Shop,buyer_opportunity_gate,"buyer opportunity gate: no buyer-intent signal found (labor, expansion, capex, RFP, deployment, or operations hiring)",COLD,0.0,Unknown,1,news
5533,Hyundai Translead Siemens Fanuc,buyer_opportunity_gate,"buyer opportunity gate: no buyer-intent signal found (labor, expansion, capex, RFP, deployment, or operations hiring)",COLD,0.0,Automotive & Manufacturing,1,expansion
5537,STL Uses HP SitePrint,buyer_opportunity_gate,"buyer opportunity gate: no buyer-intent signal found (labor, expansion, capex, RFP, deployment, or operations hiring)",COLD,0.0,Unknown,1,automation_interest
5539,Indian Restaurants Embrace,buyer_opportunity_gate,"buyer opportunity gate: no buyer-intent signal found (labor, expansion, capex, RFP, deployment, or operations hiring)",COLD,0.0,Healthcare,1,automation_interest
5545,Forecast Points Higher Toward,buyer_opportunity_gate,"buyer opportunity gate: no buyer-intent signal found (labor, expansion, capex, RFP, deployment, or operations hiring)",COLD,0.0,Automotive & Manufacturing,1,strategic_hire
5546,Hyperscale Data Center,buyer_opportunity_gate,"buyer opportunity gate: no buyer-intent signal found (labor, expansion, capex, RFP, deployment, or operations hiring)",COLD,0.0,Datacenters,1,strategic_hire
5548,Ezeiza International Airport,buyer_opportunity_gate,"buyer opportunity gate: no buyer-intent signal found (labor, expansion, capex, RFP, deployment, or operations hiring)",COLD,0.0,Airports & Aviation,1,strategic_hire
5551,World Robotic Packaging Machines,buyer_opportunity_gate,"buyer opportunity gate: no buyer-intent signal found (labor, expansion, capex, RFP, deployment, or operations hiring)",COLD,0.0,Unknown,1,strategic_hire
5552,Packaging Suction Cups,buyer_opportunity_gate,"buyer opportunity gate: no buyer-intent signal found (labor, expansion, capex, RFP, deployment, or operations hiring)",COLD,0.0,Unknown,1,strategic_hire
5553,Stress Testing,buyer_opportunity_gate,"buyer opportunity gate: no buyer-intent signal found (labor, expansion, capex, RFP, deployment, or operations hiring)",COLD,0.0,Unknown,1,news
5554,Two Harbors hospital,buyer_opportunity_gate,"buyer opportunity gate: no buyer-intent signal found (labor, expansion, capex, RFP, deployment, or operations hiring)",COLD,0.0,Healthcare,1,news
5555,World Selective Pallet Racking System,buyer_opportunity_gate,"buyer opportunity gate: no buyer-intent signal found (labor, expansion, capex, RFP, deployment, or operations hiring)",COLD,0.0,Unknown,1,news
5557,Primech AI,buyer_opportunity_gate,"buyer opportunity gate: no buyer-intent signal found (labor, expansion, capex, RFP, deployment, or operations hiring)",COLD,0.0,Unknown,2,automation_interest
5560,Telefonica Germany,buyer_opportunity_gate,"buyer opportunity gate: no buyer-intent signal found (labor, expansion, capex, RFP, deployment, or operations hiring)",COLD,0.0,Datacenters,1,news
5563,Economic Times,buyer_opportunity_gate,"buyer opportunity gate: no buyer-intent signal found (labor, expansion, capex, RFP, deployment, or operations hiring)",COLD,0.0,Unknown,1,news
5569,Packaging Part,buyer_opportunity_gate,"buyer opportunity gate: no buyer-intent signal found (labor, expansion, capex, RFP, deployment, or operations hiring)",COLD,0.0,Automotive & Manufacturing,2,automation_interest
5570,Case Forming Machines,buyer_opportunity_gate,"buyer opportunity gate: no buyer-intent signal found (labor, expansion, capex, RFP, deployment, or operations hiring)",COLD,0.0,Retail,1,automation_interest
5572,Tape Applicator Machines,buyer_opportunity_gate,"buyer opportunity gate: no buyer-intent signal found (labor, expansion, capex, RFP, deployment, or operations hiring)",COLD,0.0,Unknown,1,news
5579,Consumer Products,buyer_opportunity_gate,"buyer opportunity gate: no buyer-intent signal found (labor, expansion, capex, RFP, deployment, or operations hiring)",COLD,0.0,Unknown,2,news
5580,Dole Walmart,buyer_opportunity_gate,"buyer opportunity gate: seller/vendor or publisher story, not a buyer opportunity",COLD,0.0,Logistics,1,news
5581,Wrap Labelling Machine,buyer_opportunity_gate,"buyer opportunity gate: no buyer-intent signal found (labor, expansion, capex, RFP, deployment, or operations hiring)",COLD,0.0,Unknown,1,expansion
5585,Lee Li Holdings,buyer_opportunity_gate,"buyer opportunity gate: no buyer-intent signal found (labor, expansion, capex, RFP, deployment, or operations hiring)",COLD,0.0,Unknown,1,news
5594,Naked Dye-Free Doritos,buyer_opportunity_gate,"buyer opportunity gate: no buyer-intent signal found (labor, expansion, capex, RFP, deployment, or operations hiring)",COLD,0.0,Unknown,1,news
5595,Louisiana's Crawfish,buyer_opportunity_gate,"buyer opportunity gate: no buyer-intent signal found (labor, expansion, capex, RFP, deployment, or operations hiring)",COLD,0.0,Automotive & Manufacturing,1,news
5596,TNA Solutions,buyer_opportunity_gate,"buyer opportunity gate: no buyer-intent signal found (labor, expansion, capex, RFP, deployment, or operations hiring)",COLD,0.0,Hospitality,1,automation_interest
5608,Next Trucking,buyer_opportunity_gate,"buyer opportunity gate: no buyer-intent signal found (labor, expansion, capex, RFP, deployment, or operations hiring)",COLD,0.0,Unknown,1,news
5609,Trailborn,buyer_opportunity_gate,"buyer opportunity gate: no buyer-intent signal found (labor, expansion, capex, RFP, deployment, or operations hiring)",COLD,0.0,Healthcare,1,automation_interest
5613,Molson Coors,buyer_opportunity_gate,"buyer opportunity gate: no buyer-intent signal found (labor, expansion, capex, RFP, deployment, or operations hiring)",COLD,0.0,CPG & Consumer Goods,1,automation_interest
5620,Gebo Cermex,buyer_opportunity_gate,"buyer opportunity gate: no buyer-intent signal found (labor, expansion, capex, RFP, deployment, or operations hiring)",COLD,0.0,Unknown,1,news
5625,WellSpan York,buyer_opportunity_gate,"buyer opportunity gate: no buyer-intent signal found (labor, expansion, capex, RFP, deployment, or operations hiring)",COLD,0.0,Food Processing & Manufacturing,1,automation_interest
5626,Boston Logan Airport,buyer_opportunity_gate,"buyer opportunity gate: no buyer-intent signal found (labor, expansion, capex, RFP, deployment, or operations hiring)",COLD,0.0,Airports & Aviation,1,news
5629,Coca-Cola PepsiCo Monster Beverage Keurig,buyer_opportunity_gate,"buyer opportunity gate: no buyer-intent signal found (labor, expansion, capex, RFP, deployment, or operations hiring)",COLD,0.0,CPG & Consumer Goods,1,news
5630,SLMG Beverages,buyer_opportunity_gate,"buyer opportunity gate: no buyer-intent signal found (labor, expansion, capex, RFP, deployment, or operations hiring)",COLD,0.0,Unknown,1,expansion
5631,SLMG Beverages Surpasses,buyer_opportunity_gate,"buyer opportunity gate: no buyer-intent signal found (labor, expansion, capex, RFP, deployment, or operations hiring)",COLD,0.0,Unknown,1,news
5632,Home Depot Drip Irrigation,buyer_opportunity_gate,"buyer opportunity gate: no buyer-intent signal found (labor, expansion, capex, RFP, deployment, or operations hiring)",COLD,0.0,Unknown,1,news
5636,Goya Foods,buyer_opportunity_gate,"buyer opportunity gate: no buyer-intent signal found (labor, expansion, capex, RFP, deployment, or operations hiring)",COLD,0.0,Unknown,1,news
5637,Registration,buyer_opportunity_gate,"buyer opportunity gate: seller/vendor or publisher story, not a buyer opportunity",COLD,0.0,Unknown,3,"automation_interest,news"
5640,Bharat Forge Seals AI Robotics,buyer_opportunity_gate,"buyer opportunity gate: no buyer-intent signal found (labor, expansion, capex, RFP, deployment, or operations hiring)",COLD,0.0,Unknown,1,automation_interest
5645,Food Packaging Equipment,buyer_opportunity_gate,"buyer opportunity gate: no buyer-intent signal found (labor, expansion, capex, RFP, deployment, or operations hiring)",COLD,0.0,Food Processing & Manufacturing,1,news
5647,New Chapter,buyer_opportunity_gate,"buyer opportunity gate: no buyer-intent signal found (labor, expansion, capex, RFP, deployment, or operations hiring)",COLD,0.0,Unknown,1,automation_interest
5648,World Cigarette Packaging Machine,buyer_opportunity_gate,"buyer opportunity gate: no buyer-intent signal found (labor, expansion, capex, RFP, deployment, or operations hiring)",COLD,0.0,Unknown,1,news
5649,End-Of-Line Packaging,buyer_opportunity_gate,"buyer opportunity gate: no buyer-intent signal found (labor, expansion, capex, RFP, deployment, or operations hiring)",COLD,0.0,CPG & Consumer Goods,1,news
5650,Right Applications,buyer_opportunity_gate,"buyer opportunity gate: no buyer-intent signal found (labor, expansion, capex, RFP, deployment, or operations hiring)",COLD,0.0,Automotive & Manufacturing,1,automation_interest
5651,Co-Pack Cobot Palletizer Eliminates Changeover,buyer_opportunity_gate,"buyer opportunity gate: no buyer-intent signal found (labor, expansion, capex, RFP, deployment, or operations hiring)",COLD,0.0,Automotive & Manufacturing,1,automation_interest
5653,Physical AI Models Can Now,buyer_opportunity_gate,"buyer opportunity gate: no buyer-intent signal found (labor, expansion, capex, RFP, deployment, or operations hiring)",COLD,0.0,Automotive & Manufacturing,1,news
5654,Poultry Meat Processing,buyer_opportunity_gate,"buyer opportunity gate: no buyer-intent signal found (labor, expansion, capex, RFP, deployment, or operations hiring)",COLD,0.0,Food Processing & Manufacturing,1,automation_interest
5656,IDTechEx Analyzes,buyer_opportunity_gate,"buyer opportunity gate: no buyer-intent signal found (labor, expansion, capex, RFP, deployment, or operations hiring)",COLD,0.0,Food Processing & Manufacturing,1,automation_interest
5658,Cleaning Products CPG,buyer_opportunity_gate,"buyer opportunity gate: no buyer-intent signal found (labor, expansion, capex, RFP, deployment, or operations hiring)",COLD,0.0,CPG & Consumer Goods,1,automation_interest
5659,UiPath Pricing RPA Pricing Models,buyer_opportunity_gate,"buyer opportunity gate: no buyer-intent signal found (labor, expansion, capex, RFP, deployment, or operations hiring)",COLD,0.0,Unknown,1,news
5666,Multipurpose Pepsi,buyer_opportunity_gate,"buyer opportunity gate: no buyer-intent signal found (labor, expansion, capex, RFP, deployment, or operations hiring)",COLD,0.0,CPG & Consumer Goods,1,news
5667,Healthcare Facilities Management,buyer_opportunity_gate,"buyer opportunity gate: seller/vendor or publisher story, not a buyer opportunity",COLD,0.0,Healthcare,1,expansion
5668,Chamber Belt Vacuum Machine,buyer_opportunity_gate,"buyer opportunity gate: no buyer-intent signal found (labor, expansion, capex, RFP, deployment, or operations hiring)",COLD,0.0,Food Processing & Manufacturing,1,expansion
5670,Emerson Electric stock,buyer_opportunity_gate,"buyer opportunity gate: no buyer-intent signal found (labor, expansion, capex, RFP, deployment, or operations hiring)",COLD,0.0,Logistics,1,news
5672,Pringle Robotics Team,buyer_opportunity_gate,"buyer opportunity gate: no buyer-intent signal found (labor, expansion, capex, RFP, deployment, or operations hiring)",COLD,0.0,Unknown,1,automation_interest
5674,Shock Absorption,buyer_opportunity_gate,"buyer opportunity gate: no buyer-intent signal found (labor, expansion, capex, RFP, deployment, or operations hiring)",COLD,0.0,Automotive & Manufacturing,1,news
5675,Breaking Chef Robotics,buyer_opportunity_gate,"buyer opportunity gate: seller/vendor or publisher story, not a buyer opportunity",COLD,0.0,Automotive & Manufacturing,1,funding_round
5679,Qatar Surgical Robot Systems,buyer_opportunity_gate,"buyer opportunity gate: no buyer-intent signal found (labor, expansion, capex, RFP, deployment, or operations hiring)",COLD,0.0,Medical Technology,1,expansion
5689,QuikBot Technologies,buyer_opportunity_gate,"buyer opportunity gate: no buyer-intent signal found (labor, expansion, capex, RFP, deployment, or operations hiring)",COLD,0.0,Airports & Aviation,1,automation_interest
5694,Radius Packaging,buyer_opportunity_gate,"buyer opportunity gate: no buyer-intent signal found (labor, expansion, capex, RFP, deployment, or operations hiring)",COLD,0.0,Unknown,1,news
5717,Ontario Investing,buyer_opportunity_gate,"buyer opportunity gate: no buyer-intent signal found (labor, expansion, capex, RFP, deployment, or operations hiring)",COLD,0.0,Unknown,1,news
5718,Universal,buyer_opportunity_gate,"buyer opportunity gate: no buyer-intent signal found (labor, expansion, capex, RFP, deployment, or operations hiring)",COLD,0.0,Theme Parks & Entertainment,1,news
5720,Needle Gripper,buyer_opportunity_gate,"buyer opportunity gate: no buyer-intent signal found (labor, expansion, capex, RFP, deployment, or operations hiring)",COLD,0.0,Automotive & Manufacturing,1,automation_interest
5723,ICANotes,buyer_opportunity_gate,"buyer opportunity gate: no buyer-intent signal found (labor, expansion, capex, RFP, deployment, or operations hiring)",COLD,0.0,Healthcare,1,ma_activity
5725,Nothing Bundt Cakes,buyer_opportunity_gate,"buyer opportunity gate: no buyer-intent signal found (labor, expansion, capex, RFP, deployment, or operations hiring)",COLD,0.0,Food Service,1,expansion
5727,Kornit Digital Hosts Konnections,buyer_opportunity_gate,"buyer opportunity gate: no buyer-intent signal found (labor, expansion, capex, RFP, deployment, or operations hiring)",COLD,0.0,Hospitality,1,news
5728,Applied Automation,buyer_opportunity_gate,"buyer opportunity gate: no buyer-intent signal found (labor, expansion, capex, RFP, deployment, or operations hiring)",COLD,0.0,Logistics,1,automation_interest
5729,8 Automation Technologies Reshaping the Modern Warehouse,buyer_opportunity_gate,"buyer opportunity gate: no buyer-intent signal found (labor, expansion, capex, RFP, deployment, or operations hiring)",COLD,0.0,Logistics,1,automation_interest
5736,Exclusive: Newark clears 160-foot,buyer_opportunity_gate,"buyer opportunity gate: no buyer-intent signal found (labor, expansion, capex, RFP, deployment, or operations hiring)",COLD,0.0,Logistics,1,automation_interest
5744,Self,buyer_opportunity_gate,"buyer opportunity gate: no buyer-intent signal found (labor, expansion, capex, RFP, deployment, or operations hiring)",COLD,0.0,Airports & Aviation,2,"automation_interest,expansion"
5747,Cosco India,buyer_opportunity_gate,"buyer opportunity gate: no buyer-intent signal found (labor, expansion, capex, RFP, deployment, or operations hiring)",COLD,0.0,Unknown,1,news
5749,The Army,buyer_opportunity_gate,"buyer opportunity gate: no buyer-intent signal found (labor, expansion, capex, RFP, deployment, or operations hiring)",COLD,0.0,Food Processing & Manufacturing,1,automation_interest
5751,The Kebab Shop to,buyer_opportunity_gate,"buyer opportunity gate: no buyer-intent signal found (labor, expansion, capex, RFP, deployment, or operations hiring)",COLD,0.0,Unknown,1,news
5752,The Kebab Shop,buyer_opportunity_gate,"buyer opportunity gate: no buyer-intent signal found (labor, expansion, capex, RFP, deployment, or operations hiring)",COLD,0.0,Unknown,1,news
5755,8 Best Robotics Stocks,buyer_opportunity_gate,"buyer opportunity gate: no buyer-intent signal found (labor, expansion, capex, RFP, deployment, or operations hiring)",COLD,0.0,Media & Publishing,1,automation_interest
5757,to know about Chicago,buyer_opportunity_gate,"buyer opportunity gate: no buyer-intent signal found (labor, expansion, capex, RFP, deployment, or operations hiring)",COLD,0.0,Media & Publishing,1,automation_interest
5759,Delivery Robots Shatter Glass After Crashing,buyer_opportunity_gate,"buyer opportunity gate: no buyer-intent signal found (labor, expansion, capex, RFP, deployment, or operations hiring)",COLD,0.0,Logistics,3,automation_interest
5760,Surgical Site Infections Don’t,buyer_opportunity_gate,"buyer opportunity gate: no buyer-intent signal found (labor, expansion, capex, RFP, deployment, or operations hiring)",COLD,0.0,Medical Technology,1,news
5761,KPC Health facilities in California,buyer_opportunity_gate,"buyer opportunity gate: no buyer-intent signal found (labor, expansion, capex, RFP, deployment, or operations hiring)",COLD,0.0,Unknown,1,news
5763,University,buyer_opportunity_gate,"buyer opportunity gate: no buyer-intent signal found (labor, expansion, capex, RFP, deployment, or operations hiring)",COLD,0.0,Healthcare,2,"automation_interest,news"
5766,Disinfection Robot Market,buyer_opportunity_gate,"buyer opportunity gate: no buyer-intent signal found (labor, expansion, capex, RFP, deployment, or operations hiring)",COLD,0.0,Unknown,1,strategic_hire
5769,Five trends shaping healthcare,buyer_opportunity_gate,"buyer opportunity gate: no buyer-intent signal found (labor, expansion, capex, RFP, deployment, or operations hiring)",COLD,0.0,Healthcare,1,expansion
5770,CFOs Need Sustainable Workforce,buyer_opportunity_gate,"buyer opportunity gate: no buyer-intent signal found (labor, expansion, capex, RFP, deployment, or operations hiring)",COLD,0.0,Unknown,2,news
5774,Property Development: Spas,buyer_opportunity_gate,"buyer opportunity gate: no buyer-intent signal found (labor, expansion, capex, RFP, deployment, or operations hiring)",COLD,0.0,Casinos & Gaming,1,news
5778,As more jobs,buyer_opportunity_gate,"buyer opportunity gate: no buyer-intent signal found (labor, expansion, capex, RFP, deployment, or operations hiring)",COLD,0.0,Unknown,1,strategic_hire
5779,RDP’s 2026 Technology Roadmap,buyer_opportunity_gate,"buyer opportunity gate: no buyer-intent signal found (labor, expansion, capex, RFP, deployment, or operations hiring)",COLD,0.0,Hospitality,1,expansion
5781,J-1 worker numbers,buyer_opportunity_gate,"buyer opportunity gate: no buyer-intent signal found (labor, expansion, capex, RFP, deployment, or operations hiring)",COLD,0.0,Hospitality,1,automation_interest
5783,Smoky Mountains National Park,buyer_opportunity_gate,"buyer opportunity gate: no buyer-intent signal found (labor, expansion, capex, RFP, deployment, or operations hiring)",COLD,0.0,Unknown,1,expansion
5785,Arches National Park -,buyer_opportunity_gate,"buyer opportunity gate: no buyer-intent signal found (labor, expansion, capex, RFP, deployment, or operations hiring)",COLD,0.0,Unknown,1,news
5786,Chinese bubble tea chain Mixue straps,buyer_opportunity_gate,"buyer opportunity gate: no buyer-intent signal found (labor, expansion, capex, RFP, deployment, or operations hiring)",COLD,0.0,Theme Parks & Entertainment,1,news
5787,Disney Wants to ‘,buyer_opportunity_gate,"buyer opportunity gate: no buyer-intent signal found (labor, expansion, capex, RFP, deployment, or operations hiring)",COLD,0.0,Unknown,1,news
5789,Highest,buyer_opportunity_gate,"buyer opportunity gate: no buyer-intent signal found (labor, expansion, capex, RFP, deployment, or operations hiring)",COLD,0.0,Logistics,2,"automation_interest,news"
5790,Jobs: Who,buyer_opportunity_gate,"buyer opportunity gate: no buyer-intent signal found (labor, expansion, capex, RFP, deployment, or operations hiring)",COLD,0.0,Unknown,1,automation_interest
5792,AI and Automation Talent Demand Doubles as Tech,buyer_opportunity_gate,"buyer opportunity gate: no buyer-intent signal found (labor, expansion, capex, RFP, deployment, or operations hiring)",COLD,0.0,Unknown,1,automation_interest
5793,Japanese convenience stores,buyer_opportunity_gate,"buyer opportunity gate: no buyer-intent signal found (labor, expansion, capex, RFP, deployment, or operations hiring)",COLD,0.0,Retail,1,strategic_hire
5796,s Cheesesteaks,buyer_opportunity_gate,"buyer opportunity gate: no buyer-intent signal found (labor, expansion, capex, RFP, deployment, or operations hiring)",COLD,0.0,Food Service,1,expansion
5798,Moody’s and S&P endorsed a freight merger,buyer_opportunity_gate,"buyer opportunity gate: no buyer-intent signal found (labor, expansion, capex, RFP, deployment, or operations hiring)",COLD,0.0,Logistics,1,ma_activity
5799,Service Means,buyer_opportunity_gate,"buyer opportunity gate: no buyer-intent signal found (labor, expansion, capex, RFP, deployment, or operations hiring)",COLD,0.0,Hospitality,1,expansion
5802,The Full List,buyer_opportunity_gate,"buyer opportunity gate: no buyer-intent signal found (labor, expansion, capex, RFP, deployment, or operations hiring)",COLD,0.0,Automotive & Manufacturing,1,automation_interest
5806,‘America’s favorite’ food chain,buyer_opportunity_gate,"buyer opportunity gate: no buyer-intent signal found (labor, expansion, capex, RFP, deployment, or operations hiring)",COLD,0.0,Unknown,1,expansion
5808,Epson Robots to Showcase Scalable Retail Automation,buyer_opportunity_gate,"buyer opportunity gate: seller/vendor or publisher story, not a buyer opportunity",COLD,0.0,Retail,3,"automation_interest,strategic_hire"
5809,The Week’s 10 Biggest,buyer_opportunity_gate,"buyer opportunity gate: no buyer-intent signal found (labor, expansion, capex, RFP, deployment, or operations hiring)",COLD,0.0,Unknown,1,funding_round
5810,American Airlines’ Electronic Boarding Gates,buyer_opportunity_gate,"buyer opportunity gate: no buyer-intent signal found (labor, expansion, capex, RFP, deployment, or operations hiring)",COLD,0.0,Airports & Aviation,1,automation_interest
5819,AtomBite.AI,buyer_opportunity_gate,"buyer opportunity gate: no buyer-intent signal found (labor, expansion, capex, RFP, deployment, or operations hiring)",COLD,0.0,Food Service,1,expansion
5820,Gausium,buyer_opportunity_gate,"buyer opportunity gate: no buyer-intent signal found (labor, expansion, capex, RFP, deployment, or operations hiring)",COLD,0.0,Airports & Aviation,1,automation_interest
5821,Heathrow Airport wants the public to help,buyer_opportunity_gate,"buyer opportunity gate: no buyer-intent signal found (labor, expansion, capex, RFP, deployment, or operations hiring)",COLD,0.0,Airports & Aviation,1,automation_interest
5826,PASCO,buyer_opportunity_gate,"buyer opportunity gate: no buyer-intent signal found (labor, expansion, capex, RFP, deployment, or operations hiring)",COLD,0.0,Automotive & Manufacturing,1,automation_interest
5828,UPS Purchases 400 Robots to Unload Trucks,buyer_opportunity_gate,"buyer opportunity gate: no buyer-intent signal found (labor, expansion, capex, RFP, deployment, or operations hiring)",COLD,0.0,Unknown,1,automation_interest
5829,Bakers,buyer_opportunity_gate,"buyer opportunity gate: no buyer-intent signal found (labor, expansion, capex, RFP, deployment, or operations hiring)",COLD,0.0,Unknown,2,"automation_interest,strategic_hire"
5830,in 10 to 20 years,buyer_opportunity_gate,"buyer opportunity gate: no buyer-intent signal found (labor, expansion, capex, RFP, deployment, or operations hiring)",COLD,0.0,Unknown,1,automation_interest
5831,Arros AI,buyer_opportunity_gate,"buyer opportunity gate: no buyer-intent signal found (labor, expansion, capex, RFP, deployment, or operations hiring)",COLD,0.0,Unknown,1,funding_round
5839,Industry Insights: Emerging Trends,buyer_opportunity_gate,"buyer opportunity gate: no buyer-intent signal found (labor, expansion, capex, RFP, deployment, or operations hiring)",COLD,0.0,Automotive & Manufacturing,1,automation_interest
5840,5 insights on how cobots,buyer_opportunity_gate,"buyer opportunity gate: no buyer-intent signal found (labor, expansion, capex, RFP, deployment, or operations hiring)",COLD,0.0,Automotive & Manufacturing,2,automation_interest
5841,Throughput: Why Quality,buyer_opportunity_gate,"buyer opportunity gate: no buyer-intent signal found (labor, expansion, capex, RFP, deployment, or operations hiring)",COLD,0.0,Automotive & Manufacturing,1,automation_interest
5842,Zebra wants,buyer_opportunity_gate,"buyer opportunity gate: no buyer-intent signal found (labor, expansion, capex, RFP, deployment, or operations hiring)",COLD,0.0,Unknown,1,expansion
5845,Brinker,buyer_opportunity_gate,"buyer opportunity gate: no buyer-intent signal found (labor, expansion, capex, RFP, deployment, or operations hiring)",COLD,0.0,Food Service,1,automation_interest
5847,s Club,buyer_opportunity_gate,"buyer opportunity gate: no buyer-intent signal found (labor, expansion, capex, RFP, deployment, or operations hiring)",COLD,0.0,Retail,1,strategic_hire
5849,Dematic,buyer_opportunity_gate,"buyer opportunity gate: no buyer-intent signal found (labor, expansion, capex, RFP, deployment, or operations hiring)",COLD,0.0,Unknown,3,"automation_interest,strategic_hire"
5850,Kenco Recognized for Innovation,buyer_opportunity_gate,"buyer opportunity gate: no buyer-intent signal found (labor, expansion, capex, RFP, deployment, or operations hiring)",COLD,0.0,Hospitality,4,"expansion,news"
5851,‘No one’s,buyer_opportunity_gate,"buyer opportunity gate: no buyer-intent signal found (labor, expansion, capex, RFP, deployment, or operations hiring)",COLD,0.0,Unknown,1,automation_interest
5853,"In Japan, the robot isn’t",buyer_opportunity_gate,"buyer opportunity gate: no buyer-intent signal found (labor, expansion, capex, RFP, deployment, or operations hiring)",COLD,0.0,Unknown,1,automation_interest
5856,Correctional Officer Staffing,buyer_opportunity_gate,"buyer opportunity gate: no buyer-intent signal found (labor, expansion, capex, RFP, deployment, or operations hiring)",COLD,0.0,Unknown,1,news
5857,Want,buyer_opportunity_gate,"buyer opportunity gate: no buyer-intent signal found (labor, expansion, capex, RFP, deployment, or operations hiring)",COLD,0.0,Unknown,1,strategic_hire
5858,Thule,buyer_opportunity_gate,"buyer opportunity gate: no buyer-intent signal found (labor, expansion, capex, RFP, deployment, or operations hiring)",COLD,0.0,Automotive & Manufacturing,1,automation_interest
5859,Anno Robot’s Unmanned Solutions,buyer_opportunity_gate,"buyer opportunity gate: no buyer-intent signal found (labor, expansion, capex, RFP, deployment, or operations hiring)",COLD,0.0,Unknown,1,automation_interest
5861,Tracks Every Pallet from Dock Door to Departure,buyer_opportunity_gate,"buyer opportunity gate: no buyer-intent signal found (labor, expansion, capex, RFP, deployment, or operations hiring)",COLD,0.0,Unknown,2,automation_interest
5862,Bull,buyer_opportunity_gate,"buyer opportunity gate: no buyer-intent signal found (labor, expansion, capex, RFP, deployment, or operations hiring)",COLD,0.0,Unknown,1,automation_interest
5863,Autonomous Mobile Robots,buyer_opportunity_gate,"buyer opportunity gate: no buyer-intent signal found (labor, expansion, capex, RFP, deployment, or operations hiring)",COLD,0.0,Logistics,2,automation_interest
5864,Top 10,buyer_opportunity_gate,"buyer opportunity gate: no buyer-intent signal found (labor, expansion, capex, RFP, deployment, or operations hiring)",COLD,0.0,Logistics,2,"automation_interest,news"
5867,The Human Reset: Why Authenticity,buyer_opportunity_gate,"buyer opportunity gate: no buyer-intent signal found (labor, expansion, capex, RFP, deployment, or operations hiring)",COLD,0.0,Unknown,1,strategic_hire
5868,The story,buyer_opportunity_gate,"buyer opportunity gate: no buyer-intent signal found (labor, expansion, capex, RFP, deployment, or operations hiring)",COLD,0.0,Unknown,1,automation_interest
5869,Tesla to U,buyer_opportunity_gate,"buyer opportunity gate: no buyer-intent signal found (labor, expansion, capex, RFP, deployment, or operations hiring)",COLD,0.0,Automotive & Manufacturing,1,automation_interest
5872,US DOE,buyer_opportunity_gate,"buyer opportunity gate: no buyer-intent signal found (labor, expansion, capex, RFP, deployment, or operations hiring)",COLD,0.0,Unknown,1,funding_round
5873,5 lab automation trends emerging,buyer_opportunity_gate,"buyer opportunity gate: no buyer-intent signal found (labor, expansion, capex, RFP, deployment, or operations hiring)",COLD,0.0,Medical Technology,3,expansion
5874,"SLAS 2026: Orchestration patforms, API-first instruments",buyer_opportunity_gate,"buyer opportunity gate: no buyer-intent signal found (labor, expansion, capex, RFP, deployment, or operations hiring)",COLD,0.0,Unknown,1,news
5876,Lab Automation Market,buyer_opportunity_gate,"buyer opportunity gate: no buyer-intent signal found (labor, expansion, capex, RFP, deployment, or operations hiring)",COLD,0.0,Medical Technology,2,"expansion,strategic_hire"
5877,"Reaching USD 223 Billion by 2032,",buyer_opportunity_gate,"buyer opportunity gate: no buyer-intent signal found (labor, expansion, capex, RFP, deployment, or operations hiring)",COLD,0.0,Media & Publishing,1,news
5881,Type,buyer_opportunity_gate,"buyer opportunity gate: no buyer-intent signal found (labor, expansion, capex, RFP, deployment, or operations hiring)",COLD,0.0,Unknown,1,strategic_hire
5884,CKHA labs,buyer_opportunity_gate,"buyer opportunity gate: no buyer-intent signal found (labor, expansion, capex, RFP, deployment, or operations hiring)",COLD,0.0,Unknown,1,news
5885,s TechForce Robotics,buyer_opportunity_gate,"buyer opportunity gate: no buyer-intent signal found (labor, expansion, capex, RFP, deployment, or operations hiring)",COLD,0.0,Unknown,1,expansion
5886,Staubli Robotics to showcase new Sterimove,buyer_opportunity_gate,"buyer opportunity gate: no buyer-intent signal found (labor, expansion, capex, RFP, deployment, or operations hiring)",COLD,0.0,Hospitality,1,strategic_hire
5887,Trust,buyer_opportunity_gate,"buyer opportunity gate: no buyer-intent signal found (labor, expansion, capex, RFP, deployment, or operations hiring)",COLD,0.0,Medical Technology,3,"automation_interest,strategic_hire"
5888,a DCI,buyer_opportunity_gate,"buyer opportunity gate: no buyer-intent signal found (labor, expansion, capex, RFP, deployment, or operations hiring)",COLD,0.0,Healthcare,1,expansion
5890,Pharmacist oversight,buyer_opportunity_gate,"buyer opportunity gate: no buyer-intent signal found (labor, expansion, capex, RFP, deployment, or operations hiring)",COLD,0.0,Unknown,1,news
5894,Thailand Stands as a Global Leader,buyer_opportunity_gate,"buyer opportunity gate: no buyer-intent signal found (labor, expansion, capex, RFP, deployment, or operations hiring)",COLD,0.0,Medical Technology,2,automation_interest
5895,Riverside Regional Medical Center,buyer_opportunity_gate,"buyer opportunity gate: no buyer-intent signal found (labor, expansion, capex, RFP, deployment, or operations hiring)",COLD,0.0,Medical Technology,1,strategic_hire
5896,Top Robotics Stocks That,buyer_opportunity_gate,"buyer opportunity gate: no buyer-intent signal found (labor, expansion, capex, RFP, deployment, or operations hiring)",COLD,0.0,Unknown,1,automation_interest
5897,Top Robotics Stocks Worth,buyer_opportunity_gate,"buyer opportunity gate: no buyer-intent signal found (labor, expansion, capex, RFP, deployment, or operations hiring)",COLD,0.0,Unknown,2,"automation_interest,strategic_hire"
5898,Cost,buyer_opportunity_gate,"buyer opportunity gate: no buyer-intent signal found (labor, expansion, capex, RFP, deployment, or operations hiring)",COLD,0.0,Medical Technology,2,automation_interest
5899,7 Medtech Trends to Watch,buyer_opportunity_gate,"buyer opportunity gate: no buyer-intent signal found (labor, expansion, capex, RFP, deployment, or operations hiring)",COLD,0.0,Unknown,1,news
5900,Tampa Bay hospitals,buyer_opportunity_gate,"buyer opportunity gate: no buyer-intent signal found (labor, expansion, capex, RFP, deployment, or operations hiring)",COLD,0.0,Healthcare,1,expansion
5901,Narwal,buyer_opportunity_gate,"buyer opportunity gate: no buyer-intent signal found (labor, expansion, capex, RFP, deployment, or operations hiring)",COLD,0.0,Unknown,2,automation_interest
5904,The Best Smart Home Devices We've,buyer_opportunity_gate,"buyer opportunity gate: no buyer-intent signal found (labor, expansion, capex, RFP, deployment, or operations hiring)",COLD,0.0,Unknown,1,news
5905,From digital to physical,buyer_opportunity_gate,"buyer opportunity gate: no buyer-intent signal found (labor, expansion, capex, RFP, deployment, or operations hiring)",COLD,0.0,Unknown,1,automation_interest
5908,AI Robot Incident Sends Tableware Flying,buyer_opportunity_gate,"buyer opportunity gate: no buyer-intent signal found (labor, expansion, capex, RFP, deployment, or operations hiring)",COLD,0.0,Food Service,1,strategic_hire
5909,This spring’s best cooking classes,buyer_opportunity_gate,"buyer opportunity gate: no buyer-intent signal found (labor, expansion, capex, RFP, deployment, or operations hiring)",COLD,0.0,Unknown,1,news
5911,Pokémon,buyer_opportunity_gate,"buyer opportunity gate: no buyer-intent signal found (labor, expansion, capex, RFP, deployment, or operations hiring)",COLD,0.0,Unknown,1,expansion
5912,This AI Robot Cooks Burgers,buyer_opportunity_gate,"buyer opportunity gate: no buyer-intent signal found (labor, expansion, capex, RFP, deployment, or operations hiring)",COLD,0.0,Unknown,1,automation_interest
5913,Your Grill,buyer_opportunity_gate,"buyer opportunity gate: no buyer-intent signal found (labor, expansion, capex, RFP, deployment, or operations hiring)",COLD,0.0,Unknown,1,news
5916,Professor,buyer_opportunity_gate,"buyer opportunity gate: no buyer-intent signal found (labor, expansion, capex, RFP, deployment, or operations hiring)",COLD,0.0,Food Service,1,strategic_hire
5917,DEL in Roseate House Aerocity,buyer_opportunity_gate,"buyer opportunity gate: no buyer-intent signal found (labor, expansion, capex, RFP, deployment, or operations hiring)",COLD,0.0,Unknown,1,strategic_hire
5918,Humanoid Robot Smashes Plates During Dance Performance,buyer_opportunity_gate,"buyer opportunity gate: no buyer-intent signal found (labor, expansion, capex, RFP, deployment, or operations hiring)",COLD,0.0,Food Service,1,automation_interest
5919,NVIDIA GTC 2026: Live Updates on What’s Next,buyer_opportunity_gate,"buyer opportunity gate: no buyer-intent signal found (labor, expansion, capex, RFP, deployment, or operations hiring)",COLD,0.0,Unknown,1,news
5921,Physical AI Models Can Now Help,buyer_opportunity_gate,"buyer opportunity gate: no buyer-intent signal found (labor, expansion, capex, RFP, deployment, or operations hiring)",COLD,0.0,Automotive & Manufacturing,1,news
5922,WEPACK 2026 to showcase the future,buyer_opportunity_gate,"buyer opportunity gate: no buyer-intent signal found (labor, expansion, capex, RFP, deployment, or operations hiring)",COLD,0.0,Unknown,1,news
5923,Pre,buyer_opportunity_gate,"buyer opportunity gate: no buyer-intent signal found (labor, expansion, capex, RFP, deployment, or operations hiring)",COLD,0.0,Media & Publishing,1,news
5924,A 2025 Timeline,buyer_opportunity_gate,"buyer opportunity gate: no buyer-intent signal found (labor, expansion, capex, RFP, deployment, or operations hiring)",COLD,0.0,Food Processing & Manufacturing,1,automation_interest
5925,AAA20 Debuts Washdown Collaborative Palletizer for Food,buyer_opportunity_gate,"buyer opportunity gate: no buyer-intent signal found (labor, expansion, capex, RFP, deployment, or operations hiring)",COLD,0.0,Automotive & Manufacturing,1,automation_interest
5926,Coesia,buyer_opportunity_gate,"buyer opportunity gate: no buyer-intent signal found (labor, expansion, capex, RFP, deployment, or operations hiring)",COLD,0.0,Unknown,3,"automation_interest,news"
5927,Tire Plant Intralogistics Market,buyer_opportunity_gate,"buyer opportunity gate: no buyer-intent signal found (labor, expansion, capex, RFP, deployment, or operations hiring)",COLD,0.0,Logistics,1,automation_interest
5929,Autonomous Mobile Robots Market,buyer_opportunity_gate,"buyer opportunity gate: no buyer-intent signal found (labor, expansion, capex, RFP, deployment, or operations hiring)",COLD,0.0,Unknown,1,automation_interest
5931,Huayan Robotics to Debut,buyer_opportunity_gate,"buyer opportunity gate: no buyer-intent signal found (labor, expansion, capex, RFP, deployment, or operations hiring)",COLD,0.0,Unknown,2,expansion
5932,Y Combinator grad Glimpse,buyer_opportunity_gate,"buyer opportunity gate: seller/vendor or publisher story, not a buyer opportunity",COLD,0.0,Healthcare,1,expansion
5933,Hot Melt Adhesives,buyer_opportunity_gate,"buyer opportunity gate: no buyer-intent signal found (labor, expansion, capex, RFP, deployment, or operations hiring)",COLD,0.0,Automotive & Manufacturing,1,news
5934,Nestlé USA to Eliminate Use,buyer_opportunity_gate,"buyer opportunity gate: no buyer-intent signal found (labor, expansion, capex, RFP, deployment, or operations hiring)",COLD,0.0,Food Processing & Manufacturing,1,automation_interest
5935,Record Highs,buyer_opportunity_gate,"buyer opportunity gate: no buyer-intent signal found (labor, expansion, capex, RFP, deployment, or operations hiring)",COLD,0.0,Unknown,1,news
5936,Greeley,buyer_opportunity_gate,"buyer opportunity gate: no buyer-intent signal found (labor, expansion, capex, RFP, deployment, or operations hiring)",COLD,0.0,Unknown,1,news
5937,JBS strike,buyer_opportunity_gate,"buyer opportunity gate: no buyer-intent signal found (labor, expansion, capex, RFP, deployment, or operations hiring)",COLD,0.0,Unknown,1,news
5938,‘Big Four’ meatpackers under,buyer_opportunity_gate,"buyer opportunity gate: no buyer-intent signal found (labor, expansion, capex, RFP, deployment, or operations hiring)",COLD,0.0,Unknown,1,news
5941,2026 Bottler,buyer_opportunity_gate,"buyer opportunity gate: no buyer-intent signal found (labor, expansion, capex, RFP, deployment, or operations hiring)",COLD,0.0,CPG & Consumer Goods,1,news
5942,AI robotics and vision systems,buyer_opportunity_gate,"buyer opportunity gate: no buyer-intent signal found (labor, expansion, capex, RFP, deployment, or operations hiring)",COLD,0.0,Food Processing & Manufacturing,1,expansion
5943,Nvidia CEO,buyer_opportunity_gate,"buyer opportunity gate: seller/vendor or publisher story, not a buyer opportunity",COLD,0.0,Automotive & Manufacturing,1,strategic_hire
5947,Emerson Electric (EMR) Valuation Check After Jefferies,buyer_opportunity_gate,"buyer opportunity gate: no buyer-intent signal found (labor, expansion, capex, RFP, deployment, or operations hiring)",COLD,0.0,Unknown,1,strategic_hire
5948,Alstom to,buyer_opportunity_gate,"buyer opportunity gate: no buyer-intent signal found (labor, expansion, capex, RFP, deployment, or operations hiring)",COLD,0.0,Unknown,1,news
5949,Alstom,buyer_opportunity_gate,"buyer opportunity gate: no buyer-intent signal found (labor, expansion, capex, RFP, deployment, or operations hiring)",COLD,0.0,Unknown,1,news
5950,CorVel’s Sarah Scott: AI,buyer_opportunity_gate,"buyer opportunity gate: no buyer-intent signal found (labor, expansion, capex, RFP, deployment, or operations hiring)",COLD,0.0,Unknown,1,news
5952,Middle East conflict,buyer_opportunity_gate,"buyer opportunity gate: no buyer-intent signal found (labor, expansion, capex, RFP, deployment, or operations hiring)",COLD,0.0,Logistics,1,automation_interest
5953,Ball: 2026 Can Production ‘,buyer_opportunity_gate,"buyer opportunity gate: no buyer-intent signal found (labor, expansion, capex, RFP, deployment, or operations hiring)",COLD,0.0,Unknown,1,news
5955,Broadcom & TSMC,buyer_opportunity_gate,"buyer opportunity gate: no buyer-intent signal found (labor, expansion, capex, RFP, deployment, or operations hiring)",COLD,0.0,Logistics,1,expansion
5956,Dawn Foods,buyer_opportunity_gate,"buyer opportunity gate: no buyer-intent signal found (labor, expansion, capex, RFP, deployment, or operations hiring)",COLD,0.0,Automotive & Manufacturing,1,strategic_hire
5958,Campbell Soup,buyer_opportunity_gate,"buyer opportunity gate: no buyer-intent signal found (labor, expansion, capex, RFP, deployment, or operations hiring)",COLD,0.0,Automotive & Manufacturing,1,strategic_hire
5959,IMA Food North America,buyer_opportunity_gate,"buyer opportunity gate: no buyer-intent signal found (labor, expansion, capex, RFP, deployment, or operations hiring)",COLD,0.0,Unknown,1,news
5960,One week,buyer_opportunity_gate,"buyer opportunity gate: no buyer-intent signal found (labor, expansion, capex, RFP, deployment, or operations hiring)",COLD,0.0,Hospitality,1,news
5961,Teradyne’s AI,buyer_opportunity_gate,"buyer opportunity gate: no buyer-intent signal found (labor, expansion, capex, RFP, deployment, or operations hiring)",COLD,0.0,Automotive & Manufacturing,2,strategic_hire
5963,Tesla: Promises,buyer_opportunity_gate,"buyer opportunity gate: no buyer-intent signal found (labor, expansion, capex, RFP, deployment, or operations hiring)",COLD,0.0,Automotive & Manufacturing,1,strategic_hire
5966,Data Center Infrastructure Management (DCIM) Market,buyer_opportunity_gate,"buyer opportunity gate: no buyer-intent signal found (labor, expansion, capex, RFP, deployment, or operations hiring)",COLD,0.0,Datacenters,2,expansion
5967,AITX's RAD,buyer_opportunity_gate,"buyer opportunity gate: no buyer-intent signal found (labor, expansion, capex, RFP, deployment, or operations hiring)",COLD,0.0,Datacenters,2,news
5970,Connect | Virginia // Debate: Automation,buyer_opportunity_gate,"buyer opportunity gate: no buyer-intent signal found (labor, expansion, capex, RFP, deployment, or operations hiring)",COLD,0.0,Datacenters,1,strategic_hire
5971,The 5 pillars,buyer_opportunity_gate,"buyer opportunity gate: no buyer-intent signal found (labor, expansion, capex, RFP, deployment, or operations hiring)",COLD,0.0,Datacenters,1,news
5973,Key AI Infrastructure Stock Bucks Market,buyer_opportunity_gate,"buyer opportunity gate: no buyer-intent signal found (labor, expansion, capex, RFP, deployment, or operations hiring)",COLD,0.0,Unknown,2,"expansion,news"
5974,Advanced Cooling Solutions,buyer_opportunity_gate,"buyer opportunity gate: no buyer-intent signal found (labor, expansion, capex, RFP, deployment, or operations hiring)",COLD,0.0,Datacenters,1,strategic_hire
5975,Top 15 AI Data Center Companies,buyer_opportunity_gate,"buyer opportunity gate: no buyer-intent signal found (labor, expansion, capex, RFP, deployment, or operations hiring)",COLD,0.0,Datacenters,1,news
5976,Acquisition Of Qubits Energy To,buyer_opportunity_gate,"buyer opportunity gate: no buyer-intent signal found (labor, expansion, capex, RFP, deployment, or operations hiring)",COLD,0.0,Datacenters,1,ma_activity
5977,Acquisition Of Qubits Energy,buyer_opportunity_gate,"buyer opportunity gate: no buyer-intent signal found (labor, expansion, capex, RFP, deployment, or operations hiring)",COLD,0.0,Datacenters,1,ma_activity
5979,Dallas Hub,buyer_opportunity_gate,"buyer opportunity gate: no buyer-intent signal found (labor, expansion, capex, RFP, deployment, or operations hiring)",COLD,0.0,Airports & Aviation,1,strategic_hire
5981,AICM,buyer_opportunity_gate,"buyer opportunity gate: no buyer-intent signal found (labor, expansion, capex, RFP, deployment, or operations hiring)",COLD,0.0,Unknown,2,news
5983,LAX Airport Fees,buyer_opportunity_gate,"buyer opportunity gate: no buyer-intent signal found (labor, expansion, capex, RFP, deployment, or operations hiring)",COLD,0.0,Airports & Aviation,1,automation_interest
5985,Picture,buyer_opportunity_gate,"buyer opportunity gate: no buyer-intent signal found (labor, expansion, capex, RFP, deployment, or operations hiring)",COLD,0.0,Airports & Aviation,1,automation_interest
5986,America Most Enjoyable Airport: Southern Hub,buyer_opportunity_gate,"buyer opportunity gate: no buyer-intent signal found (labor, expansion, capex, RFP, deployment, or operations hiring)",COLD,0.0,Airports & Aviation,1,automation_interest
5988,Oshkosh ground support robots,buyer_opportunity_gate,"buyer opportunity gate: no buyer-intent signal found (labor, expansion, capex, RFP, deployment, or operations hiring)",COLD,0.0,Unknown,1,automation_interest
5989,"Dallas–Fort Worth, United",buyer_opportunity_gate,"buyer opportunity gate: no buyer-intent signal found (labor, expansion, capex, RFP, deployment, or operations hiring)",COLD,0.0,Airports & Aviation,1,automation_interest
5990,Airports,buyer_opportunity_gate,"buyer opportunity gate: no buyer-intent signal found (labor, expansion, capex, RFP, deployment, or operations hiring)",COLD,0.0,Airports & Aviation,3,"automation_interest,strategic_hire"
5991,Essential Guide to Shoptalk Spring 2026: Retail,buyer_opportunity_gate,"buyer opportunity gate: no buyer-intent signal found (labor, expansion, capex, RFP, deployment, or operations hiring)",COLD,0.0,Retail,1,expansion
5992,Simbe Tally shelf-scanning robot,buyer_opportunity_gate,"buyer opportunity gate: no buyer-intent signal found (labor, expansion, capex, RFP, deployment, or operations hiring)",COLD,0.0,Food Processing & Manufacturing,1,strategic_hire
5994,Safety Group,buyer_opportunity_gate,"buyer opportunity gate: no buyer-intent signal found (labor, expansion, capex, RFP, deployment, or operations hiring)",COLD,0.0,Unknown,1,strategic_hire
5999,Connected Worker Market,buyer_opportunity_gate,"buyer opportunity gate: no buyer-intent signal found (labor, expansion, capex, RFP, deployment, or operations hiring)",COLD,0.0,Unknown,1,news
6000,Interclean,buyer_opportunity_gate,"buyer opportunity gate: no buyer-intent signal found (labor, expansion, capex, RFP, deployment, or operations hiring)",COLD,0.0,Unknown,2,automation_interest
6001,Chinese Top 3,buyer_opportunity_gate,"buyer opportunity gate: no buyer-intent signal found (labor, expansion, capex, RFP, deployment, or operations hiring)",COLD,0.0,Unknown,1,automation_interest
6003,Agentic commerce,buyer_opportunity_gate,"buyer opportunity gate: no buyer-intent signal found (labor, expansion, capex, RFP, deployment, or operations hiring)",COLD,0.0,Retail,1,automation_interest
6004,It Means for Omnichannel,buyer_opportunity_gate,"buyer opportunity gate: no buyer-intent signal found (labor, expansion, capex, RFP, deployment, or operations hiring)",COLD,0.0,Logistics,1,expansion
6005,Thread,buyer_opportunity_gate,"buyer opportunity gate: no buyer-intent signal found (labor, expansion, capex, RFP, deployment, or operations hiring)",COLD,0.0,Apparel & Textiles,1,strategic_hire
6006,See how physical AI,buyer_opportunity_gate,"buyer opportunity gate: no buyer-intent signal found (labor, expansion, capex, RFP, deployment, or operations hiring)",COLD,0.0,Apparel & Textiles,1,automation_interest
6007,The Resurrection,buyer_opportunity_gate,"buyer opportunity gate: no buyer-intent signal found (labor, expansion, capex, RFP, deployment, or operations hiring)",COLD,0.0,Automotive & Manufacturing,1,news
6009,Kornit,buyer_opportunity_gate,"buyer opportunity gate: no buyer-intent signal found (labor, expansion, capex, RFP, deployment, or operations hiring)",COLD,0.0,Apparel & Textiles,1,news
6010,Global Fabric,buyer_opportunity_gate,"buyer opportunity gate: no buyer-intent signal found (labor, expansion, capex, RFP, deployment, or operations hiring)",COLD,0.0,Apparel & Textiles,1,news
6011,AI Robotics & Automation Showcased,buyer_opportunity_gate,"buyer opportunity gate: no buyer-intent signal found (labor, expansion, capex, RFP, deployment, or operations hiring)",COLD,0.0,Logistics,2,automation_interest
6012,The March,buyer_opportunity_gate,"buyer opportunity gate: no buyer-intent signal found (labor, expansion, capex, RFP, deployment, or operations hiring)",COLD,0.0,Logistics,1,automation_interest
6016,Top 11 AI,buyer_opportunity_gate,"buyer opportunity gate: no buyer-intent signal found (labor, expansion, capex, RFP, deployment, or operations hiring)",COLD,0.0,Apparel & Textiles,1,news
6017,Fashion’s AI Adoption,buyer_opportunity_gate,"buyer opportunity gate: no buyer-intent signal found (labor, expansion, capex, RFP, deployment, or operations hiring)",COLD,0.0,Apparel & Textiles,1,news
6018,Ecommerce Business Ideas: 22 Profitable Ways,buyer_opportunity_gate,"buyer opportunity gate: no buyer-intent signal found (labor, expansion, capex, RFP, deployment, or operations hiring)",COLD,0.0,CPG & Consumer Goods,3,"expansion,news"
6020,Mexico Smart,buyer_opportunity_gate,"buyer opportunity gate: no buyer-intent signal found (labor, expansion, capex, RFP, deployment, or operations hiring)",COLD,0.0,Automotive & Manufacturing,1,expansion
6021,America Makes,buyer_opportunity_gate,"buyer opportunity gate: no buyer-intent signal found (labor, expansion, capex, RFP, deployment, or operations hiring)",COLD,0.0,Automotive & Manufacturing,1,funding_round
6023,Ashdod Port Company,buyer_opportunity_gate,"buyer opportunity gate: no buyer-intent signal found (labor, expansion, capex, RFP, deployment, or operations hiring)",COLD,0.0,Unknown,1,expansion
6024,Port authority gatekeepers,buyer_opportunity_gate,"buyer opportunity gate: no buyer-intent signal found (labor, expansion, capex, RFP, deployment, or operations hiring)",COLD,0.0,Airports & Aviation,2,strategic_hire
6025,inaugurates Phase II and,buyer_opportunity_gate,"buyer opportunity gate: no buyer-intent signal found (labor, expansion, capex, RFP, deployment, or operations hiring)",COLD,0.0,Airports & Aviation,1,automation_interest
6027,The Top 10 Supply Chain Technology Trends to Watch,buyer_opportunity_gate,"buyer opportunity gate: no buyer-intent signal found (labor, expansion, capex, RFP, deployment, or operations hiring)",COLD,0.0,Logistics,1,strategic_hire
6028,Defense Logistics Market,buyer_opportunity_gate,"buyer opportunity gate: no buyer-intent signal found (labor, expansion, capex, RFP, deployment, or operations hiring)",COLD,0.0,Logistics,2,expansion
6030,"next 2 years, CEO",buyer_opportunity_gate,"buyer opportunity gate: no buyer-intent signal found (labor, expansion, capex, RFP, deployment, or operations hiring)",COLD,0.0,Logistics,1,automation_interest
6031,Kroger & Ocado:,buyer_opportunity_gate,"buyer opportunity gate: no buyer-intent signal found (labor, expansion, capex, RFP, deployment, or operations hiring)",COLD,0.0,Logistics,1,expansion
6032,Claire’s,buyer_opportunity_gate,"buyer opportunity gate: no buyer-intent signal found (labor, expansion, capex, RFP, deployment, or operations hiring)",COLD,0.0,Retail,3,news
6034,Research: Hospitality Technology Tops $1 Billion,buyer_opportunity_gate,"buyer opportunity gate: no buyer-intent signal found (labor, expansion, capex, RFP, deployment, or operations hiring)",COLD,0.0,Healthcare,1,expansion
6038,EHVA,buyer_opportunity_gate,"buyer opportunity gate: no buyer-intent signal found (labor, expansion, capex, RFP, deployment, or operations hiring)",COLD,0.0,Hospitality,1,automation_interest
6043,Mayo Clinic receives $75 million gift,buyer_opportunity_gate,"buyer opportunity gate: no buyer-intent signal found (labor, expansion, capex, RFP, deployment, or operations hiring)",COLD,0.0,Healthcare,1,automation_interest
6052,The best robo-advisors,buyer_opportunity_gate,"buyer opportunity gate: no buyer-intent signal found (labor, expansion, capex, RFP, deployment, or operations hiring)",COLD,0.0,Unknown,3,news
6053,Faster to,buyer_opportunity_gate,"buyer opportunity gate: no buyer-intent signal found (labor, expansion, capex, RFP, deployment, or operations hiring)",COLD,0.0,Hospitality,1,automation_interest
6054,NRA:,buyer_opportunity_gate,"buyer opportunity gate: no buyer-intent signal found (labor, expansion, capex, RFP, deployment, or operations hiring)",COLD,0.0,Food Service,1,automation_interest
6055,"AI, Automation Dominate F&B Innovations",buyer_opportunity_gate,"buyer opportunity gate: no buyer-intent signal found (labor, expansion, capex, RFP, deployment, or operations hiring)",COLD,0.0,Hospitality,1,automation_interest
6058,The most innovative logistics companies,buyer_opportunity_gate,"buyer opportunity gate: no buyer-intent signal found (labor, expansion, capex, RFP, deployment, or operations hiring)",COLD,0.0,Logistics,1,automation_interest
6060,Anchr: $5.8 Million,buyer_opportunity_gate,"buyer opportunity gate: seller/vendor or publisher story, not a buyer opportunity",COLD,0.0,Unknown,1,funding_round
6061,Anchr,buyer_opportunity_gate,"buyer opportunity gate: seller/vendor or publisher story, not a buyer opportunity",COLD,0.0,Logistics,5,"automation_interest,expansion,strategic_hire"
6062,Ocado,buyer_opportunity_gate,"buyer opportunity gate: no buyer-intent signal found (labor, expansion, capex, RFP, deployment, or operations hiring)",COLD,0.0,Retail,1,expansion
6063,Delivery Robot Apologizes,buyer_opportunity_gate,"buyer opportunity gate: no buyer-intent signal found (labor, expansion, capex, RFP, deployment, or operations hiring)",COLD,0.0,Logistics,1,automation_interest
6064,data with Waze users,buyer_opportunity_gate,"buyer opportunity gate: no buyer-intent signal found (labor, expansion, capex, RFP, deployment, or operations hiring)",COLD,0.0,Unknown,1,strategic_hire
6071,The biggest restaurant tech stories,buyer_opportunity_gate,"buyer opportunity gate: no buyer-intent signal found (labor, expansion, capex, RFP, deployment, or operations hiring)",COLD,0.0,Food Service,1,news
6072,The Top,buyer_opportunity_gate,"buyer opportunity gate: no buyer-intent signal found (labor, expansion, capex, RFP, deployment, or operations hiring)",COLD,0.0,Unknown,2,news
6073,A Sober Look,buyer_opportunity_gate,"buyer opportunity gate: no buyer-intent signal found (labor, expansion, capex, RFP, deployment, or operations hiring)",COLD,0.0,Unknown,1,strategic_hire
6074,Polish robotics startup Nomagic,buyer_opportunity_gate,"buyer opportunity gate: seller/vendor or publisher story, not a buyer opportunity",COLD,0.0,Unknown,2,automation_interest
6077,Industrial Racking System Market,fast_junk,junk substring: 'system market',COLD,0.0,Logistics,2,automation_interest
6078,Arla Foods and XPO Logistics to,buyer_opportunity_gate,"buyer opportunity gate: no buyer-intent signal found (labor, expansion, capex, RFP, deployment, or operations hiring)",COLD,0.0,Logistics,2,automation_interest
6081,6 Defining,buyer_opportunity_gate,"buyer opportunity gate: no buyer-intent signal found (labor, expansion, capex, RFP, deployment, or operations hiring)",COLD,0.0,Automotive & Manufacturing,1,news
6087,Three New Regulations That,buyer_opportunity_gate,"buyer opportunity gate: no buyer-intent signal found (labor, expansion, capex, RFP, deployment, or operations hiring)",COLD,0.0,Unknown,1,news
6088,San José Mineta International Airport,buyer_opportunity_gate,"buyer opportunity gate: no buyer-intent signal found (labor, expansion, capex, RFP, deployment, or operations hiring)",COLD,0.0,Airports & Aviation,1,automation_interest
6089,Airbus,buyer_opportunity_gate,"buyer opportunity gate: no buyer-intent signal found (labor, expansion, capex, RFP, deployment, or operations hiring)",COLD,0.0,Automotive & Manufacturing,1,funding_round
6090,Airport Robots Market: When Machines,buyer_opportunity_gate,"buyer opportunity gate: no buyer-intent signal found (labor, expansion, capex, RFP, deployment, or operations hiring)",COLD,0.0,Airports & Aviation,1,automation_interest
6091,FTE BIWG – what’s,buyer_opportunity_gate,"buyer opportunity gate: no buyer-intent signal found (labor, expansion, capex, RFP, deployment, or operations hiring)",COLD,0.0,Unknown,1,strategic_hire
6092,TRAVEL,buyer_opportunity_gate,"buyer opportunity gate: no buyer-intent signal found (labor, expansion, capex, RFP, deployment, or operations hiring)",COLD,0.0,Unknown,1,news
6099,Humanoid Robots: Hype or the Future,buyer_opportunity_gate,"buyer opportunity gate: no buyer-intent signal found (labor, expansion, capex, RFP, deployment, or operations hiring)",COLD,0.0,Automotive & Manufacturing,1,automation_interest
6100,Co-Pack Cobot Palletizer Eliminates Changeover (&,buyer_opportunity_gate,"buyer opportunity gate: no buyer-intent signal found (labor, expansion, capex, RFP, deployment, or operations hiring)",COLD,0.0,Automotive & Manufacturing,1,automation_interest
6101,LigoLab Highlights AI and Automation Insights,buyer_opportunity_gate,"buyer opportunity gate: seller/vendor or publisher story, not a buyer opportunity",COLD,0.0,Unknown,2,automation_interest
6103,Loblaw to,buyer_opportunity_gate,"buyer opportunity gate: no buyer-intent signal found (labor, expansion, capex, RFP, deployment, or operations hiring)",COLD,0.0,Retail,1,news
6104,New York Kitchen Robotics Company Aniai,buyer_opportunity_gate,"buyer opportunity gate: seller/vendor or publisher story, not a buyer opportunity",COLD,0.0,Food Service,1,funding_round
6108,Adoption,buyer_opportunity_gate,"buyer opportunity gate: no buyer-intent signal found (labor, expansion, capex, RFP, deployment, or operations hiring)",COLD,0.0,Healthcare,1,automation_interest
6110,For-Profit Hospitals,buyer_opportunity_gate,"buyer opportunity gate: no buyer-intent signal found (labor, expansion, capex, RFP, deployment, or operations hiring)",COLD,0.0,Healthcare,1,expansion
6112,Senior preferences prompt developer’s,buyer_opportunity_gate,"buyer opportunity gate: no buyer-intent signal found (labor, expansion, capex, RFP, deployment, or operations hiring)",COLD,0.0,Unknown,1,news
6117,Predictions for poultry production,buyer_opportunity_gate,"buyer opportunity gate: no buyer-intent signal found (labor, expansion, capex, RFP, deployment, or operations hiring)",COLD,0.0,Unknown,1,news
6118,Seattle startup,buyer_opportunity_gate,"buyer opportunity gate: no buyer-intent signal found (labor, expansion, capex, RFP, deployment, or operations hiring)",COLD,0.0,Unknown,1,news
6119,Top 25 Companies,buyer_opportunity_gate,"buyer opportunity gate: no buyer-intent signal found (labor, expansion, capex, RFP, deployment, or operations hiring)",COLD,0.0,Unknown,1,expansion
6120,Smart Airport Technology: How Innovation,buyer_opportunity_gate,"buyer opportunity gate: no buyer-intent signal found (labor, expansion, capex, RFP, deployment, or operations hiring)",COLD,0.0,Automotive & Manufacturing,1,automation_interest
6121,ALL Major US Airports,buyer_opportunity_gate,"buyer opportunity gate: no buyer-intent signal found (labor, expansion, capex, RFP, deployment, or operations hiring)",COLD,0.0,Airports & Aviation,1,automation_interest
6122,Tax credit meant to help,buyer_opportunity_gate,"buyer opportunity gate: no buyer-intent signal found (labor, expansion, capex, RFP, deployment, or operations hiring)",COLD,0.0,Unknown,1,news
6126,s Sixth-Gen Robotaxis Outperform Uber Drivers and,buyer_opportunity_gate,"buyer opportunity gate: no buyer-intent signal found (labor, expansion, capex, RFP, deployment, or operations hiring)",COLD,0.0,Automotive & Manufacturing,1,strategic_hire
6127,NVIDIA and Global Robotics Leaders,buyer_opportunity_gate,"buyer opportunity gate: no buyer-intent signal found (labor, expansion, capex, RFP, deployment, or operations hiring)",COLD,0.0,Unknown,2,strategic_hire
6128,Serve Robotics (SERV) Stock,buyer_opportunity_gate,"buyer opportunity gate: no buyer-intent signal found (labor, expansion, capex, RFP, deployment, or operations hiring)",COLD,0.0,Unknown,1,ma_activity
6129,Humanoid robot aces real-world bin-picking,buyer_opportunity_gate,"buyer opportunity gate: no buyer-intent signal found (labor, expansion, capex, RFP, deployment, or operations hiring)",COLD,0.0,Automotive & Manufacturing,1,automation_interest
6130,Heineken,buyer_opportunity_gate,"buyer opportunity gate: no buyer-intent signal found (labor, expansion, capex, RFP, deployment, or operations hiring)",COLD,0.0,Unknown,1,strategic_hire
6131,Unilever Lipton Tea Plant,buyer_opportunity_gate,"buyer opportunity gate: no buyer-intent signal found (labor, expansion, capex, RFP, deployment, or operations hiring)",COLD,0.0,Automotive & Manufacturing,1,automation_interest
6133,Data Center Market,buyer_opportunity_gate,"buyer opportunity gate: no buyer-intent signal found (labor, expansion, capex, RFP, deployment, or operations hiring)",COLD,0.0,Datacenters,1,automation_interest
6137,Innovation This Month,buyer_opportunity_gate,"buyer opportunity gate: no buyer-intent signal found (labor, expansion, capex, RFP, deployment, or operations hiring)",COLD,0.0,Hospitality,1,funding_round
6138,Lifestyle Hotels,buyer_opportunity_gate,"buyer opportunity gate: no buyer-intent signal found (labor, expansion, capex, RFP, deployment, or operations hiring)",COLD,0.0,Hospitality,1,expansion
6142,the High-Level 2026 Executive Vendor Summit,buyer_opportunity_gate,"buyer opportunity gate: seller/vendor or publisher story, not a buyer opportunity",COLD,0.0,Healthcare,1,expansion
6143,PIA Automation,buyer_opportunity_gate,"buyer opportunity gate: no buyer-intent signal found (labor, expansion, capex, RFP, deployment, or operations hiring)",COLD,0.0,Unknown,1,strategic_hire
6145,Honeywell’s AI Strategy: Analysis,buyer_opportunity_gate,"buyer opportunity gate: no buyer-intent signal found (labor, expansion, capex, RFP, deployment, or operations hiring)",COLD,0.0,Automotive & Manufacturing,1,funding_round
6146,The ‘productivity paradox’,buyer_opportunity_gate,"buyer opportunity gate: no buyer-intent signal found (labor, expansion, capex, RFP, deployment, or operations hiring)",COLD,0.0,Automotive & Manufacturing,1,news
6147,Top 70+ IT Automation Use Cases,buyer_opportunity_gate,"buyer opportunity gate: no buyer-intent signal found (labor, expansion, capex, RFP, deployment, or operations hiring)",COLD,0.0,Unknown,1,automation_interest
6148,Inside Look: How SoftBank Corp.,buyer_opportunity_gate,"buyer opportunity gate: no buyer-intent signal found (labor, expansion, capex, RFP, deployment, or operations hiring)",COLD,0.0,Datacenters,1,automation_interest
6150,Publishers,buyer_opportunity_gate,"buyer opportunity gate: no buyer-intent signal found (labor, expansion, capex, RFP, deployment, or operations hiring)",COLD,0.0,Datacenters,1,news
6154,AI robot now helps travelers,buyer_opportunity_gate,"buyer opportunity gate: no buyer-intent signal found (labor, expansion, capex, RFP, deployment, or operations hiring)",COLD,0.0,Contract Manufacturing,1,expansion
6156,AI and Trusted Data,buyer_opportunity_gate,"buyer opportunity gate: no buyer-intent signal found (labor, expansion, capex, RFP, deployment, or operations hiring)",COLD,0.0,Airports & Aviation,1,automation_interest
6160,Habit Burger & Grill,buyer_opportunity_gate,"buyer opportunity gate: no buyer-intent signal found (labor, expansion, capex, RFP, deployment, or operations hiring)",COLD,0.0,Food Service,1,news
6161,Flight delayed,buyer_opportunity_gate,"buyer opportunity gate: no buyer-intent signal found (labor, expansion, capex, RFP, deployment, or operations hiring)",COLD,0.0,Airports & Aviation,1,automation_interest
6162,The 11 Best Spatulas,buyer_opportunity_gate,"buyer opportunity gate: no buyer-intent signal found (labor, expansion, capex, RFP, deployment, or operations hiring)",COLD,0.0,Media & Publishing,1,news
6164,s Leading Annual,buyer_opportunity_gate,"buyer opportunity gate: no buyer-intent signal found (labor, expansion, capex, RFP, deployment, or operations hiring)",COLD,0.0,Food Service,1,automation_interest
6165,Study: AI now embedded,buyer_opportunity_gate,"buyer opportunity gate: no buyer-intent signal found (labor, expansion, capex, RFP, deployment, or operations hiring)",COLD,0.0,Logistics,2,expansion
6171,Highlights,buyer_opportunity_gate,"buyer opportunity gate: no buyer-intent signal found (labor, expansion, capex, RFP, deployment, or operations hiring)",COLD,0.0,Unknown,1,news
6172,Queen Alia International Airport,buyer_opportunity_gate,"buyer opportunity gate: no buyer-intent signal found (labor, expansion, capex, RFP, deployment, or operations hiring)",COLD,0.0,Airports & Aviation,1,strategic_hire
6175,World’s first robot eldercare center,buyer_opportunity_gate,"buyer opportunity gate: no buyer-intent signal found (labor, expansion, capex, RFP, deployment, or operations hiring)",COLD,0.0,Unknown,1,automation_interest
6178,GXO sees demand tailwinds,buyer_opportunity_gate,"buyer opportunity gate: no buyer-intent signal found (labor, expansion, capex, RFP, deployment, or operations hiring)",COLD,0.0,Logistics,2,expansion
6179,UL Solutions Grants Its First Certification for a Public,buyer_opportunity_gate,"buyer opportunity gate: no buyer-intent signal found (labor, expansion, capex, RFP, deployment, or operations hiring)",COLD,0.0,Unknown,1,automation_interest
6180,Zwolle branch,buyer_opportunity_gate,"buyer opportunity gate: no buyer-intent signal found (labor, expansion, capex, RFP, deployment, or operations hiring)",COLD,0.0,Retail,1,automation_interest
6184,NVIDIA GTC to Bolster,buyer_opportunity_gate,"buyer opportunity gate: no buyer-intent signal found (labor, expansion, capex, RFP, deployment, or operations hiring)",COLD,0.0,Unknown,1,expansion
6185,Smart Automation for Data Center CDU Infrastructure,buyer_opportunity_gate,"buyer opportunity gate: seller/vendor or publisher story, not a buyer opportunity",COLD,0.0,Datacenters,2,"automation_interest,strategic_hire"
6187,the OCP Summit,buyer_opportunity_gate,"buyer opportunity gate: seller/vendor or publisher story, not a buyer opportunity",COLD,0.0,Unknown,2,news
6189,Top 100 Robots Trends,buyer_opportunity_gate,"buyer opportunity gate: no buyer-intent signal found (labor, expansion, capex, RFP, deployment, or operations hiring)",COLD,0.0,Unknown,1,automation_interest
6191,The bots,buyer_opportunity_gate,"buyer opportunity gate: no buyer-intent signal found (labor, expansion, capex, RFP, deployment, or operations hiring)",COLD,0.0,Unknown,1,automation_interest
6192,Increasing Trends,buyer_opportunity_gate,"buyer opportunity gate: no buyer-intent signal found (labor, expansion, capex, RFP, deployment, or operations hiring)",COLD,0.0,Unknown,1,expansion
6193,5 Best Robotics Stocks,buyer_opportunity_gate,"buyer opportunity gate: no buyer-intent signal found (labor, expansion, capex, RFP, deployment, or operations hiring)",COLD,0.0,Unknown,2,automation_interest
6194,Walmart agreement with Symbotic,buyer_opportunity_gate,"buyer opportunity gate: no buyer-intent signal found (labor, expansion, capex, RFP, deployment, or operations hiring)",COLD,0.0,Retail,1,automation_interest
6195,NFI showcases a 'Day,buyer_opportunity_gate,"buyer opportunity gate: no buyer-intent signal found (labor, expansion, capex, RFP, deployment, or operations hiring)",COLD,0.0,Unknown,1,news
6196,Echo Global Logistics To,buyer_opportunity_gate,"buyer opportunity gate: no buyer-intent signal found (labor, expansion, capex, RFP, deployment, or operations hiring)",COLD,0.0,Logistics,1,ma_activity
6198,Hub Group,buyer_opportunity_gate,"buyer opportunity gate: no buyer-intent signal found (labor, expansion, capex, RFP, deployment, or operations hiring)",COLD,0.0,Airports & Aviation,1,automation_interest
6201,Ranpak,buyer_opportunity_gate,"buyer opportunity gate: no buyer-intent signal found (labor, expansion, capex, RFP, deployment, or operations hiring)",COLD,0.0,Automotive & Manufacturing,1,news
6202,8 AI use cases,buyer_opportunity_gate,"buyer opportunity gate: no buyer-intent signal found (labor, expansion, capex, RFP, deployment, or operations hiring)",COLD,0.0,Automotive & Manufacturing,1,news
6203,North America Material Handling Equipment Market,fast_junk,junk substring: 'equipment market',COLD,0.0,Unknown,1,news
6204,Incheon Overtakes Changi,buyer_opportunity_gate,"buyer opportunity gate: no buyer-intent signal found (labor, expansion, capex, RFP, deployment, or operations hiring)",COLD,0.0,Airports & Aviation,1,expansion
6206,From data lakes to decision,buyer_opportunity_gate,"buyer opportunity gate: no buyer-intent signal found (labor, expansion, capex, RFP, deployment, or operations hiring)",COLD,0.0,Airports & Aviation,1,automation_interest
6207,Top 10 AI Business Ideas You,buyer_opportunity_gate,"buyer opportunity gate: no buyer-intent signal found (labor, expansion, capex, RFP, deployment, or operations hiring)",COLD,0.0,Unknown,1,news
6208,⚠️ RANKED: The 10 Most Stressful Airports,buyer_opportunity_gate,"buyer opportunity gate: no buyer-intent signal found (labor, expansion, capex, RFP, deployment, or operations hiring)",COLD,0.0,Airports & Aviation,1,automation_interest
6209,Nguyen,buyer_opportunity_gate,"buyer opportunity gate: no buyer-intent signal found (labor, expansion, capex, RFP, deployment, or operations hiring)",COLD,0.0,Logistics,1,automation_interest
6210,People,buyer_opportunity_gate,"buyer opportunity gate: no buyer-intent signal found (labor, expansion, capex, RFP, deployment, or operations hiring)",COLD,0.0,Airports & Aviation,2,automation_interest
6211,Marimaca Copper,buyer_opportunity_gate,"buyer opportunity gate: no buyer-intent signal found (labor, expansion, capex, RFP, deployment, or operations hiring)",COLD,0.0,Unknown,1,news
6213,Amazon converting some Fresh supermarkets,buyer_opportunity_gate,"buyer opportunity gate: no buyer-intent signal found (labor, expansion, capex, RFP, deployment, or operations hiring)",COLD,0.0,Contract Manufacturing,1,news
6214,"US Supermarket Innovation 2026: Walmart, Kroger",buyer_opportunity_gate,"buyer opportunity gate: no buyer-intent signal found (labor, expansion, capex, RFP, deployment, or operations hiring)",COLD,0.0,Retail,1,news
6216,Ocado job,buyer_opportunity_gate,"buyer opportunity gate: no buyer-intent signal found (labor, expansion, capex, RFP, deployment, or operations hiring)",COLD,0.0,Unknown,1,news
6218,Major 2026 Conferences,buyer_opportunity_gate,"buyer opportunity gate: no buyer-intent signal found (labor, expansion, capex, RFP, deployment, or operations hiring)",COLD,0.0,Retail,1,news
6219,Microfluidic automation improves oocyte recovery,buyer_opportunity_gate,"buyer opportunity gate: no buyer-intent signal found (labor, expansion, capex, RFP, deployment, or operations hiring)",COLD,0.0,Healthcare,1,automation_interest
6220,ABB showcases the future,buyer_opportunity_gate,"buyer opportunity gate: no buyer-intent signal found (labor, expansion, capex, RFP, deployment, or operations hiring)",COLD,0.0,Medical Technology,1,automation_interest
6222,Marriott India,buyer_opportunity_gate,"buyer opportunity gate: no buyer-intent signal found (labor, expansion, capex, RFP, deployment, or operations hiring)",COLD,0.0,Unknown,1,news
6226,UFP Technologies Deepens Intuitive Surgical Ties,buyer_opportunity_gate,"buyer opportunity gate: no buyer-intent signal found (labor, expansion, capex, RFP, deployment, or operations hiring)",COLD,0.0,Medical Technology,1,strategic_hire
6227,Charity,buyer_opportunity_gate,"buyer opportunity gate: no buyer-intent signal found (labor, expansion, capex, RFP, deployment, or operations hiring)",COLD,0.0,Medical Technology,1,strategic_hire
6228,Polish retailer LPP,buyer_opportunity_gate,"buyer opportunity gate: no buyer-intent signal found (labor, expansion, capex, RFP, deployment, or operations hiring)",COLD,0.0,Retail,1,news
6229,Zalando’s AI push,buyer_opportunity_gate,"buyer opportunity gate: no buyer-intent signal found (labor, expansion, capex, RFP, deployment, or operations hiring)",COLD,0.0,Logistics,1,automation_interest
6230,Inditex,buyer_opportunity_gate,"buyer opportunity gate: no buyer-intent signal found (labor, expansion, capex, RFP, deployment, or operations hiring)",COLD,0.0,Logistics,2,automation_interest
6232,Middle East war shockwaves ripple,buyer_opportunity_gate,"buyer opportunity gate: no buyer-intent signal found (labor, expansion, capex, RFP, deployment, or operations hiring)",COLD,0.0,Logistics,1,automation_interest
6234,End-of-Year Construction Outlook: What to Know Heading,buyer_opportunity_gate,"buyer opportunity gate: no buyer-intent signal found (labor, expansion, capex, RFP, deployment, or operations hiring)",COLD,0.0,Unknown,1,news
6240,The many,buyer_opportunity_gate,"buyer opportunity gate: no buyer-intent signal found (labor, expansion, capex, RFP, deployment, or operations hiring)",COLD,0.0,Food Service,1,automation_interest
6242,Three tech questions NRF 2026: Retail’s Big,buyer_opportunity_gate,"buyer opportunity gate: no buyer-intent signal found (labor, expansion, capex, RFP, deployment, or operations hiring)",COLD,0.0,Retail,1,news
6243,This Robot Can Prep an Avocado,buyer_opportunity_gate,"buyer opportunity gate: no buyer-intent signal found (labor, expansion, capex, RFP, deployment, or operations hiring)",COLD,0.0,Hospitality,1,automation_interest
6244,The Autonomous Table: An Analysis,buyer_opportunity_gate,"buyer opportunity gate: no buyer-intent signal found (labor, expansion, capex, RFP, deployment, or operations hiring)",COLD,0.0,Food Service,1,automation_interest
6245,Tech startup Hyphen,buyer_opportunity_gate,"buyer opportunity gate: no buyer-intent signal found (labor, expansion, capex, RFP, deployment, or operations hiring)",COLD,0.0,Unknown,2,news
6246,Hospital Robotics (Logistics & Pharmacy) Market,buyer_opportunity_gate,"buyer opportunity gate: no buyer-intent signal found (labor, expansion, capex, RFP, deployment, or operations hiring)",COLD,0.0,Medical Technology,1,automation_interest
6248,Home on,buyer_opportunity_gate,"buyer opportunity gate: no buyer-intent signal found (labor, expansion, capex, RFP, deployment, or operations hiring)",COLD,0.0,Automotive & Manufacturing,1,automation_interest
6251,Partnership to,buyer_opportunity_gate,"buyer opportunity gate: no buyer-intent signal found (labor, expansion, capex, RFP, deployment, or operations hiring)",COLD,0.0,Unknown,1,automation_interest
6252,SEO Checklist: 50 Tips,buyer_opportunity_gate,"buyer opportunity gate: no buyer-intent signal found (labor, expansion, capex, RFP, deployment, or operations hiring)",COLD,0.0,Unknown,1,news
6254,PORTS,buyer_opportunity_gate,"buyer opportunity gate: no buyer-intent signal found (labor, expansion, capex, RFP, deployment, or operations hiring)",COLD,0.0,Logistics,1,automation_interest
6256,[INTERVIEW] Navifra,buyer_opportunity_gate,"buyer opportunity gate: no buyer-intent signal found (labor, expansion, capex, RFP, deployment, or operations hiring)",COLD,0.0,Unknown,1,automation_interest
6258,Visual SLAM,buyer_opportunity_gate,"buyer opportunity gate: no buyer-intent signal found (labor, expansion, capex, RFP, deployment, or operations hiring)",COLD,0.0,Media & Publishing,1,automation_interest
6260,Key Hospitality Technology Trends to Watch,buyer_opportunity_gate,"buyer opportunity gate: no buyer-intent signal found (labor, expansion, capex, RFP, deployment, or operations hiring)",COLD,0.0,Healthcare,1,strategic_hire
6262,Size matters - Australia,buyer_opportunity_gate,"buyer opportunity gate: no buyer-intent signal found (labor, expansion, capex, RFP, deployment, or operations hiring)",COLD,0.0,Unknown,1,expansion
6263,Elvis,buyer_opportunity_gate,"buyer opportunity gate: no buyer-intent signal found (labor, expansion, capex, RFP, deployment, or operations hiring)",COLD,0.0,Datacenters,1,automation_interest
6265,Chili’s,buyer_opportunity_gate,"buyer opportunity gate: no buyer-intent signal found (labor, expansion, capex, RFP, deployment, or operations hiring)",COLD,0.0,Datacenters,2,automation_interest
6267,Industrial Vehicles Market,buyer_opportunity_gate,"buyer opportunity gate: no buyer-intent signal found (labor, expansion, capex, RFP, deployment, or operations hiring)",COLD,0.0,Unknown,1,news
6268,Top 20+ Profitable Ecommerce Business Ideas,buyer_opportunity_gate,"buyer opportunity gate: no buyer-intent signal found (labor, expansion, capex, RFP, deployment, or operations hiring)",COLD,0.0,Unknown,1,expansion
6269,Six E-commerce Marketing Trends,buyer_opportunity_gate,"buyer opportunity gate: no buyer-intent signal found (labor, expansion, capex, RFP, deployment, or operations hiring)",COLD,0.0,Retail,1,news
6270,10 Best Fashion Ecommerce Sites To Model After,buyer_opportunity_gate,"buyer opportunity gate: no buyer-intent signal found (labor, expansion, capex, RFP, deployment, or operations hiring)",COLD,0.0,Apparel & Textiles,4,"expansion,news"
6271,Ecommerce Checklist,buyer_opportunity_gate,"buyer opportunity gate: no buyer-intent signal found (labor, expansion, capex, RFP, deployment, or operations hiring)",COLD,0.0,Retail,1,news
6273,The Westin Buffalo,buyer_opportunity_gate,"buyer opportunity gate: no buyer-intent signal found (labor, expansion, capex, RFP, deployment, or operations hiring)",COLD,0.0,Unknown,1,expansion
6276,Discover the Top 10 Robotics Trends to Watch,buyer_opportunity_gate,"buyer opportunity gate: no buyer-intent signal found (labor, expansion, capex, RFP, deployment, or operations hiring)",COLD,0.0,Unknown,1,expansion
6278,Empowering Career & Technical Education: Implementing,buyer_opportunity_gate,"buyer opportunity gate: no buyer-intent signal found (labor, expansion, capex, RFP, deployment, or operations hiring)",COLD,0.0,Automotive & Manufacturing,1,news
6279,4 takeaways,buyer_opportunity_gate,"buyer opportunity gate: no buyer-intent signal found (labor, expansion, capex, RFP, deployment, or operations hiring)",COLD,0.0,Unknown,1,expansion
6282,Data Center Rack Market,buyer_opportunity_gate,"buyer opportunity gate: no buyer-intent signal found (labor, expansion, capex, RFP, deployment, or operations hiring)",COLD,0.0,Datacenters,2,"expansion,news"
6283,Aehr Receives $14 Million Order from,buyer_opportunity_gate,"buyer opportunity gate: no buyer-intent signal found (labor, expansion, capex, RFP, deployment, or operations hiring)",COLD,0.0,Unknown,1,news
6284,'POWER Act',buyer_opportunity_gate,"buyer opportunity gate: no buyer-intent signal found (labor, expansion, capex, RFP, deployment, or operations hiring)",COLD,0.0,Datacenters,1,expansion
6285,India Data Center Market,buyer_opportunity_gate,"buyer opportunity gate: no buyer-intent signal found (labor, expansion, capex, RFP, deployment, or operations hiring)",COLD,0.0,Datacenters,2,automation_interest
6287,Arrive AI,buyer_opportunity_gate,"buyer opportunity gate: no buyer-intent signal found (labor, expansion, capex, RFP, deployment, or operations hiring)",COLD,0.0,Logistics,1,automation_interest
6289,Air ambulance,buyer_opportunity_gate,"buyer opportunity gate: no buyer-intent signal found (labor, expansion, capex, RFP, deployment, or operations hiring)",COLD,0.0,Unknown,2,news
6290,A Major Study,buyer_opportunity_gate,"buyer opportunity gate: no buyer-intent signal found (labor, expansion, capex, RFP, deployment, or operations hiring)",COLD,0.0,Unknown,1,news
6291,ASX AI Stocks: 5 Biggest Companies,buyer_opportunity_gate,"buyer opportunity gate: no buyer-intent signal found (labor, expansion, capex, RFP, deployment, or operations hiring)",COLD,0.0,Unknown,1,news
6292,With €255 million,buyer_opportunity_gate,"buyer opportunity gate: no buyer-intent signal found (labor, expansion, capex, RFP, deployment, or operations hiring)",COLD,0.0,Healthcare,3,automation_interest
6293,Of Logistics Leaders To,buyer_opportunity_gate,"buyer opportunity gate: no buyer-intent signal found (labor, expansion, capex, RFP, deployment, or operations hiring)",COLD,0.0,Logistics,1,automation_interest
6294,Atlanta airport peoplemover,buyer_opportunity_gate,"buyer opportunity gate: no buyer-intent signal found (labor, expansion, capex, RFP, deployment, or operations hiring)",COLD,0.0,Airports & Aviation,2,automation_interest
6295,Voluntary,buyer_opportunity_gate,"buyer opportunity gate: no buyer-intent signal found (labor, expansion, capex, RFP, deployment, or operations hiring)",COLD,0.0,Airports & Aviation,1,ma_activity
6297,Airports embrace AI,buyer_opportunity_gate,"buyer opportunity gate: no buyer-intent signal found (labor, expansion, capex, RFP, deployment, or operations hiring)",COLD,0.0,Airports & Aviation,1,automation_interest
6298,Aviation 2026: 7 Ground Handling Trends That,buyer_opportunity_gate,"buyer opportunity gate: no buyer-intent signal found (labor, expansion, capex, RFP, deployment, or operations hiring)",COLD,0.0,Airports & Aviation,1,automation_interest
6300,The 4 Best Portable Grills,buyer_opportunity_gate,"buyer opportunity gate: no buyer-intent signal found (labor, expansion, capex, RFP, deployment, or operations hiring)",COLD,0.0,Media & Publishing,1,news
6301,Pattern,buyer_opportunity_gate,"buyer opportunity gate: no buyer-intent signal found (labor, expansion, capex, RFP, deployment, or operations hiring)",COLD,0.0,Apparel & Textiles,1,automation_interest
6302,Adaptation in Southeast Asian Factories,buyer_opportunity_gate,"buyer opportunity gate: no buyer-intent signal found (labor, expansion, capex, RFP, deployment, or operations hiring)",COLD,0.0,Unknown,1,news
6303,Consumer Discretionary Stocks for 2026 and How to,buyer_opportunity_gate,"buyer opportunity gate: no buyer-intent signal found (labor, expansion, capex, RFP, deployment, or operations hiring)",COLD,0.0,Media & Publishing,1,news
6304,Contract Manufacturing Market,buyer_opportunity_gate,"buyer opportunity gate: no buyer-intent signal found (labor, expansion, capex, RFP, deployment, or operations hiring)",COLD,0.0,Automotive & Manufacturing,1,news
6305,New Endoscope Cleaning Method,buyer_opportunity_gate,"buyer opportunity gate: no buyer-intent signal found (labor, expansion, capex, RFP, deployment, or operations hiring)",COLD,0.0,Healthcare,2,news
6307,Proposed R.I. bill,buyer_opportunity_gate,"buyer opportunity gate: no buyer-intent signal found (labor, expansion, capex, RFP, deployment, or operations hiring)",COLD,0.0,Unknown,1,news
6308,Really Worked,buyer_opportunity_gate,"buyer opportunity gate: no buyer-intent signal found (labor, expansion, capex, RFP, deployment, or operations hiring)",COLD,0.0,Unknown,1,news
6316,Danone latest to,buyer_opportunity_gate,"buyer opportunity gate: no buyer-intent signal found (labor, expansion, capex, RFP, deployment, or operations hiring)",COLD,0.0,Logistics,1,automation_interest
6317,"“SLMG Beverages Surpasses ₹8,000 Crore",buyer_opportunity_gate,"buyer opportunity gate: no buyer-intent signal found (labor, expansion, capex, RFP, deployment, or operations hiring)",COLD,0.0,Unknown,1,news
6324,Actually Solve Real Housework Problems,buyer_opportunity_gate,"buyer opportunity gate: no buyer-intent signal found (labor, expansion, capex, RFP, deployment, or operations hiring)",COLD,0.0,Unknown,1,strategic_hire
6326,Sadie AI,buyer_opportunity_gate,"buyer opportunity gate: seller/vendor or publisher story, not a buyer opportunity",COLD,0.0,Hospitality,1,automation_interest
6330,Takeaways: Shaping the Future,buyer_opportunity_gate,"buyer opportunity gate: no buyer-intent signal found (labor, expansion, capex, RFP, deployment, or operations hiring)",COLD,0.0,Logistics,1,automation_interest
6331,Thoma Bravo to,buyer_opportunity_gate,"buyer opportunity gate: no buyer-intent signal found (labor, expansion, capex, RFP, deployment, or operations hiring)",COLD,0.0,Logistics,2,ma_activity
6332,Logistics M&A,buyer_opportunity_gate,"buyer opportunity gate: no buyer-intent signal found (labor, expansion, capex, RFP, deployment, or operations hiring)",COLD,0.0,Logistics,1,automation_interest
6333,5 Best Supply Chain Stocks,buyer_opportunity_gate,"buyer opportunity gate: no buyer-intent signal found (labor, expansion, capex, RFP, deployment, or operations hiring)",COLD,0.0,Logistics,1,automation_interest
6334,3 calls for EU sectors,buyer_opportunity_gate,"buyer opportunity gate: no buyer-intent signal found (labor, expansion, capex, RFP, deployment, or operations hiring)",COLD,0.0,Automotive & Manufacturing,1,expansion
6335,Critics Uneasy as Federal Meat Inspectors,buyer_opportunity_gate,"buyer opportunity gate: no buyer-intent signal found (labor, expansion, capex, RFP, deployment, or operations hiring)",COLD,0.0,Automotive & Manufacturing,1,news
6336,Packaging Line Uptime,buyer_opportunity_gate,"buyer opportunity gate: no buyer-intent signal found (labor, expansion, capex, RFP, deployment, or operations hiring)",COLD,0.0,CPG & Consumer Goods,1,news
6337,US beef prices,buyer_opportunity_gate,"buyer opportunity gate: no buyer-intent signal found (labor, expansion, capex, RFP, deployment, or operations hiring)",COLD,0.0,Unknown,1,news
6338,The Empty Corrals: Cargill,buyer_opportunity_gate,"buyer opportunity gate: no buyer-intent signal found (labor, expansion, capex, RFP, deployment, or operations hiring)",COLD,0.0,Unknown,2,news
6339,Colorado workers to strike Monday,buyer_opportunity_gate,"buyer opportunity gate: no buyer-intent signal found (labor, expansion, capex, RFP, deployment, or operations hiring)",COLD,0.0,Unknown,1,news
6340,The Beef Supply Crisis Deepens: Tyson’s Lexington,buyer_opportunity_gate,"buyer opportunity gate: no buyer-intent signal found (labor, expansion, capex, RFP, deployment, or operations hiring)",COLD,0.0,CPG & Consumer Goods,2,"expansion,news"
6341,It Means for Tyson Foods,buyer_opportunity_gate,"buyer opportunity gate: no buyer-intent signal found (labor, expansion, capex, RFP, deployment, or operations hiring)",COLD,0.0,CPG & Consumer Goods,1,news
6346,19 Best Quirky Restaurants,buyer_opportunity_gate,"buyer opportunity gate: no buyer-intent signal found (labor, expansion, capex, RFP, deployment, or operations hiring)",COLD,0.0,Food Service,2,news
6348,Explainer: What,buyer_opportunity_gate,"buyer opportunity gate: no buyer-intent signal found (labor, expansion, capex, RFP, deployment, or operations hiring)",COLD,0.0,Unknown,2,automation_interest
6349,Industrial Control & Factory Automation Market,buyer_opportunity_gate,"buyer opportunity gate: no buyer-intent signal found (labor, expansion, capex, RFP, deployment, or operations hiring)",COLD,0.0,Automotive & Manufacturing,1,automation_interest
6350,ABB To Showcase Automation,buyer_opportunity_gate,"buyer opportunity gate: no buyer-intent signal found (labor, expansion, capex, RFP, deployment, or operations hiring)",COLD,0.0,Automotive & Manufacturing,1,automation_interest
6353,Nationwide Caregiver Shortage,buyer_opportunity_gate,"buyer opportunity gate: no buyer-intent signal found (labor, expansion, capex, RFP, deployment, or operations hiring)",COLD,0.0,Unknown,1,news
6354,Nationwide Caregiver Shortage | Best & Worst,buyer_opportunity_gate,"buyer opportunity gate: no buyer-intent signal found (labor, expansion, capex, RFP, deployment, or operations hiring)",COLD,0.0,Unknown,1,news
6357,busy California restaurant,buyer_opportunity_gate,"buyer opportunity gate: no buyer-intent signal found (labor, expansion, capex, RFP, deployment, or operations hiring)",COLD,0.0,Food Service,1,automation_interest
6359,"Intermodal Briefs: ITS Logistics, Port",buyer_opportunity_gate,"buyer opportunity gate: no buyer-intent signal found (labor, expansion, capex, RFP, deployment, or operations hiring)",COLD,0.0,Logistics,1,expansion
6361,Third-Party Logistics (3PL),buyer_opportunity_gate,"buyer opportunity gate: no buyer-intent signal found (labor, expansion, capex, RFP, deployment, or operations hiring)",COLD,0.0,Logistics,2,automation_interest
6362,8 Examples,buyer_opportunity_gate,"buyer opportunity gate: no buyer-intent signal found (labor, expansion, capex, RFP, deployment, or operations hiring)",COLD,0.0,Automotive & Manufacturing,1,expansion
6363,Dozens,buyer_opportunity_gate,"buyer opportunity gate: no buyer-intent signal found (labor, expansion, capex, RFP, deployment, or operations hiring)",COLD,0.0,Logistics,2,automation_interest
6366,Cimcorp,buyer_opportunity_gate,"buyer opportunity gate: no buyer-intent signal found (labor, expansion, capex, RFP, deployment, or operations hiring)",COLD,0.0,Logistics,1,expansion
6367,Top Robotics Companies to,buyer_opportunity_gate,"buyer opportunity gate: no buyer-intent signal found (labor, expansion, capex, RFP, deployment, or operations hiring)",COLD,0.0,Unknown,1,strategic_hire
6368,Hyundai Motor Company,buyer_opportunity_gate,"buyer opportunity gate: no buyer-intent signal found (labor, expansion, capex, RFP, deployment, or operations hiring)",COLD,0.0,Automotive & Manufacturing,1,expansion
6370,Designing Human-Centric Automation: The Next Evolution,buyer_opportunity_gate,"buyer opportunity gate: no buyer-intent signal found (labor, expansion, capex, RFP, deployment, or operations hiring)",COLD,0.0,Logistics,2,strategic_hire
6371,Canadian Shipyard,buyer_opportunity_gate,"buyer opportunity gate: no buyer-intent signal found (labor, expansion, capex, RFP, deployment, or operations hiring)",COLD,0.0,Unknown,1,expansion
6372,Global Trends & Future,buyer_opportunity_gate,"buyer opportunity gate: no buyer-intent signal found (labor, expansion, capex, RFP, deployment, or operations hiring)",COLD,0.0,Automotive & Manufacturing,1,strategic_hire
6373,Workplace Injuries,buyer_opportunity_gate,"buyer opportunity gate: seller/vendor or publisher story, not a buyer opportunity",COLD,0.0,Unknown,3,"funding_round,news,strategic_hire"
6378,Advanced skills,buyer_opportunity_gate,"buyer opportunity gate: no buyer-intent signal found (labor, expansion, capex, RFP, deployment, or operations hiring)",COLD,0.0,Unknown,1,news
6379,DCs,buyer_opportunity_gate,"buyer opportunity gate: no buyer-intent signal found (labor, expansion, capex, RFP, deployment, or operations hiring)",COLD,0.0,Logistics,1,expansion
6380,Dreame Technology,buyer_opportunity_gate,"buyer opportunity gate: no buyer-intent signal found (labor, expansion, capex, RFP, deployment, or operations hiring)",COLD,0.0,Hospitality,1,news
6385,Honeywell International BofA Conference,buyer_opportunity_gate,"buyer opportunity gate: seller/vendor or publisher story, not a buyer opportunity",COLD,0.0,Unknown,1,news
6386,2026: The Year AI,buyer_opportunity_gate,"buyer opportunity gate: no buyer-intent signal found (labor, expansion, capex, RFP, deployment, or operations hiring)",COLD,0.0,Unknown,1,news
6387,Siemens: Prospects Appear Baked,buyer_opportunity_gate,"buyer opportunity gate: no buyer-intent signal found (labor, expansion, capex, RFP, deployment, or operations hiring)",COLD,0.0,Unknown,1,news
6388,Amazon’s $200 Billion Spending,buyer_opportunity_gate,"buyer opportunity gate: no buyer-intent signal found (labor, expansion, capex, RFP, deployment, or operations hiring)",COLD,0.0,Media & Publishing,1,news
6389,Quietly Bets Big on AI Chips,buyer_opportunity_gate,"buyer opportunity gate: no buyer-intent signal found (labor, expansion, capex, RFP, deployment, or operations hiring)",COLD,0.0,Unknown,1,strategic_hire
6390,3 Industrial Automation Stocks,buyer_opportunity_gate,"buyer opportunity gate: no buyer-intent signal found (labor, expansion, capex, RFP, deployment, or operations hiring)",COLD,0.0,Automotive & Manufacturing,1,automation_interest
6392,s ITS Logistics To,buyer_opportunity_gate,"buyer opportunity gate: no buyer-intent signal found (labor, expansion, capex, RFP, deployment, or operations hiring)",COLD,0.0,Logistics,1,automation_interest
6393,s ITS Logistics,buyer_opportunity_gate,"buyer opportunity gate: no buyer-intent signal found (labor, expansion, capex, RFP, deployment, or operations hiring)",COLD,0.0,Logistics,1,automation_interest
6396,EMEA Hotels Thrive,buyer_opportunity_gate,"buyer opportunity gate: no buyer-intent signal found (labor, expansion, capex, RFP, deployment, or operations hiring)",COLD,0.0,Hospitality,1,expansion
6398,New Jersey’s 2026 laws,buyer_opportunity_gate,"buyer opportunity gate: no buyer-intent signal found (labor, expansion, capex, RFP, deployment, or operations hiring)",COLD,0.0,Unknown,1,funding_round
6399,Pennsylvania’s Unique Place,buyer_opportunity_gate,"buyer opportunity gate: no buyer-intent signal found (labor, expansion, capex, RFP, deployment, or operations hiring)",COLD,0.0,Unknown,1,news
6400,Cera,buyer_opportunity_gate,"buyer opportunity gate: no buyer-intent signal found (labor, expansion, capex, RFP, deployment, or operations hiring)",COLD,0.0,Healthcare,1,automation_interest
6404,Agility,buyer_opportunity_gate,"buyer opportunity gate: no buyer-intent signal found (labor, expansion, capex, RFP, deployment, or operations hiring)",COLD,0.0,Automotive & Manufacturing,1,strategic_hire
6410,Airline Hydraulics,buyer_opportunity_gate,"buyer opportunity gate: no buyer-intent signal found (labor, expansion, capex, RFP, deployment, or operations hiring)",COLD,0.0,Airports & Aviation,1,news
6411,Opinion: The human advantage,buyer_opportunity_gate,"buyer opportunity gate: no buyer-intent signal found (labor, expansion, capex, RFP, deployment, or operations hiring)",COLD,0.0,Automotive & Manufacturing,1,strategic_hire
6412,LG,buyer_opportunity_gate,"buyer opportunity gate: no buyer-intent signal found (labor, expansion, capex, RFP, deployment, or operations hiring)",COLD,0.0,Unknown,1,automation_interest
6414,Medical robots facilitate Beijing Anzhen Hospital,buyer_opportunity_gate,"buyer opportunity gate: no buyer-intent signal found (labor, expansion, capex, RFP, deployment, or operations hiring)",COLD,0.0,Healthcare,2,automation_interest
6420,"Semiconductors, O-Net and Enablence Technologies",buyer_opportunity_gate,"buyer opportunity gate: no buyer-intent signal found (labor, expansion, capex, RFP, deployment, or operations hiring)",COLD,0.0,Automotive & Manufacturing,1,strategic_hire
6421,Data Center Robotics Market,buyer_opportunity_gate,"buyer opportunity gate: no buyer-intent signal found (labor, expansion, capex, RFP, deployment, or operations hiring)",COLD,0.0,Datacenters,1,expansion
6422,Siemens bets big on India as rail,buyer_opportunity_gate,"buyer opportunity gate: no buyer-intent signal found (labor, expansion, capex, RFP, deployment, or operations hiring)",COLD,0.0,Unknown,1,news
6423,All-New 2026 Honda Passport Production,buyer_opportunity_gate,"buyer opportunity gate: no buyer-intent signal found (labor, expansion, capex, RFP, deployment, or operations hiring)",COLD,0.0,Unknown,1,news
6424,Pharmacist burnout:,buyer_opportunity_gate,"buyer opportunity gate: no buyer-intent signal found (labor, expansion, capex, RFP, deployment, or operations hiring)",COLD,0.0,Unknown,1,news
6426,"In 2026, human connection",buyer_opportunity_gate,"buyer opportunity gate: no buyer-intent signal found (labor, expansion, capex, RFP, deployment, or operations hiring)",COLD,0.0,Unknown,1,news
6427,VAT Intelligence,buyer_opportunity_gate,"buyer opportunity gate: no buyer-intent signal found (labor, expansion, capex, RFP, deployment, or operations hiring)",COLD,0.0,Unknown,1,news
6428,10 Robotics Highlights,buyer_opportunity_gate,"buyer opportunity gate: no buyer-intent signal found (labor, expansion, capex, RFP, deployment, or operations hiring)",COLD,0.0,Unknown,1,expansion
6434,AI evolution,buyer_opportunity_gate,"buyer opportunity gate: no buyer-intent signal found (labor, expansion, capex, RFP, deployment, or operations hiring)",COLD,0.0,Datacenters,1,automation_interest
6435,UF’s RoboPI lab,buyer_opportunity_gate,"buyer opportunity gate: no buyer-intent signal found (labor, expansion, capex, RFP, deployment, or operations hiring)",COLD,0.0,Unknown,1,automation_interest
6440,Miso Robotics refines Flippy Fry Station with AI,buyer_opportunity_gate,"buyer opportunity gate: no buyer-intent signal found (labor, expansion, capex, RFP, deployment, or operations hiring)",COLD,0.0,Unknown,1,automation_interest
6441,Opentrons Uses Nvidia Tech to,buyer_opportunity_gate,"buyer opportunity gate: no buyer-intent signal found (labor, expansion, capex, RFP, deployment, or operations hiring)",COLD,0.0,Unknown,1,news
6442,Powers Physical AI in,buyer_opportunity_gate,"buyer opportunity gate: no buyer-intent signal found (labor, expansion, capex, RFP, deployment, or operations hiring)",COLD,0.0,Unknown,1,news
6448,Sterling Stock,buyer_opportunity_gate,"buyer opportunity gate: no buyer-intent signal found (labor, expansion, capex, RFP, deployment, or operations hiring)",COLD,0.0,Unknown,2,news
6449,ABB’s AI Strategy: Analysis,buyer_opportunity_gate,"buyer opportunity gate: no buyer-intent signal found (labor, expansion, capex, RFP, deployment, or operations hiring)",COLD,0.0,Unknown,1,automation_interest
6450,and KPI Solutions,buyer_opportunity_gate,"buyer opportunity gate: no buyer-intent signal found (labor, expansion, capex, RFP, deployment, or operations hiring)",COLD,0.0,Logistics,1,automation_interest
6451,Amazon’s AI,buyer_opportunity_gate,"buyer opportunity gate: no buyer-intent signal found (labor, expansion, capex, RFP, deployment, or operations hiring)",COLD,0.0,Logistics,1,automation_interest
6455,America can learn from China,buyer_opportunity_gate,"buyer opportunity gate: no buyer-intent signal found (labor, expansion, capex, RFP, deployment, or operations hiring)",COLD,0.0,Unknown,1,expansion
6457,Cleaning robots reduce infections,buyer_opportunity_gate,"buyer opportunity gate: no buyer-intent signal found (labor, expansion, capex, RFP, deployment, or operations hiring)",COLD,0.0,Healthcare,1,automation_interest
6458,Hospital-Disinfecting Robots: Xenex Sees,buyer_opportunity_gate,"buyer opportunity gate: no buyer-intent signal found (labor, expansion, capex, RFP, deployment, or operations hiring)",COLD,0.0,Healthcare,2,"expansion,strategic_hire"
6459,UBTECH Robotics Brings on Ricoh as a Premier,buyer_opportunity_gate,"buyer opportunity gate: seller/vendor or publisher story, not a buyer opportunity",COLD,0.0,Media & Publishing,1,automation_interest
6462,The Causes and Potential Solutions for the Current Shortage,buyer_opportunity_gate,"buyer opportunity gate: no buyer-intent signal found (labor, expansion, capex, RFP, deployment, or operations hiring)",COLD,0.0,Medical Technology,1,strategic_hire
6463,Addressing the Lab Technologist Shortage,buyer_opportunity_gate,"buyer opportunity gate: no buyer-intent signal found (labor, expansion, capex, RFP, deployment, or operations hiring)",COLD,0.0,Hospitality,1,expansion
6464,Hyundai Motor Group to,buyer_opportunity_gate,"buyer opportunity gate: no buyer-intent signal found (labor, expansion, capex, RFP, deployment, or operations hiring)",COLD,0.0,Automotive & Manufacturing,1,automation_interest
6465,Meta,buyer_opportunity_gate,"buyer opportunity gate: no buyer-intent signal found (labor, expansion, capex, RFP, deployment, or operations hiring)",COLD,0.0,Datacenters,3,"ma_activity,news"
6466,Hyundai Motor to,buyer_opportunity_gate,"buyer opportunity gate: no buyer-intent signal found (labor, expansion, capex, RFP, deployment, or operations hiring)",COLD,0.0,Automotive & Manufacturing,2,strategic_hire
6467,Singapore Changi no longer world,buyer_opportunity_gate,"buyer opportunity gate: no buyer-intent signal found (labor, expansion, capex, RFP, deployment, or operations hiring)",COLD,0.0,Airports & Aviation,1,automation_interest
6468,‘Whoever,buyer_opportunity_gate,"buyer opportunity gate: no buyer-intent signal found (labor, expansion, capex, RFP, deployment, or operations hiring)",COLD,0.0,Unknown,1,expansion
6471,kitchen cosmo AI prototype,buyer_opportunity_gate,"buyer opportunity gate: no buyer-intent signal found (labor, expansion, capex, RFP, deployment, or operations hiring)",COLD,0.0,Food Service,1,automation_interest
6472,Investor Outlook: Fast-food chains,buyer_opportunity_gate,"buyer opportunity gate: no buyer-intent signal found (labor, expansion, capex, RFP, deployment, or operations hiring)",COLD,0.0,Unknown,1,news
6473,Penske Logistics Executive VP Mike Medeiros,buyer_opportunity_gate,"buyer opportunity gate: no buyer-intent signal found (labor, expansion, capex, RFP, deployment, or operations hiring)",COLD,0.0,Logistics,1,automation_interest
6474,Debenhams Group,buyer_opportunity_gate,"buyer opportunity gate: no buyer-intent signal found (labor, expansion, capex, RFP, deployment, or operations hiring)",COLD,0.0,Retail,1,news
6476,Lilly to,buyer_opportunity_gate,"buyer opportunity gate: no buyer-intent signal found (labor, expansion, capex, RFP, deployment, or operations hiring)",COLD,0.0,Automotive & Manufacturing,1,news
6477,Polymerase Chain Reaction Market,buyer_opportunity_gate,"buyer opportunity gate: no buyer-intent signal found (labor, expansion, capex, RFP, deployment, or operations hiring)",COLD,0.0,Unknown,1,news
6478,Europe In Vitro Diagnostics Market,buyer_opportunity_gate,"buyer opportunity gate: no buyer-intent signal found (labor, expansion, capex, RFP, deployment, or operations hiring)",COLD,0.0,Unknown,1,strategic_hire
6479,Meningitis Diagnostic,buyer_opportunity_gate,"buyer opportunity gate: no buyer-intent signal found (labor, expansion, capex, RFP, deployment, or operations hiring)",COLD,0.0,Unknown,1,news
6481,Walmart flags nine Charlotte-area stores,buyer_opportunity_gate,"buyer opportunity gate: no buyer-intent signal found (labor, expansion, capex, RFP, deployment, or operations hiring)",COLD,0.0,Retail,1,news
6482,Costco borrows tech,buyer_opportunity_gate,"buyer opportunity gate: no buyer-intent signal found (labor, expansion, capex, RFP, deployment, or operations hiring)",COLD,0.0,Unknown,1,expansion
6483,Amusement Parks,buyer_opportunity_gate,"buyer opportunity gate: no buyer-intent signal found (labor, expansion, capex, RFP, deployment, or operations hiring)",COLD,0.0,Theme Parks & Entertainment,3,news
6484,Top 3 technologies for convenience stores,buyer_opportunity_gate,"buyer opportunity gate: no buyer-intent signal found (labor, expansion, capex, RFP, deployment, or operations hiring)",COLD,0.0,Retail,1,news
6486,iQIYI,buyer_opportunity_gate,"buyer opportunity gate: seller/vendor or publisher story, not a buyer opportunity",COLD,0.0,Media & Publishing,1,news
6489,13 Common,buyer_opportunity_gate,"buyer opportunity gate: no buyer-intent signal found (labor, expansion, capex, RFP, deployment, or operations hiring)",COLD,0.0,Healthcare,1,automation_interest
6490,Utah allows nation,buyer_opportunity_gate,"buyer opportunity gate: no buyer-intent signal found (labor, expansion, capex, RFP, deployment, or operations hiring)",COLD,0.0,Unknown,1,news
6492,Exclusive: Unspun,buyer_opportunity_gate,"buyer opportunity gate: no buyer-intent signal found (labor, expansion, capex, RFP, deployment, or operations hiring)",COLD,0.0,Hospitality,1,funding_round
6493,Progress,buyer_opportunity_gate,"buyer opportunity gate: no buyer-intent signal found (labor, expansion, capex, RFP, deployment, or operations hiring)",COLD,0.0,Unknown,1,news
6494,Unite To,buyer_opportunity_gate,"buyer opportunity gate: no buyer-intent signal found (labor, expansion, capex, RFP, deployment, or operations hiring)",COLD,0.0,Apparel & Textiles,1,news
6496,Asensing's IMU,buyer_opportunity_gate,"buyer opportunity gate: no buyer-intent signal found (labor, expansion, capex, RFP, deployment, or operations hiring)",COLD,0.0,Automotive & Manufacturing,1,automation_interest
6499,Past,buyer_opportunity_gate,"buyer opportunity gate: no buyer-intent signal found (labor, expansion, capex, RFP, deployment, or operations hiring)",COLD,0.0,Unknown,1,news
6500,Associated Wholesale Grocers',buyer_opportunity_gate,"buyer opportunity gate: no buyer-intent signal found (labor, expansion, capex, RFP, deployment, or operations hiring)",COLD,0.0,Unknown,1,automation_interest
6502,Gulf Coast Division Support Center,buyer_opportunity_gate,"buyer opportunity gate: no buyer-intent signal found (labor, expansion, capex, RFP, deployment, or operations hiring)",COLD,0.0,Logistics,2,automation_interest
6506,snack distribution to Aldi,buyer_opportunity_gate,"buyer opportunity gate: no buyer-intent signal found (labor, expansion, capex, RFP, deployment, or operations hiring)",COLD,0.0,Logistics,1,automation_interest
6507,Caregivers for the elderly,buyer_opportunity_gate,"buyer opportunity gate: no buyer-intent signal found (labor, expansion, capex, RFP, deployment, or operations hiring)",COLD,0.0,Unknown,1,news
6509,As ICE seeks to,buyer_opportunity_gate,"buyer opportunity gate: no buyer-intent signal found (labor, expansion, capex, RFP, deployment, or operations hiring)",COLD,0.0,Unknown,1,news
6511,As ICE seeks,buyer_opportunity_gate,"buyer opportunity gate: no buyer-intent signal found (labor, expansion, capex, RFP, deployment, or operations hiring)",COLD,0.0,Unknown,1,news
6514,New California laws,buyer_opportunity_gate,"buyer opportunity gate: no buyer-intent signal found (labor, expansion, capex, RFP, deployment, or operations hiring)",COLD,0.0,Unknown,1,news
6515,Reston,buyer_opportunity_gate,"buyer opportunity gate: no buyer-intent signal found (labor, expansion, capex, RFP, deployment, or operations hiring)",COLD,0.0,Airports & Aviation,1,expansion
6516,Worldwide installations,buyer_opportunity_gate,"buyer opportunity gate: no buyer-intent signal found (labor, expansion, capex, RFP, deployment, or operations hiring)",COLD,0.0,Unknown,1,expansion
6517,Part 3,buyer_opportunity_gate,"buyer opportunity gate: no buyer-intent signal found (labor, expansion, capex, RFP, deployment, or operations hiring)",COLD,0.0,Unknown,1,expansion
6519,Rockwell Automation to,buyer_opportunity_gate,"buyer opportunity gate: no buyer-intent signal found (labor, expansion, capex, RFP, deployment, or operations hiring)",COLD,0.0,Automotive & Manufacturing,2,"automation_interest,strategic_hire"
6521,The cost,buyer_opportunity_gate,"buyer opportunity gate: no buyer-intent signal found (labor, expansion, capex, RFP, deployment, or operations hiring)",COLD,0.0,Datacenters,1,news
6523,Europe Surgical Robots Market,buyer_opportunity_gate,"buyer opportunity gate: no buyer-intent signal found (labor, expansion, capex, RFP, deployment, or operations hiring)",COLD,0.0,Medical Technology,1,strategic_hire
6524,Top M&A restaurant deals,buyer_opportunity_gate,"buyer opportunity gate: no buyer-intent signal found (labor, expansion, capex, RFP, deployment, or operations hiring)",COLD,0.0,Food Service,1,news
6525,Physical AI Robots,buyer_opportunity_gate,"buyer opportunity gate: no buyer-intent signal found (labor, expansion, capex, RFP, deployment, or operations hiring)",COLD,0.0,Unknown,1,automation_interest
6526,Global M&A trends,buyer_opportunity_gate,"buyer opportunity gate: no buyer-intent signal found (labor, expansion, capex, RFP, deployment, or operations hiring)",COLD,0.0,Unknown,1,expansion
6527,Private equity appetite,buyer_opportunity_gate,"buyer opportunity gate: no buyer-intent signal found (labor, expansion, capex, RFP, deployment, or operations hiring)",COLD,0.0,Food Service,1,funding_round
6528,REVOBOTS Defines Task-Adaptive Robotics,buyer_opportunity_gate,"buyer opportunity gate: no buyer-intent signal found (labor, expansion, capex, RFP, deployment, or operations hiring)",COLD,0.0,Unknown,1,automation_interest
6529,Private equity firm TriArtisan to,buyer_opportunity_gate,"buyer opportunity gate: no buyer-intent signal found (labor, expansion, capex, RFP, deployment, or operations hiring)",COLD,0.0,Unknown,1,funding_round
6534,Automatic Die,buyer_opportunity_gate,"buyer opportunity gate: no buyer-intent signal found (labor, expansion, capex, RFP, deployment, or operations hiring)",COLD,0.0,Retail,1,expansion
6535,Fabric,buyer_opportunity_gate,"buyer opportunity gate: no buyer-intent signal found (labor, expansion, capex, RFP, deployment, or operations hiring)",COLD,0.0,Apparel & Textiles,1,expansion
6536,Textile,buyer_opportunity_gate,"buyer opportunity gate: no buyer-intent signal found (labor, expansion, capex, RFP, deployment, or operations hiring)",COLD,0.0,Automotive & Manufacturing,1,news
6539,Donatos Pizza to,buyer_opportunity_gate,"buyer opportunity gate: no buyer-intent signal found (labor, expansion, capex, RFP, deployment, or operations hiring)",COLD,0.0,Food Service,1,news
6540,Zume looks to life,buyer_opportunity_gate,"buyer opportunity gate: no buyer-intent signal found (labor, expansion, capex, RFP, deployment, or operations hiring)",COLD,0.0,Unknown,1,news
6541,Tall,buyer_opportunity_gate,"buyer opportunity gate: no buyer-intent signal found (labor, expansion, capex, RFP, deployment, or operations hiring)",COLD,0.0,Logistics,1,automation_interest
6547,Economic Pressures,buyer_opportunity_gate,"buyer opportunity gate: no buyer-intent signal found (labor, expansion, capex, RFP, deployment, or operations hiring)",COLD,0.0,CPG & Consumer Goods,1,news
6548,New MiR Fleet Enterprise Software,buyer_opportunity_gate,"buyer opportunity gate: no buyer-intent signal found (labor, expansion, capex, RFP, deployment, or operations hiring)",COLD,0.0,Media & Publishing,1,automation_interest
6551,additional CFC,buyer_opportunity_gate,"buyer opportunity gate: no buyer-intent signal found (labor, expansion, capex, RFP, deployment, or operations hiring)",COLD,0.0,Retail,1,news
6552,10 Best,buyer_opportunity_gate,"buyer opportunity gate: no buyer-intent signal found (labor, expansion, capex, RFP, deployment, or operations hiring)",COLD,0.0,Logistics,1,news
6553,Chemical,buyer_opportunity_gate,"buyer opportunity gate: no buyer-intent signal found (labor, expansion, capex, RFP, deployment, or operations hiring)",COLD,0.0,Unknown,1,news
6554,Tired,buyer_opportunity_gate,"buyer opportunity gate: no buyer-intent signal found (labor, expansion, capex, RFP, deployment, or operations hiring)",COLD,0.0,Apparel & Textiles,1,news
6555,Pharma’s QC lab,buyer_opportunity_gate,"buyer opportunity gate: no buyer-intent signal found (labor, expansion, capex, RFP, deployment, or operations hiring)",COLD,0.0,Unknown,1,news
6556,Agilent,buyer_opportunity_gate,"buyer opportunity gate: no buyer-intent signal found (labor, expansion, capex, RFP, deployment, or operations hiring)",COLD,0.0,Medical Technology,1,news
6557,Belimo,buyer_opportunity_gate,"buyer opportunity gate: no buyer-intent signal found (labor, expansion, capex, RFP, deployment, or operations hiring)",COLD,0.0,Datacenters,1,news
6560,The Association for Advancing Automation (A3),buyer_opportunity_gate,"buyer opportunity gate: no buyer-intent signal found (labor, expansion, capex, RFP, deployment, or operations hiring)",COLD,0.0,Apparel & Textiles,1,automation_interest
6562,Starbucks to,buyer_opportunity_gate,"buyer opportunity gate: no buyer-intent signal found (labor, expansion, capex, RFP, deployment, or operations hiring)",COLD,0.0,Food Service,1,expansion
6564,Bruker,buyer_opportunity_gate,"buyer opportunity gate: no buyer-intent signal found (labor, expansion, capex, RFP, deployment, or operations hiring)",COLD,0.0,Media & Publishing,2,"expansion,news"
6565,ESCMI,buyer_opportunity_gate,"buyer opportunity gate: no buyer-intent signal found (labor, expansion, capex, RFP, deployment, or operations hiring)",COLD,0.0,Unknown,1,expansion
6566,World Blood,buyer_opportunity_gate,"buyer opportunity gate: no buyer-intent signal found (labor, expansion, capex, RFP, deployment, or operations hiring)",COLD,0.0,Hospitality,1,news
6568,Mario Von Hoesslin,buyer_opportunity_gate,"buyer opportunity gate: no buyer-intent signal found (labor, expansion, capex, RFP, deployment, or operations hiring)",COLD,0.0,Hospitality,1,expansion
6569,Iconic Hotels & Resorts,buyer_opportunity_gate,"buyer opportunity gate: no buyer-intent signal found (labor, expansion, capex, RFP, deployment, or operations hiring)",COLD,0.0,Hospitality,1,expansion
6570,Weave,buyer_opportunity_gate,"buyer opportunity gate: no buyer-intent signal found (labor, expansion, capex, RFP, deployment, or operations hiring)",COLD,0.0,Hospitality,1,expansion
6571,XAVIS,buyer_opportunity_gate,"buyer opportunity gate: seller/vendor or publisher story, not a buyer opportunity",COLD,0.0,Media & Publishing,1,strategic_hire
6572,Op-ed: 5 AI trends to watch,buyer_opportunity_gate,"buyer opportunity gate: no buyer-intent signal found (labor, expansion, capex, RFP, deployment, or operations hiring)",COLD,0.0,Unknown,1,news
6579,An Overview,buyer_opportunity_gate,"buyer opportunity gate: no buyer-intent signal found (labor, expansion, capex, RFP, deployment, or operations hiring)",COLD,0.0,Medical Technology,1,automation_interest
6580,Intuitive Surgical: An Easy “,buyer_opportunity_gate,"buyer opportunity gate: no buyer-intent signal found (labor, expansion, capex, RFP, deployment, or operations hiring)",COLD,0.0,Medical Technology,1,news
6583,a California restaurant,buyer_opportunity_gate,"buyer opportunity gate: no buyer-intent signal found (labor, expansion, capex, RFP, deployment, or operations hiring)",COLD,0.0,Food Service,1,automation_interest
6584,Ukraine’s Robot Army,buyer_opportunity_gate,"buyer opportunity gate: no buyer-intent signal found (labor, expansion, capex, RFP, deployment, or operations hiring)",COLD,0.0,Unknown,1,strategic_hire
6585,NYC quick-serve operator The Filling Station,buyer_opportunity_gate,"buyer opportunity gate: no buyer-intent signal found (labor, expansion, capex, RFP, deployment, or operations hiring)",COLD,0.0,Retail,1,expansion
6588,Donatos to,buyer_opportunity_gate,"buyer opportunity gate: no buyer-intent signal found (labor, expansion, capex, RFP, deployment, or operations hiring)",COLD,0.0,Airports & Aviation,1,expansion
6591,Top 10: Robotics Companies,buyer_opportunity_gate,"buyer opportunity gate: no buyer-intent signal found (labor, expansion, capex, RFP, deployment, or operations hiring)",COLD,0.0,Automotive & Manufacturing,1,automation_interest
6593,Workers supported by robots,buyer_opportunity_gate,"buyer opportunity gate: no buyer-intent signal found (labor, expansion, capex, RFP, deployment, or operations hiring)",COLD,0.0,Unknown,1,strategic_hire
6594,7 No-Brainer Robotics Stocks,buyer_opportunity_gate,"buyer opportunity gate: no buyer-intent signal found (labor, expansion, capex, RFP, deployment, or operations hiring)",COLD,0.0,Media & Publishing,1,expansion
6596,Semiconductor Sourcing for Robotics,buyer_opportunity_gate,"buyer opportunity gate: no buyer-intent signal found (labor, expansion, capex, RFP, deployment, or operations hiring)",COLD,0.0,Automotive & Manufacturing,2,strategic_hire
6597,Aurora business one,buyer_opportunity_gate,"buyer opportunity gate: no buyer-intent signal found (labor, expansion, capex, RFP, deployment, or operations hiring)",COLD,0.0,Automotive & Manufacturing,1,expansion
6598,Data Center Liquid Cooling Valves Market,buyer_opportunity_gate,"buyer opportunity gate: no buyer-intent signal found (labor, expansion, capex, RFP, deployment, or operations hiring)",COLD,0.0,Datacenters,1,expansion
6600,Teradyne Robotics Facility,buyer_opportunity_gate,"buyer opportunity gate: no buyer-intent signal found (labor, expansion, capex, RFP, deployment, or operations hiring)",COLD,0.0,Automotive & Manufacturing,1,automation_interest
6601,Barcelona’s Health Lean Analytics bags,buyer_opportunity_gate,"buyer opportunity gate: no buyer-intent signal found (labor, expansion, capex, RFP, deployment, or operations hiring)",COLD,0.0,Healthcare,1,automation_interest
6602,IntraLogisteX returns to NEC,buyer_opportunity_gate,"buyer opportunity gate: no buyer-intent signal found (labor, expansion, capex, RFP, deployment, or operations hiring)",COLD,0.0,Logistics,1,expansion
6603,Shares,buyer_opportunity_gate,"buyer opportunity gate: no buyer-intent signal found (labor, expansion, capex, RFP, deployment, or operations hiring)",COLD,0.0,Logistics,1,expansion
6606,Navi Mumbai International Airport,buyer_opportunity_gate,"buyer opportunity gate: no buyer-intent signal found (labor, expansion, capex, RFP, deployment, or operations hiring)",COLD,0.0,Airports & Aviation,1,automation_interest
6607,29 Best Textile Stocks,buyer_opportunity_gate,"buyer opportunity gate: no buyer-intent signal found (labor, expansion, capex, RFP, deployment, or operations hiring)",COLD,0.0,Apparel & Textiles,1,expansion
6611,Which large corporations,buyer_opportunity_gate,"buyer opportunity gate: no buyer-intent signal found (labor, expansion, capex, RFP, deployment, or operations hiring)",COLD,0.0,Logistics,1,automation_interest
6612,Logile’s Connected Workforce Platform,buyer_opportunity_gate,"buyer opportunity gate: no buyer-intent signal found (labor, expansion, capex, RFP, deployment, or operations hiring)",COLD,0.0,Media & Publishing,1,news
6615,Top packaging trade,buyer_opportunity_gate,"buyer opportunity gate: no buyer-intent signal found (labor, expansion, capex, RFP, deployment, or operations hiring)",COLD,0.0,Unknown,1,news
6616,FA&M 2025 Highlights Food,buyer_opportunity_gate,"buyer opportunity gate: no buyer-intent signal found (labor, expansion, capex, RFP, deployment, or operations hiring)",COLD,0.0,Automotive & Manufacturing,1,news
6617,Higher Precision,buyer_opportunity_gate,"buyer opportunity gate: no buyer-intent signal found (labor, expansion, capex, RFP, deployment, or operations hiring)",COLD,0.0,Medical Technology,1,strategic_hire
6620,A Lesson,buyer_opportunity_gate,"buyer opportunity gate: no buyer-intent signal found (labor, expansion, capex, RFP, deployment, or operations hiring)",COLD,0.0,Food Service,2,strategic_hire
6622,Study: One-third,buyer_opportunity_gate,"buyer opportunity gate: no buyer-intent signal found (labor, expansion, capex, RFP, deployment, or operations hiring)",COLD,0.0,Food Service,1,automation_interest
6623,Eclipse Automation,buyer_opportunity_gate,"buyer opportunity gate: no buyer-intent signal found (labor, expansion, capex, RFP, deployment, or operations hiring)",COLD,0.0,Unknown,1,strategic_hire
6626,Supermarket chain puts AMRs,buyer_opportunity_gate,"buyer opportunity gate: no buyer-intent signal found (labor, expansion, capex, RFP, deployment, or operations hiring)",COLD,0.0,Retail,1,expansion
6627,Small and Mid-Size Manufacturers Market,buyer_opportunity_gate,"buyer opportunity gate: no buyer-intent signal found (labor, expansion, capex, RFP, deployment, or operations hiring)",COLD,0.0,Unknown,1,news
6631,'Parker' the patrolling robot,buyer_opportunity_gate,"buyer opportunity gate: no buyer-intent signal found (labor, expansion, capex, RFP, deployment, or operations hiring)",COLD,0.0,Automotive & Manufacturing,2,"automation_interest,expansion"
6632,Knightscope’s Stock,buyer_opportunity_gate,"buyer opportunity gate: no buyer-intent signal found (labor, expansion, capex, RFP, deployment, or operations hiring)",COLD,0.0,Unknown,1,automation_interest
6634,VDMA to,buyer_opportunity_gate,"buyer opportunity gate: no buyer-intent signal found (labor, expansion, capex, RFP, deployment, or operations hiring)",COLD,0.0,Apparel & Textiles,2,expansion
6635,GTE 2026 to Spotlight AI,buyer_opportunity_gate,"buyer opportunity gate: no buyer-intent signal found (labor, expansion, capex, RFP, deployment, or operations hiring)",COLD,0.0,Apparel & Textiles,1,automation_interest
6637,3 Robotics Stocks,buyer_opportunity_gate,"buyer opportunity gate: no buyer-intent signal found (labor, expansion, capex, RFP, deployment, or operations hiring)",COLD,0.0,Media & Publishing,1,automation_interest
6639,Symbotic Stock,buyer_opportunity_gate,"buyer opportunity gate: no buyer-intent signal found (labor, expansion, capex, RFP, deployment, or operations hiring)",COLD,0.0,Logistics,2,"automation_interest,news"
6642,Fourth patient dies after Idaho,buyer_opportunity_gate,"buyer opportunity gate: no buyer-intent signal found (labor, expansion, capex, RFP, deployment, or operations hiring)",COLD,0.0,Healthcare,1,news
6644,China’s Humanoid Robots,buyer_opportunity_gate,"buyer opportunity gate: no buyer-intent signal found (labor, expansion, capex, RFP, deployment, or operations hiring)",COLD,0.0,Automotive & Manufacturing,1,automation_interest
6646,Tesla Stock,buyer_opportunity_gate,"buyer opportunity gate: no buyer-intent signal found (labor, expansion, capex, RFP, deployment, or operations hiring)",COLD,0.0,Automotive & Manufacturing,1,strategic_hire
6647,Intuitive Surgical and the Robot,buyer_opportunity_gate,"buyer opportunity gate: no buyer-intent signal found (labor, expansion, capex, RFP, deployment, or operations hiring)",COLD,0.0,Medical Technology,2,"automation_interest,strategic_hire"
6649,Intense Competition,buyer_opportunity_gate,"buyer opportunity gate: no buyer-intent signal found (labor, expansion, capex, RFP, deployment, or operations hiring)",COLD,0.0,Unknown,1,news
6651,German company,buyer_opportunity_gate,"buyer opportunity gate: no buyer-intent signal found (labor, expansion, capex, RFP, deployment, or operations hiring)",COLD,0.0,Real Estate & Facilities,1,news
6652,America’s vanishing cattle herd,buyer_opportunity_gate,"buyer opportunity gate: no buyer-intent signal found (labor, expansion, capex, RFP, deployment, or operations hiring)",COLD,0.0,Unknown,1,news
6653,Beef buyers,buyer_opportunity_gate,"buyer opportunity gate: no buyer-intent signal found (labor, expansion, capex, RFP, deployment, or operations hiring)",COLD,0.0,Unknown,1,news
6662,Cleaning Robots for commercial facilities,buyer_opportunity_gate,"buyer opportunity gate: no buyer-intent signal found (labor, expansion, capex, RFP, deployment, or operations hiring)",COLD,0.0,Unknown,1,automation_interest
6666,Our agreement with the Department,buyer_opportunity_gate,"buyer opportunity gate: no buyer-intent signal found (labor, expansion, capex, RFP, deployment, or operations hiring)",COLD,0.0,Unknown,1,news
6667,Crete’s Hotels,buyer_opportunity_gate,"buyer opportunity gate: no buyer-intent signal found (labor, expansion, capex, RFP, deployment, or operations hiring)",COLD,0.0,Hospitality,2,expansion
6669,Technology Trends Shaping the Future,buyer_opportunity_gate,"buyer opportunity gate: no buyer-intent signal found (labor, expansion, capex, RFP, deployment, or operations hiring)",COLD,0.0,Healthcare,1,automation_interest
6670,CMR Surgical,buyer_opportunity_gate,"buyer opportunity gate: no buyer-intent signal found (labor, expansion, capex, RFP, deployment, or operations hiring)",COLD,0.0,Medical Technology,2,"expansion,news"
6672,Material Handling Equipment Market,fast_junk,junk substring: 'equipment market',COLD,0.0,Retail,3,"expansion,strategic_hire"
6674,Japan’s Restaurants,buyer_opportunity_gate,"buyer opportunity gate: no buyer-intent signal found (labor, expansion, capex, RFP, deployment, or operations hiring)",COLD,0.0,Food Service,1,automation_interest
6676,Lee Li Holdings to,buyer_opportunity_gate,"buyer opportunity gate: no buyer-intent signal found (labor, expansion, capex, RFP, deployment, or operations hiring)",COLD,0.0,Unknown,1,news
6678,Copper,buyer_opportunity_gate,"buyer opportunity gate: no buyer-intent signal found (labor, expansion, capex, RFP, deployment, or operations hiring)",COLD,0.0,Unknown,1,news
6679,Arm reorganizes,buyer_opportunity_gate,"buyer opportunity gate: no buyer-intent signal found (labor, expansion, capex, RFP, deployment, or operations hiring)",COLD,0.0,Unknown,1,strategic_hire
6681,Automation Goals,buyer_opportunity_gate,"buyer opportunity gate: no buyer-intent signal found (labor, expansion, capex, RFP, deployment, or operations hiring)",COLD,0.0,Unknown,1,expansion
6687,RobCo nabs $100M,buyer_opportunity_gate,"buyer opportunity gate: no buyer-intent signal found (labor, expansion, capex, RFP, deployment, or operations hiring)",COLD,0.0,Unknown,1,automation_interest
6688,The Benefits,buyer_opportunity_gate,"buyer opportunity gate: no buyer-intent signal found (labor, expansion, capex, RFP, deployment, or operations hiring)",COLD,0.0,Automotive & Manufacturing,1,automation_interest
6692,Varun Beverages: Genie out,buyer_opportunity_gate,"buyer opportunity gate: no buyer-intent signal found (labor, expansion, capex, RFP, deployment, or operations hiring)",COLD,0.0,Unknown,1,news
6693,Start-Ups,buyer_opportunity_gate,"buyer opportunity gate: seller/vendor or publisher story, not a buyer opportunity",COLD,0.0,Healthcare,1,expansion
6694,To Stay,buyer_opportunity_gate,"buyer opportunity gate: no buyer-intent signal found (labor, expansion, capex, RFP, deployment, or operations hiring)",COLD,0.0,Media & Publishing,1,automation_interest
6697,12 top business,buyer_opportunity_gate,"buyer opportunity gate: no buyer-intent signal found (labor, expansion, capex, RFP, deployment, or operations hiring)",COLD,0.0,Unknown,1,news
6699,Uncover the Top 10 Food Technology Trends,buyer_opportunity_gate,"buyer opportunity gate: no buyer-intent signal found (labor, expansion, capex, RFP, deployment, or operations hiring)",COLD,0.0,Unknown,1,news
6700,Global Industrial Chain Systems Market,fast_junk,junk substring: 'systems market',COLD,0.0,Unknown,2,news
6701,Beyond Regulation: Four AI Trends,buyer_opportunity_gate,"buyer opportunity gate: no buyer-intent signal found (labor, expansion, capex, RFP, deployment, or operations hiring)",COLD,0.0,Unknown,1,automation_interest
6702,Seed Round to,buyer_opportunity_gate,"buyer opportunity gate: seller/vendor or publisher story, not a buyer opportunity",COLD,0.0,Automotive & Manufacturing,1,funding_round
6704,South Korea’s Kangwon,buyer_opportunity_gate,"buyer opportunity gate: no buyer-intent signal found (labor, expansion, capex, RFP, deployment, or operations hiring)",COLD,0.0,Casinos & Gaming,1,news
6705,BMW intensifies humanoid robot push,buyer_opportunity_gate,"buyer opportunity gate: no buyer-intent signal found (labor, expansion, capex, RFP, deployment, or operations hiring)",COLD,0.0,Automotive & Manufacturing,1,automation_interest
6706,BMW Using Humanoid Robots To,buyer_opportunity_gate,"buyer opportunity gate: no buyer-intent signal found (labor, expansion, capex, RFP, deployment, or operations hiring)",COLD,0.0,Automotive & Manufacturing,1,automation_interest
6707,Red Cat Successfully,buyer_opportunity_gate,"buyer opportunity gate: no buyer-intent signal found (labor, expansion, capex, RFP, deployment, or operations hiring)",COLD,0.0,Unknown,1,news
6708,“Women,buyer_opportunity_gate,"buyer opportunity gate: no buyer-intent signal found (labor, expansion, capex, RFP, deployment, or operations hiring)",COLD,0.0,Unknown,1,automation_interest
6710,Opportunities,buyer_opportunity_gate,"buyer opportunity gate: no buyer-intent signal found (labor, expansion, capex, RFP, deployment, or operations hiring)",COLD,0.0,Automotive & Manufacturing,1,strategic_hire
6711,TA Dedicated,buyer_opportunity_gate,"buyer opportunity gate: no buyer-intent signal found (labor, expansion, capex, RFP, deployment, or operations hiring)",COLD,0.0,Logistics,1,ma_activity
6712,Vos Logistics,buyer_opportunity_gate,"buyer opportunity gate: no buyer-intent signal found (labor, expansion, capex, RFP, deployment, or operations hiring)",COLD,0.0,Logistics,1,ma_activity
6713,Transport M&A,buyer_opportunity_gate,"buyer opportunity gate: no buyer-intent signal found (labor, expansion, capex, RFP, deployment, or operations hiring)",COLD,0.0,Unknown,1,news
6714,List,buyer_opportunity_gate,"buyer opportunity gate: no buyer-intent signal found (labor, expansion, capex, RFP, deployment, or operations hiring)",COLD,0.0,Unknown,4,ma_activity
6715,Bed Bath &,buyer_opportunity_gate,"buyer opportunity gate: no buyer-intent signal found (labor, expansion, capex, RFP, deployment, or operations hiring)",COLD,0.0,Unknown,1,ma_activity
6716,Biggest transport and logistics M&A deals,buyer_opportunity_gate,"buyer opportunity gate: no buyer-intent signal found (labor, expansion, capex, RFP, deployment, or operations hiring)",COLD,0.0,Logistics,1,automation_interest
6717,Ridi Stores,buyer_opportunity_gate,"buyer opportunity gate: no buyer-intent signal found (labor, expansion, capex, RFP, deployment, or operations hiring)",COLD,0.0,Unknown,1,ma_activity
6719,NVIDIA and robotics companies,buyer_opportunity_gate,"buyer opportunity gate: no buyer-intent signal found (labor, expansion, capex, RFP, deployment, or operations hiring)",COLD,0.0,Healthcare,1,strategic_hire
6720,Advantech,buyer_opportunity_gate,"buyer opportunity gate: no buyer-intent signal found (labor, expansion, capex, RFP, deployment, or operations hiring)",COLD,0.0,Unknown,1,strategic_hire
6721,QIAGEN Showcases AI,buyer_opportunity_gate,"buyer opportunity gate: no buyer-intent signal found (labor, expansion, capex, RFP, deployment, or operations hiring)",COLD,0.0,Hospitality,1,news
6722,Airport Robots Market,buyer_opportunity_gate,"buyer opportunity gate: no buyer-intent signal found (labor, expansion, capex, RFP, deployment, or operations hiring)",COLD,0.0,Airports & Aviation,1,automation_interest
6723,Scale for Manufacturers,buyer_opportunity_gate,"buyer opportunity gate: no buyer-intent signal found (labor, expansion, capex, RFP, deployment, or operations hiring)",COLD,0.0,Automotive & Manufacturing,1,news
6724,Electronic Caregiver,buyer_opportunity_gate,"buyer opportunity gate: no buyer-intent signal found (labor, expansion, capex, RFP, deployment, or operations hiring)",COLD,0.0,Healthcare,4,"expansion,news"
6726,AI Robot Chefs,buyer_opportunity_gate,"buyer opportunity gate: no buyer-intent signal found (labor, expansion, capex, RFP, deployment, or operations hiring)",COLD,0.0,Unknown,1,automation_interest
6727,Food Trends to Watch,buyer_opportunity_gate,"buyer opportunity gate: no buyer-intent signal found (labor, expansion, capex, RFP, deployment, or operations hiring)",COLD,0.0,Media & Publishing,1,news
6729,Retail’s tech takeover |,buyer_opportunity_gate,"buyer opportunity gate: no buyer-intent signal found (labor, expansion, capex, RFP, deployment, or operations hiring)",COLD,0.0,Retail,2,ma_activity
6731,Some,buyer_opportunity_gate,"buyer opportunity gate: no buyer-intent signal found (labor, expansion, capex, RFP, deployment, or operations hiring)",COLD,0.0,Retail,1,news
6732,"Yes,' others",buyer_opportunity_gate,"buyer opportunity gate: no buyer-intent signal found (labor, expansion, capex, RFP, deployment, or operations hiring)",COLD,0.0,Retail,1,news
6734,Demand for Self-checkout Systems,buyer_opportunity_gate,"buyer opportunity gate: no buyer-intent signal found (labor, expansion, capex, RFP, deployment, or operations hiring)",COLD,0.0,Retail,1,news
6735,Pittsburgh's airport,buyer_opportunity_gate,"buyer opportunity gate: no buyer-intent signal found (labor, expansion, capex, RFP, deployment, or operations hiring)",COLD,0.0,Airports & Aviation,1,automation_interest
6736,Hailing rides,buyer_opportunity_gate,"buyer opportunity gate: no buyer-intent signal found (labor, expansion, capex, RFP, deployment, or operations hiring)",COLD,0.0,Unknown,1,news
6737,Chaos,buyer_opportunity_gate,"buyer opportunity gate: no buyer-intent signal found (labor, expansion, capex, RFP, deployment, or operations hiring)",COLD,0.0,Airports & Aviation,1,strategic_hire
6740,OhioHealth Van Wert Hospital,buyer_opportunity_gate,"buyer opportunity gate: no buyer-intent signal found (labor, expansion, capex, RFP, deployment, or operations hiring)",COLD,0.0,Healthcare,1,strategic_hire
6743,Mother,buyer_opportunity_gate,"buyer opportunity gate: no buyer-intent signal found (labor, expansion, capex, RFP, deployment, or operations hiring)",COLD,0.0,Unknown,1,automation_interest
6744,These 6 products helped me,buyer_opportunity_gate,"buyer opportunity gate: no buyer-intent signal found (labor, expansion, capex, RFP, deployment, or operations hiring)",COLD,0.0,Unknown,1,news
6745,large fire at Compass Park in Franklin,buyer_opportunity_gate,"buyer opportunity gate: no buyer-intent signal found (labor, expansion, capex, RFP, deployment, or operations hiring)",COLD,0.0,Unknown,1,news
6746,Top multifamily industry conferences,buyer_opportunity_gate,"buyer opportunity gate: no buyer-intent signal found (labor, expansion, capex, RFP, deployment, or operations hiring)",COLD,0.0,Unknown,1,news
6748,Solico Group,buyer_opportunity_gate,"buyer opportunity gate: no buyer-intent signal found (labor, expansion, capex, RFP, deployment, or operations hiring)",COLD,0.0,Automotive & Manufacturing,1,news
6749,Jafza,buyer_opportunity_gate,"buyer opportunity gate: no buyer-intent signal found (labor, expansion, capex, RFP, deployment, or operations hiring)",COLD,0.0,Automotive & Manufacturing,1,news
6750,Intel,buyer_opportunity_gate,"buyer opportunity gate: no buyer-intent signal found (labor, expansion, capex, RFP, deployment, or operations hiring)",COLD,0.0,Automotive & Manufacturing,2,"automation_interest,news"
6752,China Sulfuric Acid,buyer_opportunity_gate,"buyer opportunity gate: no buyer-intent signal found (labor, expansion, capex, RFP, deployment, or operations hiring)",COLD,0.0,Unknown,1,expansion
6754,The Week,buyer_opportunity_gate,"buyer opportunity gate: no buyer-intent signal found (labor, expansion, capex, RFP, deployment, or operations hiring)",COLD,0.0,Unknown,1,strategic_hire
6755,Bharat Forge,buyer_opportunity_gate,"buyer opportunity gate: no buyer-intent signal found (labor, expansion, capex, RFP, deployment, or operations hiring)",COLD,0.0,Unknown,1,strategic_hire
6756,Skild,buyer_opportunity_gate,"buyer opportunity gate: no buyer-intent signal found (labor, expansion, capex, RFP, deployment, or operations hiring)",COLD,0.0,Automotive & Manufacturing,2,"ma_activity,strategic_hire"
6758,Automation and AI Unlock New Value,buyer_opportunity_gate,"buyer opportunity gate: seller/vendor or publisher story, not a buyer opportunity",COLD,0.0,Media & Publishing,1,strategic_hire
6759,The Number,buyer_opportunity_gate,"buyer opportunity gate: no buyer-intent signal found (labor, expansion, capex, RFP, deployment, or operations hiring)",COLD,0.0,Unknown,1,strategic_hire
6761,Kemin,buyer_opportunity_gate,"buyer opportunity gate: no buyer-intent signal found (labor, expansion, capex, RFP, deployment, or operations hiring)",COLD,0.0,Automotive & Manufacturing,1,automation_interest
6763,The 6 Best Data Center Courses on Udemy,buyer_opportunity_gate,"buyer opportunity gate: no buyer-intent signal found (labor, expansion, capex, RFP, deployment, or operations hiring)",COLD,0.0,Datacenters,1,news
6765,As Wages,buyer_opportunity_gate,"buyer opportunity gate: no buyer-intent signal found (labor, expansion, capex, RFP, deployment, or operations hiring)",COLD,0.0,Food Service,1,news
6770,Here,buyer_opportunity_gate,"buyer opportunity gate: no buyer-intent signal found (labor, expansion, capex, RFP, deployment, or operations hiring)",COLD,0.0,Retail,2,automation_interest
6771,Rethinking Warehouse Automation,buyer_opportunity_gate,"buyer opportunity gate: no buyer-intent signal found (labor, expansion, capex, RFP, deployment, or operations hiring)",COLD,0.0,Logistics,1,automation_interest
6774,Enhancing hospitality,buyer_opportunity_gate,"buyer opportunity gate: no buyer-intent signal found (labor, expansion, capex, RFP, deployment, or operations hiring)",COLD,0.0,Healthcare,1,automation_interest
6776,Grocery aisle robot Tally,buyer_opportunity_gate,"buyer opportunity gate: no buyer-intent signal found (labor, expansion, capex, RFP, deployment, or operations hiring)",COLD,0.0,Retail,1,funding_round
6777,Stonebranch,buyer_opportunity_gate,"buyer opportunity gate: no buyer-intent signal found (labor, expansion, capex, RFP, deployment, or operations hiring)",COLD,0.0,Media & Publishing,1,strategic_hire
6780,Likely,buyer_opportunity_gate,"buyer opportunity gate: no buyer-intent signal found (labor, expansion, capex, RFP, deployment, or operations hiring)",COLD,0.0,Unknown,1,expansion
6781,China’s top 10 tech innovators to watch,buyer_opportunity_gate,"buyer opportunity gate: no buyer-intent signal found (labor, expansion, capex, RFP, deployment, or operations hiring)",COLD,0.0,Hospitality,1,news
6783,Rieter,buyer_opportunity_gate,"buyer opportunity gate: no buyer-intent signal found (labor, expansion, capex, RFP, deployment, or operations hiring)",COLD,0.0,Hospitality,1,strategic_hire
6784,Freedom With a Side,buyer_opportunity_gate,"buyer opportunity gate: no buyer-intent signal found (labor, expansion, capex, RFP, deployment, or operations hiring)",COLD,0.0,Media & Publishing,2,news
6785,Factory Automation and Industrial Controls Market,buyer_opportunity_gate,"buyer opportunity gate: no buyer-intent signal found (labor, expansion, capex, RFP, deployment, or operations hiring)",COLD,0.0,Automotive & Manufacturing,1,automation_interest
6786,7 Best Industrial Automation and Control Systems for Enterprises,buyer_opportunity_gate,"buyer opportunity gate: no buyer-intent signal found (labor, expansion, capex, RFP, deployment, or operations hiring)",COLD,0.0,Automotive & Manufacturing,1,automation_interest
6794,The Soft(ware) Side,buyer_opportunity_gate,"buyer opportunity gate: no buyer-intent signal found (labor, expansion, capex, RFP, deployment, or operations hiring)",COLD,0.0,Automotive & Manufacturing,2,automation_interest
6795,5 Soft Drinks Stocks Set,buyer_opportunity_gate,"buyer opportunity gate: no buyer-intent signal found (labor, expansion, capex, RFP, deployment, or operations hiring)",COLD,0.0,Hospitality,2,news
6797,Trader Joe’s,buyer_opportunity_gate,"buyer opportunity gate: no buyer-intent signal found (labor, expansion, capex, RFP, deployment, or operations hiring)",COLD,0.0,Logistics,1,automation_interest
6801,"To Deepen Fort Worth Footprint,",buyer_opportunity_gate,"buyer opportunity gate: no buyer-intent signal found (labor, expansion, capex, RFP, deployment, or operations hiring)",COLD,0.0,Unknown,1,news
6806,Chicago’s 1st,buyer_opportunity_gate,"buyer opportunity gate: no buyer-intent signal found (labor, expansion, capex, RFP, deployment, or operations hiring)",COLD,0.0,Unknown,1,news
6807,3 Best Automatic Litter Boxes 2026: Cat,buyer_opportunity_gate,"buyer opportunity gate: no buyer-intent signal found (labor, expansion, capex, RFP, deployment, or operations hiring)",COLD,0.0,Unknown,1,news
6808,The Best Self-Emptying Robot Vacuums We've,buyer_opportunity_gate,"buyer opportunity gate: no buyer-intent signal found (labor, expansion, capex, RFP, deployment, or operations hiring)",COLD,0.0,Unknown,1,automation_interest
6809,Prediction: These Top Robotics Stocks Which,buyer_opportunity_gate,"buyer opportunity gate: no buyer-intent signal found (labor, expansion, capex, RFP, deployment, or operations hiring)",COLD,0.0,Unknown,1,automation_interest
6813,Cold Storage’s Next Phase,buyer_opportunity_gate,"buyer opportunity gate: no buyer-intent signal found (labor, expansion, capex, RFP, deployment, or operations hiring)",COLD,0.0,Logistics,1,news
6815,"Agricultural Diesel, AI Agriculture & Automation Solutions",buyer_opportunity_gate,"buyer opportunity gate: no buyer-intent signal found (labor, expansion, capex, RFP, deployment, or operations hiring)",COLD,0.0,Unknown,1,expansion
6816,News | Denny's,buyer_opportunity_gate,"buyer opportunity gate: no buyer-intent signal found (labor, expansion, capex, RFP, deployment, or operations hiring)",COLD,0.0,Unknown,1,news
6817,Raleigh PE firm,buyer_opportunity_gate,"buyer opportunity gate: no buyer-intent signal found (labor, expansion, capex, RFP, deployment, or operations hiring)",COLD,0.0,Food Service,1,news
6818,VCs,buyer_opportunity_gate,"buyer opportunity gate: no buyer-intent signal found (labor, expansion, capex, RFP, deployment, or operations hiring)",COLD,0.0,Logistics,1,automation_interest
6821,Instrumentation and Control Devices Market,buyer_opportunity_gate,"buyer opportunity gate: no buyer-intent signal found (labor, expansion, capex, RFP, deployment, or operations hiring)",COLD,0.0,Unknown,1,news
6823,Peloton Workers’,buyer_opportunity_gate,"buyer opportunity gate: no buyer-intent signal found (labor, expansion, capex, RFP, deployment, or operations hiring)",COLD,0.0,Unknown,1,news
6827,These Once,buyer_opportunity_gate,"buyer opportunity gate: no buyer-intent signal found (labor, expansion, capex, RFP, deployment, or operations hiring)",COLD,0.0,Food Service,1,news
6832,EB-3 Unskilled Jobs 2026: EB3.,buyer_opportunity_gate,"buyer opportunity gate: no buyer-intent signal found (labor, expansion, capex, RFP, deployment, or operations hiring)",COLD,0.0,Unknown,1,news
6833,The average American teacher,buyer_opportunity_gate,"buyer opportunity gate: no buyer-intent signal found (labor, expansion, capex, RFP, deployment, or operations hiring)",COLD,0.0,Unknown,1,news
6834,Fresno farmworkers protest,buyer_opportunity_gate,"buyer opportunity gate: no buyer-intent signal found (labor, expansion, capex, RFP, deployment, or operations hiring)",COLD,0.0,Unknown,1,news
6836,Conduent,buyer_opportunity_gate,"buyer opportunity gate: no buyer-intent signal found (labor, expansion, capex, RFP, deployment, or operations hiring)",COLD,0.0,Healthcare,1,strategic_hire
6837,s Oklahoma,buyer_opportunity_gate,"buyer opportunity gate: no buyer-intent signal found (labor, expansion, capex, RFP, deployment, or operations hiring)",COLD,0.0,Unknown,1,news
6839,"For 50th anniversary, Station",buyer_opportunity_gate,"buyer opportunity gate: no buyer-intent signal found (labor, expansion, capex, RFP, deployment, or operations hiring)",COLD,0.0,Unknown,1,news
6842,California’s Great America,buyer_opportunity_gate,"buyer opportunity gate: no buyer-intent signal found (labor, expansion, capex, RFP, deployment, or operations hiring)",COLD,0.0,Healthcare,2,news
6844,Culture,buyer_opportunity_gate,"buyer opportunity gate: no buyer-intent signal found (labor, expansion, capex, RFP, deployment, or operations hiring)",COLD,0.0,Theme Parks & Entertainment,1,news
6845,multibillion-dollar Epic Universe,buyer_opportunity_gate,"buyer opportunity gate: no buyer-intent signal found (labor, expansion, capex, RFP, deployment, or operations hiring)",COLD,0.0,Theme Parks & Entertainment,1,news
6846,Swissport,buyer_opportunity_gate,"buyer opportunity gate: no buyer-intent signal found (labor, expansion, capex, RFP, deployment, or operations hiring)",COLD,0.0,Unknown,1,news
6847,Cover Story 1:,buyer_opportunity_gate,"buyer opportunity gate: no buyer-intent signal found (labor, expansion, capex, RFP, deployment, or operations hiring)",COLD,0.0,Logistics,2,automation_interest
6848,Timur Sentuerk,buyer_opportunity_gate,"buyer opportunity gate: no buyer-intent signal found (labor, expansion, capex, RFP, deployment, or operations hiring)",COLD,0.0,Hospitality,1,expansion
6851,Pet food acquisitions,buyer_opportunity_gate,"buyer opportunity gate: no buyer-intent signal found (labor, expansion, capex, RFP, deployment, or operations hiring)",COLD,0.0,Unknown,1,ma_activity
6852,After Years,buyer_opportunity_gate,"buyer opportunity gate: no buyer-intent signal found (labor, expansion, capex, RFP, deployment, or operations hiring)",COLD,0.0,Unknown,1,funding_round
6853,Artera,buyer_opportunity_gate,"buyer opportunity gate: seller/vendor or publisher story, not a buyer opportunity",COLD,0.0,Healthcare,2,"expansion,funding_round"
6854,Medtronic,buyer_opportunity_gate,"buyer opportunity gate: no buyer-intent signal found (labor, expansion, capex, RFP, deployment, or operations hiring)",COLD,0.0,Unknown,1,news
6856,Aerospace & defense: Reshaping modern,buyer_opportunity_gate,"buyer opportunity gate: no buyer-intent signal found (labor, expansion, capex, RFP, deployment, or operations hiring)",COLD,0.0,Automotive & Manufacturing,1,funding_round
6858,Mobile publisher Playtika,buyer_opportunity_gate,"buyer opportunity gate: no buyer-intent signal found (labor, expansion, capex, RFP, deployment, or operations hiring)",COLD,0.0,Unknown,1,news
6865,Gausium and mR Mobile Robots Help Coca-Cola,buyer_opportunity_gate,"buyer opportunity gate: no buyer-intent signal found (labor, expansion, capex, RFP, deployment, or operations hiring)",COLD,0.0,Logistics,1,automation_interest
6867,Video: How the ‘world’s fastest,buyer_opportunity_gate,"buyer opportunity gate: no buyer-intent signal found (labor, expansion, capex, RFP, deployment, or operations hiring)",COLD,0.0,Unknown,1,automation_interest
6869,Avallon,buyer_opportunity_gate,"buyer opportunity gate: seller/vendor or publisher story, not a buyer opportunity",COLD,0.0,Unknown,1,automation_interest
6871,Global Warehouse Robotics Market,buyer_opportunity_gate,"buyer opportunity gate: no buyer-intent signal found (labor, expansion, capex, RFP, deployment, or operations hiring)",COLD,0.0,Logistics,1,automation_interest
6872,Five,buyer_opportunity_gate,"buyer opportunity gate: no buyer-intent signal found (labor, expansion, capex, RFP, deployment, or operations hiring)",COLD,0.0,Logistics,1,automation_interest
6874,"“Latest Robots, Especially",buyer_opportunity_gate,"buyer opportunity gate: no buyer-intent signal found (labor, expansion, capex, RFP, deployment, or operations hiring)",COLD,0.0,Unknown,1,automation_interest
6875,Mining Robotics: Tech,buyer_opportunity_gate,"buyer opportunity gate: no buyer-intent signal found (labor, expansion, capex, RFP, deployment, or operations hiring)",COLD,0.0,Unknown,1,expansion
6876,AI Robot Farming: 7 Ways Robots,buyer_opportunity_gate,"buyer opportunity gate: no buyer-intent signal found (labor, expansion, capex, RFP, deployment, or operations hiring)",COLD,0.0,Unknown,1,automation_interest
6880,Anthropic,buyer_opportunity_gate,"buyer opportunity gate: no buyer-intent signal found (labor, expansion, capex, RFP, deployment, or operations hiring)",COLD,0.0,Unknown,1,news
6881,MercadoLibre,buyer_opportunity_gate,"buyer opportunity gate: no buyer-intent signal found (labor, expansion, capex, RFP, deployment, or operations hiring)",COLD,0.0,Logistics,1,automation_interest
6882,SLAS receives grant,buyer_opportunity_gate,"buyer opportunity gate: no buyer-intent signal found (labor, expansion, capex, RFP, deployment, or operations hiring)",COLD,0.0,Medical Technology,1,automation_interest
6883,IT automation startup Standard Template Labs,buyer_opportunity_gate,"buyer opportunity gate: seller/vendor or publisher story, not a buyer opportunity",COLD,0.0,Unknown,1,funding_round
6884,St. Joseph Medical Center,buyer_opportunity_gate,"buyer opportunity gate: no buyer-intent signal found (labor, expansion, capex, RFP, deployment, or operations hiring)",COLD,0.0,Healthcare,1,news
6885,Inside the ‘self,buyer_opportunity_gate,"buyer opportunity gate: no buyer-intent signal found (labor, expansion, capex, RFP, deployment, or operations hiring)",COLD,0.0,Unknown,1,news
6888,BTSG,buyer_opportunity_gate,"buyer opportunity gate: no buyer-intent signal found (labor, expansion, capex, RFP, deployment, or operations hiring)",COLD,0.0,Healthcare,1,news
6889,"Phased, Tech-Enabled IV Image Capture",buyer_opportunity_gate,"buyer opportunity gate: no buyer-intent signal found (labor, expansion, capex, RFP, deployment, or operations hiring)",COLD,0.0,Medical Technology,1,news
6890,Medical Robotics Market,buyer_opportunity_gate,"buyer opportunity gate: no buyer-intent signal found (labor, expansion, capex, RFP, deployment, or operations hiring)",COLD,0.0,Unknown,1,automation_interest
6891,Ronovo Surgical,buyer_opportunity_gate,"buyer opportunity gate: seller/vendor or publisher story, not a buyer opportunity",COLD,0.0,Medical Technology,1,strategic_hire
6892,Japan Robotic Nurses Market,buyer_opportunity_gate,"buyer opportunity gate: no buyer-intent signal found (labor, expansion, capex, RFP, deployment, or operations hiring)",COLD,0.0,Unknown,1,automation_interest
6893,Nursing Trends to Watch,buyer_opportunity_gate,"buyer opportunity gate: no buyer-intent signal found (labor, expansion, capex, RFP, deployment, or operations hiring)",COLD,0.0,Unknown,1,news
6896,Medical Telepresence Robots Market,buyer_opportunity_gate,"buyer opportunity gate: no buyer-intent signal found (labor, expansion, capex, RFP, deployment, or operations hiring)",COLD,0.0,Medical Technology,1,automation_interest
6900,Travis Kalanick Returns With a,buyer_opportunity_gate,"buyer opportunity gate: no buyer-intent signal found (labor, expansion, capex, RFP, deployment, or operations hiring)",COLD,0.0,Food Service,1,news
6901,The Kitchen,buyer_opportunity_gate,"buyer opportunity gate: no buyer-intent signal found (labor, expansion, capex, RFP, deployment, or operations hiring)",COLD,0.0,Food Service,1,strategic_hire
6902,Australia Food Processing Market Set,buyer_opportunity_gate,"buyer opportunity gate: no buyer-intent signal found (labor, expansion, capex, RFP, deployment, or operations hiring)",COLD,0.0,Hospitality,1,news
6904,Pizza,buyer_opportunity_gate,"buyer opportunity gate: no buyer-intent signal found (labor, expansion, capex, RFP, deployment, or operations hiring)",COLD,0.0,Unknown,1,automation_interest
6905,All the latest restaurants to,buyer_opportunity_gate,"buyer opportunity gate: no buyer-intent signal found (labor, expansion, capex, RFP, deployment, or operations hiring)",COLD,0.0,Food Service,1,news
6906,All the latest restaurants,buyer_opportunity_gate,"buyer opportunity gate: no buyer-intent signal found (labor, expansion, capex, RFP, deployment, or operations hiring)",COLD,0.0,Food Service,1,news
6907,Burger Battle champions,buyer_opportunity_gate,"buyer opportunity gate: no buyer-intent signal found (labor, expansion, capex, RFP, deployment, or operations hiring)",COLD,0.0,Unknown,1,news
6909,UW humanoid robotics club to,buyer_opportunity_gate,"buyer opportunity gate: no buyer-intent signal found (labor, expansion, capex, RFP, deployment, or operations hiring)",COLD,0.0,Unknown,1,automation_interest
6910,Foxconn to,buyer_opportunity_gate,"buyer opportunity gate: no buyer-intent signal found (labor, expansion, capex, RFP, deployment, or operations hiring)",COLD,0.0,Automotive & Manufacturing,1,automation_interest
6911,Provectron,buyer_opportunity_gate,"buyer opportunity gate: seller/vendor or publisher story, not a buyer opportunity",COLD,0.0,Automotive & Manufacturing,1,automation_interest
6912,Detection,buyer_opportunity_gate,"buyer opportunity gate: no buyer-intent signal found (labor, expansion, capex, RFP, deployment, or operations hiring)",COLD,0.0,Unknown,1,news
6913,Autonomous Sorting for Flexible Plastic Waste Market,buyer_opportunity_gate,"buyer opportunity gate: no buyer-intent signal found (labor, expansion, capex, RFP, deployment, or operations hiring)",COLD,0.0,Unknown,1,news
6915,Trump’s Trade Policies Sort Manufacturers,buyer_opportunity_gate,"buyer opportunity gate: no buyer-intent signal found (labor, expansion, capex, RFP, deployment, or operations hiring)",COLD,0.0,Hospitality,1,news
6916,The Digitalization,buyer_opportunity_gate,"buyer opportunity gate: no buyer-intent signal found (labor, expansion, capex, RFP, deployment, or operations hiring)",COLD,0.0,Food Processing & Manufacturing,1,news
6917,Candy factory,buyer_opportunity_gate,"buyer opportunity gate: no buyer-intent signal found (labor, expansion, capex, RFP, deployment, or operations hiring)",COLD,0.0,Automotive & Manufacturing,1,strategic_hire
6918,Range,buyer_opportunity_gate,"buyer opportunity gate: no buyer-intent signal found (labor, expansion, capex, RFP, deployment, or operations hiring)",COLD,0.0,CPG & Consumer Goods,1,automation_interest
6919,"Niagara Bottling’s Latest DC, a Showpiece",buyer_opportunity_gate,"buyer opportunity gate: no buyer-intent signal found (labor, expansion, capex, RFP, deployment, or operations hiring)",COLD,0.0,Unknown,1,expansion
6920,DrinkPAK,buyer_opportunity_gate,"buyer opportunity gate: no buyer-intent signal found (labor, expansion, capex, RFP, deployment, or operations hiring)",COLD,0.0,Food Processing & Manufacturing,1,news
6921,Cabbage Everything,buyer_opportunity_gate,"buyer opportunity gate: no buyer-intent signal found (labor, expansion, capex, RFP, deployment, or operations hiring)",COLD,0.0,Unknown,1,news
6922,Plaintiffs Barking Up New Tree,buyer_opportunity_gate,"buyer opportunity gate: no buyer-intent signal found (labor, expansion, capex, RFP, deployment, or operations hiring)",COLD,0.0,Unknown,1,news
6925,MAMO,buyer_opportunity_gate,"buyer opportunity gate: no buyer-intent signal found (labor, expansion, capex, RFP, deployment, or operations hiring)",COLD,0.0,Unknown,2,"ma_activity,strategic_hire"
6926,Made Scientific and Streamline Bio,buyer_opportunity_gate,"buyer opportunity gate: no buyer-intent signal found (labor, expansion, capex, RFP, deployment, or operations hiring)",COLD,0.0,Automotive & Manufacturing,1,funding_round
6927,Navy bets $900M,buyer_opportunity_gate,"buyer opportunity gate: no buyer-intent signal found (labor, expansion, capex, RFP, deployment, or operations hiring)",COLD,0.0,Unknown,1,news
6928,Repetitive,buyer_opportunity_gate,"buyer opportunity gate: no buyer-intent signal found (labor, expansion, capex, RFP, deployment, or operations hiring)",COLD,0.0,Medical Technology,1,expansion
6929,Holiday temp staff,buyer_opportunity_gate,"buyer opportunity gate: no buyer-intent signal found (labor, expansion, capex, RFP, deployment, or operations hiring)",COLD,0.0,Unknown,1,expansion
6930,UTA Engineers,buyer_opportunity_gate,"buyer opportunity gate: no buyer-intent signal found (labor, expansion, capex, RFP, deployment, or operations hiring)",COLD,0.0,Hospitality,1,automation_interest
6931,Feedstock Supply Shock: Global,buyer_opportunity_gate,"buyer opportunity gate: no buyer-intent signal found (labor, expansion, capex, RFP, deployment, or operations hiring)",COLD,0.0,Automotive & Manufacturing,1,news
6932,Top 10 Highest,buyer_opportunity_gate,"buyer opportunity gate: no buyer-intent signal found (labor, expansion, capex, RFP, deployment, or operations hiring)",COLD,0.0,Unknown,1,news
6934,Single Site,buyer_opportunity_gate,"buyer opportunity gate: no buyer-intent signal found (labor, expansion, capex, RFP, deployment, or operations hiring)",COLD,0.0,Datacenters,1,news
6936,This talent CEO,buyer_opportunity_gate,"buyer opportunity gate: no buyer-intent signal found (labor, expansion, capex, RFP, deployment, or operations hiring)",COLD,0.0,Unknown,2,expansion
6937,FedEx to,buyer_opportunity_gate,"buyer opportunity gate: no buyer-intent signal found (labor, expansion, capex, RFP, deployment, or operations hiring)",COLD,0.0,Logistics,1,automation_interest
6941,Alstom retains contract,buyer_opportunity_gate,"buyer opportunity gate: no buyer-intent signal found (labor, expansion, capex, RFP, deployment, or operations hiring)",COLD,0.0,Airports & Aviation,1,strategic_hire
6942,Sustainability,buyer_opportunity_gate,"buyer opportunity gate: no buyer-intent signal found (labor, expansion, capex, RFP, deployment, or operations hiring)",COLD,0.0,Airports & Aviation,1,automation_interest
6943,DFW Hub,buyer_opportunity_gate,"buyer opportunity gate: no buyer-intent signal found (labor, expansion, capex, RFP, deployment, or operations hiring)",COLD,0.0,Airports & Aviation,1,strategic_hire
6944,Dallas-Fort Worth,buyer_opportunity_gate,"buyer opportunity gate: no buyer-intent signal found (labor, expansion, capex, RFP, deployment, or operations hiring)",COLD,0.0,Airports & Aviation,1,news
6945,American Airlines to,buyer_opportunity_gate,"buyer opportunity gate: no buyer-intent signal found (labor, expansion, capex, RFP, deployment, or operations hiring)",COLD,0.0,Airports & Aviation,3,"automation_interest,news"
6946,Dallas Fort Worth Airport,buyer_opportunity_gate,"buyer opportunity gate: no buyer-intent signal found (labor, expansion, capex, RFP, deployment, or operations hiring)",COLD,0.0,Airports & Aviation,2,automation_interest
6947,Sobeys,buyer_opportunity_gate,"buyer opportunity gate: no buyer-intent signal found (labor, expansion, capex, RFP, deployment, or operations hiring)",COLD,0.0,Unknown,2,"news,strategic_hire"
6949,Stores,buyer_opportunity_gate,"buyer opportunity gate: no buyer-intent signal found (labor, expansion, capex, RFP, deployment, or operations hiring)",COLD,0.0,Unknown,1,automation_interest
6954,Chicago Protective Apparel Sees Immediate Operational,buyer_opportunity_gate,"buyer opportunity gate: seller/vendor or publisher story, not a buyer opportunity",COLD,0.0,Apparel & Textiles,1,automation_interest
6959,Blank Rome LLP,buyer_opportunity_gate,"buyer opportunity gate: seller/vendor or publisher story, not a buyer opportunity",COLD,0.0,Hospitality,1,automation_interest
6967,Ryder,buyer_opportunity_gate,"buyer opportunity gate: seller/vendor or publisher story, not a buyer opportunity",COLD,0.0,Hospitality,2,"automation_interest,expansion"
6968,Expansion by 3PL firm,buyer_opportunity_gate,"buyer opportunity gate: no buyer-intent signal found (labor, expansion, capex, RFP, deployment, or operations hiring)",COLD,0.0,Logistics,1,automation_interest
6969,Meperia,buyer_opportunity_gate,"buyer opportunity gate: no buyer-intent signal found (labor, expansion, capex, RFP, deployment, or operations hiring)",COLD,0.0,Logistics,1,expansion
6970,Filter Integrity,buyer_opportunity_gate,"buyer opportunity gate: no buyer-intent signal found (labor, expansion, capex, RFP, deployment, or operations hiring)",COLD,0.0,Unknown,2,"expansion,news"
6971,Las Vegas hotels,buyer_opportunity_gate,"buyer opportunity gate: no buyer-intent signal found (labor, expansion, capex, RFP, deployment, or operations hiring)",COLD,0.0,Hospitality,1,expansion
6974,NEOintralogistics,buyer_opportunity_gate,"buyer opportunity gate: no buyer-intent signal found (labor, expansion, capex, RFP, deployment, or operations hiring)",COLD,0.0,Logistics,1,automation_interest
6975,Automation Solutions Business Research,buyer_opportunity_gate,"buyer opportunity gate: no buyer-intent signal found (labor, expansion, capex, RFP, deployment, or operations hiring)",COLD,0.0,Logistics,1,expansion
6979,Collectly,buyer_opportunity_gate,"buyer opportunity gate: no buyer-intent signal found (labor, expansion, capex, RFP, deployment, or operations hiring)",COLD,0.0,Unknown,1,ma_activity
6980,Pledge Health To,buyer_opportunity_gate,"buyer opportunity gate: no buyer-intent signal found (labor, expansion, capex, RFP, deployment, or operations hiring)",COLD,0.0,Unknown,1,ma_activity
6981,Panic,buyer_opportunity_gate,"buyer opportunity gate: no buyer-intent signal found (labor, expansion, capex, RFP, deployment, or operations hiring)",COLD,0.0,Unknown,1,expansion
6982,Thousands,buyer_opportunity_gate,"buyer opportunity gate: no buyer-intent signal found (labor, expansion, capex, RFP, deployment, or operations hiring)",COLD,0.0,Unknown,1,news
6983,Knoxville Headquarters,buyer_opportunity_gate,"buyer opportunity gate: no buyer-intent signal found (labor, expansion, capex, RFP, deployment, or operations hiring)",COLD,0.0,Logistics,1,strategic_hire
6984,AI’ll,buyer_opportunity_gate,"buyer opportunity gate: no buyer-intent signal found (labor, expansion, capex, RFP, deployment, or operations hiring)",COLD,0.0,Retail,1,news
6986,Live Shopping Platforms Every Brand,buyer_opportunity_gate,"buyer opportunity gate: no buyer-intent signal found (labor, expansion, capex, RFP, deployment, or operations hiring)",COLD,0.0,Retail,1,news
6989,Coresight’s 8 areas,buyer_opportunity_gate,"buyer opportunity gate: no buyer-intent signal found (labor, expansion, capex, RFP, deployment, or operations hiring)",COLD,0.0,Logistics,1,automation_interest
6990,InvoiceCloud to,buyer_opportunity_gate,"buyer opportunity gate: no buyer-intent signal found (labor, expansion, capex, RFP, deployment, or operations hiring)",COLD,0.0,Hospitality,1,strategic_hire
6992,The 10 Most Brilliant New Kitchen Gadgets,buyer_opportunity_gate,"buyer opportunity gate: no buyer-intent signal found (labor, expansion, capex, RFP, deployment, or operations hiring)",COLD,0.0,Food Service,1,news
6993,From experimentation,buyer_opportunity_gate,"buyer opportunity gate: no buyer-intent signal found (labor, expansion, capex, RFP, deployment, or operations hiring)",COLD,0.0,Unknown,2,"automation_interest,news"
6995,5 Cool New Robots You,buyer_opportunity_gate,"buyer opportunity gate: no buyer-intent signal found (labor, expansion, capex, RFP, deployment, or operations hiring)",COLD,0.0,Unknown,1,automation_interest
6996,5 Major Robot Vacuum Cleaner Brands Ranked,buyer_opportunity_gate,"buyer opportunity gate: no buyer-intent signal found (labor, expansion, capex, RFP, deployment, or operations hiring)",COLD,0.0,Unknown,1,automation_interest
6997,Under Pressure,buyer_opportunity_gate,"buyer opportunity gate: no buyer-intent signal found (labor, expansion, capex, RFP, deployment, or operations hiring)",COLD,0.0,Unknown,1,automation_interest
6998,Kraft,buyer_opportunity_gate,"buyer opportunity gate: no buyer-intent signal found (labor, expansion, capex, RFP, deployment, or operations hiring)",COLD,0.0,CPG & Consumer Goods,1,news
6999,Fortifi companies showcase production efficiency,buyer_opportunity_gate,"buyer opportunity gate: no buyer-intent signal found (labor, expansion, capex, RFP, deployment, or operations hiring)",COLD,0.0,Unknown,1,news
7001,Move,buyer_opportunity_gate,"buyer opportunity gate: no buyer-intent signal found (labor, expansion, capex, RFP, deployment, or operations hiring)",COLD,0.0,Logistics,1,expansion
7008,"PepsiCo, Siemens & Nvidia",buyer_opportunity_gate,"buyer opportunity gate: no buyer-intent signal found (labor, expansion, capex, RFP, deployment, or operations hiring)",COLD,0.0,CPG & Consumer Goods,1,news
7009,The Great Brown,buyer_opportunity_gate,"buyer opportunity gate: no buyer-intent signal found (labor, expansion, capex, RFP, deployment, or operations hiring)",COLD,0.0,Unknown,1,expansion
7011,Amid Record Robotics,buyer_opportunity_gate,"buyer opportunity gate: seller/vendor or publisher story, not a buyer opportunity",COLD,0.0,Unknown,1,expansion
7016,America,buyer_opportunity_gate,"buyer opportunity gate: no buyer-intent signal found (labor, expansion, capex, RFP, deployment, or operations hiring)",COLD,0.0,Unknown,1,automation_interest
7017,ConAgr,buyer_opportunity_gate,"buyer opportunity gate: no buyer-intent signal found (labor, expansion, capex, RFP, deployment, or operations hiring)",COLD,0.0,Logistics,1,automation_interest
7018,Smithfield Foods to,buyer_opportunity_gate,"buyer opportunity gate: no buyer-intent signal found (labor, expansion, capex, RFP, deployment, or operations hiring)",COLD,0.0,CPG & Consumer Goods,1,news
7019,AI Safety,buyer_opportunity_gate,"buyer opportunity gate: no buyer-intent signal found (labor, expansion, capex, RFP, deployment, or operations hiring)",COLD,0.0,Unknown,1,ma_activity
7022,Nvidia and,buyer_opportunity_gate,"buyer opportunity gate: no buyer-intent signal found (labor, expansion, capex, RFP, deployment, or operations hiring)",COLD,0.0,Automotive & Manufacturing,1,expansion
7023,Taipei,buyer_opportunity_gate,"buyer opportunity gate: no buyer-intent signal found (labor, expansion, capex, RFP, deployment, or operations hiring)",COLD,0.0,Airports & Aviation,1,automation_interest
7024,Functional Devices To,buyer_opportunity_gate,"buyer opportunity gate: seller/vendor or publisher story, not a buyer opportunity",COLD,0.0,Unknown,1,ma_activity
7026,More airlines join Ninoy Aquino International Airport,buyer_opportunity_gate,"buyer opportunity gate: no buyer-intent signal found (labor, expansion, capex, RFP, deployment, or operations hiring)",COLD,0.0,Airports & Aviation,1,expansion
7027,and Advanced Food Technologies Market,buyer_opportunity_gate,"buyer opportunity gate: no buyer-intent signal found (labor, expansion, capex, RFP, deployment, or operations hiring)",COLD,0.0,Media & Publishing,1,news
7028,The AlleyWatch Startup Daily Funding,buyer_opportunity_gate,"buyer opportunity gate: no buyer-intent signal found (labor, expansion, capex, RFP, deployment, or operations hiring)",COLD,0.0,Unknown,1,news
7029,Series C to,buyer_opportunity_gate,"buyer opportunity gate: seller/vendor or publisher story, not a buyer opportunity",COLD,0.0,Unknown,1,automation_interest
7030,Korean logistics giants race,buyer_opportunity_gate,"buyer opportunity gate: no buyer-intent signal found (labor, expansion, capex, RFP, deployment, or operations hiring)",COLD,0.0,Logistics,1,automation_interest
7032,Retail pharmacy’s next chapter: Insights,buyer_opportunity_gate,"buyer opportunity gate: no buyer-intent signal found (labor, expansion, capex, RFP, deployment, or operations hiring)",COLD,0.0,Medical Technology,1,expansion
7034,Petkit,buyer_opportunity_gate,"buyer opportunity gate: no buyer-intent signal found (labor, expansion, capex, RFP, deployment, or operations hiring)",COLD,0.0,Unknown,1,news
7035,Asia Pacific Surgical Robots Market,buyer_opportunity_gate,"buyer opportunity gate: no buyer-intent signal found (labor, expansion, capex, RFP, deployment, or operations hiring)",COLD,0.0,Medical Technology,1,expansion
7039,Vision One,buyer_opportunity_gate,"buyer opportunity gate: no buyer-intent signal found (labor, expansion, capex, RFP, deployment, or operations hiring)",COLD,0.0,Unknown,1,expansion
7040,Rivian CEO,buyer_opportunity_gate,"buyer opportunity gate: seller/vendor or publisher story, not a buyer opportunity",COLD,0.0,Automotive & Manufacturing,1,funding_round
7041,Breathe Easy—We,buyer_opportunity_gate,"buyer opportunity gate: no buyer-intent signal found (labor, expansion, capex, RFP, deployment, or operations hiring)",COLD,0.0,Unknown,1,news
7042,Baggage-System Strike,buyer_opportunity_gate,"buyer opportunity gate: no buyer-intent signal found (labor, expansion, capex, RFP, deployment, or operations hiring)",COLD,0.0,Unknown,1,news
7047,I-Berhad,buyer_opportunity_gate,"buyer opportunity gate: no buyer-intent signal found (labor, expansion, capex, RFP, deployment, or operations hiring)",COLD,0.0,Unknown,1,funding_round
7048,New IMDA initiative to help 500 companies,buyer_opportunity_gate,"buyer opportunity gate: no buyer-intent signal found (labor, expansion, capex, RFP, deployment, or operations hiring)",COLD,0.0,Unknown,1,automation_interest
7051,Northern Kentucky International Airport to,buyer_opportunity_gate,"buyer opportunity gate: no buyer-intent signal found (labor, expansion, capex, RFP, deployment, or operations hiring)",COLD,0.0,Hospitality,1,automation_interest
7054,Port,buyer_opportunity_gate,"buyer opportunity gate: no buyer-intent signal found (labor, expansion, capex, RFP, deployment, or operations hiring)",COLD,0.0,Logistics,2,"automation_interest,strategic_hire"
7055,Software’s Strategic Role,buyer_opportunity_gate,"buyer opportunity gate: no buyer-intent signal found (labor, expansion, capex, RFP, deployment, or operations hiring)",COLD,0.0,Datacenters,1,expansion
7057,Warehouses Increasingly,buyer_opportunity_gate,"buyer opportunity gate: no buyer-intent signal found (labor, expansion, capex, RFP, deployment, or operations hiring)",COLD,0.0,Logistics,1,automation_interest
7058,UBTech’s Walker S2,buyer_opportunity_gate,"buyer opportunity gate: no buyer-intent signal found (labor, expansion, capex, RFP, deployment, or operations hiring)",COLD,0.0,Unknown,1,expansion
7059,UBTech,buyer_opportunity_gate,"buyer opportunity gate: no buyer-intent signal found (labor, expansion, capex, RFP, deployment, or operations hiring)",COLD,0.0,Automotive & Manufacturing,2,automation_interest
7060,Wyda Packaging,buyer_opportunity_gate,"buyer opportunity gate: no buyer-intent signal found (labor, expansion, capex, RFP, deployment, or operations hiring)",COLD,0.0,Unknown,1,news
7061,News: Investigating the Application,buyer_opportunity_gate,"buyer opportunity gate: no buyer-intent signal found (labor, expansion, capex, RFP, deployment, or operations hiring)",COLD,0.0,Apparel & Textiles,1,strategic_hire
7062,At Sea-Air-Space 2026 HII,buyer_opportunity_gate,"buyer opportunity gate: no buyer-intent signal found (labor, expansion, capex, RFP, deployment, or operations hiring)",COLD,0.0,Automotive & Manufacturing,1,funding_round
7065,PANYNJ,buyer_opportunity_gate,"buyer opportunity gate: no buyer-intent signal found (labor, expansion, capex, RFP, deployment, or operations hiring)",COLD,0.0,Airports & Aviation,1,automation_interest
7066,The 12 Largest NYC Tech Startup,buyer_opportunity_gate,"buyer opportunity gate: no buyer-intent signal found (labor, expansion, capex, RFP, deployment, or operations hiring)",COLD,0.0,Unknown,1,funding_round
7067,Klarna CEO: AI set,buyer_opportunity_gate,"buyer opportunity gate: no buyer-intent signal found (labor, expansion, capex, RFP, deployment, or operations hiring)",COLD,0.0,Media & Publishing,1,news
7068,Block,buyer_opportunity_gate,"buyer opportunity gate: no buyer-intent signal found (labor, expansion, capex, RFP, deployment, or operations hiring)",COLD,0.0,Unknown,1,strategic_hire
7070,"After claiming to redeploy 4,000 employees",buyer_opportunity_gate,"buyer opportunity gate: no buyer-intent signal found (labor, expansion, capex, RFP, deployment, or operations hiring)",COLD,0.0,Unknown,1,expansion
7071,Culture the key,buyer_opportunity_gate,"buyer opportunity gate: no buyer-intent signal found (labor, expansion, capex, RFP, deployment, or operations hiring)",COLD,0.0,Theme Parks & Entertainment,1,news
7078,s AI Restaurant Scans,buyer_opportunity_gate,"buyer opportunity gate: no buyer-intent signal found (labor, expansion, capex, RFP, deployment, or operations hiring)",COLD,0.0,Food Service,1,news
7080,Hong Kong’s Roborn,buyer_opportunity_gate,"buyer opportunity gate: no buyer-intent signal found (labor, expansion, capex, RFP, deployment, or operations hiring)",COLD,0.0,Unknown,1,strategic_hire
7081,Down 25%,buyer_opportunity_gate,"buyer opportunity gate: no buyer-intent signal found (labor, expansion, capex, RFP, deployment, or operations hiring)",COLD,0.0,Unknown,1,news
7082,3 Big Changes,buyer_opportunity_gate,"buyer opportunity gate: no buyer-intent signal found (labor, expansion, capex, RFP, deployment, or operations hiring)",COLD,0.0,Unknown,1,news
7083,Small Manufacturers RaaS Market,buyer_opportunity_gate,"buyer opportunity gate: no buyer-intent signal found (labor, expansion, capex, RFP, deployment, or operations hiring)",COLD,0.0,Unknown,1,news
7085,Harmony Healthcare IT,buyer_opportunity_gate,"buyer opportunity gate: no buyer-intent signal found (labor, expansion, capex, RFP, deployment, or operations hiring)",COLD,0.0,Healthcare,1,ma_activity
7086,Reconciliation,buyer_opportunity_gate,"buyer opportunity gate: no buyer-intent signal found (labor, expansion, capex, RFP, deployment, or operations hiring)",COLD,0.0,Unknown,1,news
7087,Trust Automation,buyer_opportunity_gate,"buyer opportunity gate: no buyer-intent signal found (labor, expansion, capex, RFP, deployment, or operations hiring)",COLD,0.0,Unknown,2,"expansion,strategic_hire"
7088,Precision and Protection:,buyer_opportunity_gate,"buyer opportunity gate: no buyer-intent signal found (labor, expansion, capex, RFP, deployment, or operations hiring)",COLD,0.0,Medical Technology,1,strategic_hire
7089,Medtech,buyer_opportunity_gate,"buyer opportunity gate: no buyer-intent signal found (labor, expansion, capex, RFP, deployment, or operations hiring)",COLD,0.0,Unknown,1,news
7090,It Looks Like,buyer_opportunity_gate,"buyer opportunity gate: no buyer-intent signal found (labor, expansion, capex, RFP, deployment, or operations hiring)",COLD,0.0,Unknown,1,automation_interest
7091,Global exhibitor line-up,buyer_opportunity_gate,"buyer opportunity gate: seller/vendor or publisher story, not a buyer opportunity",COLD,0.0,Apparel & Textiles,1,news
7092,Inside CES 2026: The technologies,buyer_opportunity_gate,"buyer opportunity gate: no buyer-intent signal found (labor, expansion, capex, RFP, deployment, or operations hiring)",COLD,0.0,Healthcare,1,strategic_hire
7093,Engineering the future: the evolution,buyer_opportunity_gate,"buyer opportunity gate: no buyer-intent signal found (labor, expansion, capex, RFP, deployment, or operations hiring)",COLD,0.0,Unknown,1,automation_interest
7094,Crowded portfolio: Seven casinos,buyer_opportunity_gate,"buyer opportunity gate: no buyer-intent signal found (labor, expansion, capex, RFP, deployment, or operations hiring)",COLD,0.0,Casinos & Gaming,1,news
7095,Room00 Next Gen Hospitality to,buyer_opportunity_gate,"buyer opportunity gate: no buyer-intent signal found (labor, expansion, capex, RFP, deployment, or operations hiring)",COLD,0.0,Hospitality,1,automation_interest
7098,Six Flags Ent (,buyer_opportunity_gate,"buyer opportunity gate: no buyer-intent signal found (labor, expansion, capex, RFP, deployment, or operations hiring)",COLD,0.0,Theme Parks & Entertainment,1,expansion
7101,The Overlooked Toll,buyer_opportunity_gate,"buyer opportunity gate: no buyer-intent signal found (labor, expansion, capex, RFP, deployment, or operations hiring)",COLD,0.0,Unknown,1,expansion
7103,Armstrong Robotics wants,buyer_opportunity_gate,"buyer opportunity gate: no buyer-intent signal found (labor, expansion, capex, RFP, deployment, or operations hiring)",COLD,0.0,Food Service,1,strategic_hire
7104,Schaeffler to,buyer_opportunity_gate,"buyer opportunity gate: no buyer-intent signal found (labor, expansion, capex, RFP, deployment, or operations hiring)",COLD,0.0,Automotive & Manufacturing,1,expansion
7105,The Economic & Fiscal,buyer_opportunity_gate,"buyer opportunity gate: no buyer-intent signal found (labor, expansion, capex, RFP, deployment, or operations hiring)",COLD,0.0,Unknown,1,news
7106,Danone can’t,buyer_opportunity_gate,"buyer opportunity gate: no buyer-intent signal found (labor, expansion, capex, RFP, deployment, or operations hiring)",COLD,0.0,Unknown,1,news
7107,Conagra to,buyer_opportunity_gate,"buyer opportunity gate: no buyer-intent signal found (labor, expansion, capex, RFP, deployment, or operations hiring)",COLD,0.0,Logistics,1,automation_interest
7108,Conagra,buyer_opportunity_gate,"buyer opportunity gate: no buyer-intent signal found (labor, expansion, capex, RFP, deployment, or operations hiring)",COLD,0.0,Logistics,1,automation_interest
7109,Oil Supply Shock Strait,buyer_opportunity_gate,"buyer opportunity gate: no buyer-intent signal found (labor, expansion, capex, RFP, deployment, or operations hiring)",COLD,0.0,Unknown,1,news
7110,"Deal,",buyer_opportunity_gate,"buyer opportunity gate: seller/vendor or publisher story, not a buyer opportunity",COLD,0.0,Unknown,1,automation_interest
7111,McDonald's,buyer_opportunity_gate,"buyer opportunity gate: no buyer-intent signal found (labor, expansion, capex, RFP, deployment, or operations hiring)",COLD,0.0,Food Processing & Manufacturing,1,news
7112,GRAPHIC: Tyson Foods,buyer_opportunity_gate,"buyer opportunity gate: no buyer-intent signal found (labor, expansion, capex, RFP, deployment, or operations hiring)",COLD,0.0,CPG & Consumer Goods,1,news
7113,Office in Southlake,buyer_opportunity_gate,"buyer opportunity gate: no buyer-intent signal found (labor, expansion, capex, RFP, deployment, or operations hiring)",COLD,0.0,Hospitality,1,automation_interest
7119,More,buyer_opportunity_gate,"buyer opportunity gate: no buyer-intent signal found (labor, expansion, capex, RFP, deployment, or operations hiring)",COLD,0.0,Unknown,1,news
7121,Daypass.com: Online Travel Agency,buyer_opportunity_gate,"buyer opportunity gate: seller/vendor or publisher story, not a buyer opportunity",COLD,0.0,Unknown,1,funding_round
7123,Locus Robotics Surpasses 5 Billion Pick Milestone,buyer_opportunity_gate,"buyer opportunity gate: no buyer-intent signal found (labor, expansion, capex, RFP, deployment, or operations hiring)",COLD,0.0,Logistics,1,automation_interest
7124,"Locus Robotics and Radial Surpass 25 Million Picks Milestone as Demand for Scalable Fulfillment Intensifies. <a href=""https://news.google.com/rss/articles/CBMi9wFBVV95cUxPWDloei1VenZLSEU3cUpqTU1Gcmx2ZTRjLVpjemNuNGFBNER2RS1wOG1BQ1B6Z1JVM0hIQ1FHSW5HVkJEdFVRYWRDU3otVXpadUdybXpUTFFkMG1BMFlnUFFPa0xkbUx1ZjA3bTZSMG9yZGMwRG1sZURXOF9TUDBXcHM5VDNxakptVlBfLXZQOGhENFRnckEzMTlaNEU2Yk5xY29ULUtuM2Fzd25Ua1F6ODdvUHZtd01yRHZZckNnQjFJVHNlSkFuUnk1MTNYUGtoazlGSzVBZ3ZlSnI5REFteW01UTBfQXo3aDd4RTFTTGd3UW5aR1Nr?oc=5""",buyer_opportunity_gate,"buyer opportunity gate: no buyer-intent signal found (labor, expansion, capex, RFP, deployment, or operations hiring)",COLD,0.0,Logistics,1,expansion
7125,s Deep-Tech Funding,buyer_opportunity_gate,"buyer opportunity gate: no buyer-intent signal found (labor, expansion, capex, RFP, deployment, or operations hiring)",COLD,0.0,Unknown,1,news
7127,We've Spent 200 Hours,buyer_opportunity_gate,"buyer opportunity gate: no buyer-intent signal found (labor, expansion, capex, RFP, deployment, or operations hiring)",COLD,0.0,Unknown,1,news
7128,A Monthly Summary of,buyer_opportunity_gate,"buyer opportunity gate: no buyer-intent signal found (labor, expansion, capex, RFP, deployment, or operations hiring)",COLD,0.0,Healthcare,1,expansion
7130,19 Logistics Business Ideas to Inspire You,buyer_opportunity_gate,"buyer opportunity gate: no buyer-intent signal found (labor, expansion, capex, RFP, deployment, or operations hiring)",COLD,0.0,Logistics,3,"automation_interest,expansion"
7132,Cobots as Workforce,buyer_opportunity_gate,"buyer opportunity gate: no buyer-intent signal found (labor, expansion, capex, RFP, deployment, or operations hiring)",COLD,0.0,Automotive & Manufacturing,1,automation_interest
7134,Pulmuone Showcases,buyer_opportunity_gate,"buyer opportunity gate: seller/vendor or publisher story, not a buyer opportunity",COLD,0.0,Hospitality,1,news
7135,"Seven-Eleven Japan, Telexistence",buyer_opportunity_gate,"buyer opportunity gate: no buyer-intent signal found (labor, expansion, capex, RFP, deployment, or operations hiring)",COLD,0.0,Automotive & Manufacturing,1,expansion
7136,Bitumen,buyer_opportunity_gate,"buyer opportunity gate: no buyer-intent signal found (labor, expansion, capex, RFP, deployment, or operations hiring)",COLD,0.0,Unknown,1,expansion
7137,Measles,buyer_opportunity_gate,"buyer opportunity gate: no buyer-intent signal found (labor, expansion, capex, RFP, deployment, or operations hiring)",COLD,0.0,Unknown,2,news
7138,SLAS,buyer_opportunity_gate,"buyer opportunity gate: seller/vendor or publisher story, not a buyer opportunity",COLD,0.0,Unknown,1,strategic_hire
7139,One Generation Away,buyer_opportunity_gate,"buyer opportunity gate: no buyer-intent signal found (labor, expansion, capex, RFP, deployment, or operations hiring)",COLD,0.0,Unknown,1,expansion
7141,Salaries,buyer_opportunity_gate,"buyer opportunity gate: no buyer-intent signal found (labor, expansion, capex, RFP, deployment, or operations hiring)",COLD,0.0,Unknown,2,news
7142,Incheon Airport,buyer_opportunity_gate,"buyer opportunity gate: no buyer-intent signal found (labor, expansion, capex, RFP, deployment, or operations hiring)",COLD,0.0,Airports & Aviation,1,automation_interest
7143,Your Next T-Shirt,buyer_opportunity_gate,"buyer opportunity gate: no buyer-intent signal found (labor, expansion, capex, RFP, deployment, or operations hiring)",COLD,0.0,Unknown,1,strategic_hire
7145,9 humanoid robots,buyer_opportunity_gate,"buyer opportunity gate: no buyer-intent signal found (labor, expansion, capex, RFP, deployment, or operations hiring)",COLD,0.0,Automotive & Manufacturing,2,automation_interest
7147,Code,buyer_opportunity_gate,"buyer opportunity gate: no buyer-intent signal found (labor, expansion, capex, RFP, deployment, or operations hiring)",COLD,0.0,Medical Technology,2,news
7149,AI marketing tools,buyer_opportunity_gate,"buyer opportunity gate: no buyer-intent signal found (labor, expansion, capex, RFP, deployment, or operations hiring)",COLD,0.0,Unknown,1,news
7150,Keurig Dr Pepper eyes $200M,buyer_opportunity_gate,"buyer opportunity gate: no buyer-intent signal found (labor, expansion, capex, RFP, deployment, or operations hiring)",COLD,0.0,Logistics,1,automation_interest
7151,Big changes ahead for 7-Eleven,buyer_opportunity_gate,"buyer opportunity gate: no buyer-intent signal found (labor, expansion, capex, RFP, deployment, or operations hiring)",COLD,0.0,Food Service,1,news
7152,Hanwha's Kim,buyer_opportunity_gate,"buyer opportunity gate: no buyer-intent signal found (labor, expansion, capex, RFP, deployment, or operations hiring)",COLD,0.0,Food Service,1,news
7153,Los Angeles travel and traffic: LAX,buyer_opportunity_gate,"buyer opportunity gate: no buyer-intent signal found (labor, expansion, capex, RFP, deployment, or operations hiring)",COLD,0.0,Unknown,1,expansion
7154,Polokwane hospital,buyer_opportunity_gate,"buyer opportunity gate: no buyer-intent signal found (labor, expansion, capex, RFP, deployment, or operations hiring)",COLD,0.0,Healthcare,1,strategic_hire
7155,Gom,buyer_opportunity_gate,"buyer opportunity gate: no buyer-intent signal found (labor, expansion, capex, RFP, deployment, or operations hiring)",COLD,0.0,Unknown,1,automation_interest
7156,Kroger Adjusts,buyer_opportunity_gate,"buyer opportunity gate: no buyer-intent signal found (labor, expansion, capex, RFP, deployment, or operations hiring)",COLD,0.0,Logistics,1,expansion
7157,Grocery company Lidl rolling out 22 robots,buyer_opportunity_gate,"buyer opportunity gate: no buyer-intent signal found (labor, expansion, capex, RFP, deployment, or operations hiring)",COLD,0.0,Retail,1,automation_interest
7160,Assessment of the World,buyer_opportunity_gate,"buyer opportunity gate: no buyer-intent signal found (labor, expansion, capex, RFP, deployment, or operations hiring)",COLD,0.0,Logistics,1,automation_interest
7164,Chemical Analyzer Market Fueled by Food Safety,buyer_opportunity_gate,"buyer opportunity gate: no buyer-intent signal found (labor, expansion, capex, RFP, deployment, or operations hiring)",COLD,0.0,Food Processing & Manufacturing,1,automation_interest
7165,Die Studie „The,buyer_opportunity_gate,"buyer opportunity gate: no buyer-intent signal found (labor, expansion, capex, RFP, deployment, or operations hiring)",COLD,0.0,Unknown,1,news
7167,7 Big Changes,buyer_opportunity_gate,"buyer opportunity gate: no buyer-intent signal found (labor, expansion, capex, RFP, deployment, or operations hiring)",COLD,0.0,Unknown,1,news
7170,CDMO/CMO,buyer_opportunity_gate,"buyer opportunity gate: no buyer-intent signal found (labor, expansion, capex, RFP, deployment, or operations hiring)",COLD,0.0,Contract Manufacturing,1,expansion
7172,Symbiosis,buyer_opportunity_gate,"buyer opportunity gate: no buyer-intent signal found (labor, expansion, capex, RFP, deployment, or operations hiring)",COLD,0.0,Unknown,1,news
7174,Intelligent Building Automation Technologies Market,buyer_opportunity_gate,"buyer opportunity gate: no buyer-intent signal found (labor, expansion, capex, RFP, deployment, or operations hiring)",COLD,0.0,Unknown,1,automation_interest
7178,2026 Perspectives,buyer_opportunity_gate,"buyer opportunity gate: no buyer-intent signal found (labor, expansion, capex, RFP, deployment, or operations hiring)",COLD,0.0,Unknown,1,funding_round
7180,Anti,buyer_opportunity_gate,"buyer opportunity gate: no buyer-intent signal found (labor, expansion, capex, RFP, deployment, or operations hiring)",COLD,0.0,Unknown,1,automation_interest
7182,Rethink Productivity:,buyer_opportunity_gate,"buyer opportunity gate: no buyer-intent signal found (labor, expansion, capex, RFP, deployment, or operations hiring)",COLD,0.0,Hospitality,1,automation_interest
7183,Find Medical Packaging,buyer_opportunity_gate,"buyer opportunity gate: no buyer-intent signal found (labor, expansion, capex, RFP, deployment, or operations hiring)",COLD,0.0,Unknown,1,news
7184,MD&M Midwest,buyer_opportunity_gate,"buyer opportunity gate: no buyer-intent signal found (labor, expansion, capex, RFP, deployment, or operations hiring)",COLD,0.0,Unknown,1,news
7187,UPS’s AI Strategy: Analysis,buyer_opportunity_gate,"buyer opportunity gate: no buyer-intent signal found (labor, expansion, capex, RFP, deployment, or operations hiring)",COLD,0.0,Logistics,1,automation_interest
7188,Locus Robotics and GEODIS,buyer_opportunity_gate,"buyer opportunity gate: no buyer-intent signal found (labor, expansion, capex, RFP, deployment, or operations hiring)",COLD,0.0,Logistics,1,automation_interest
7190,the Deepening Crisis,buyer_opportunity_gate,"buyer opportunity gate: no buyer-intent signal found (labor, expansion, capex, RFP, deployment, or operations hiring)",COLD,0.0,Unknown,1,news
7191,Packaging Robots Market Set,buyer_opportunity_gate,"buyer opportunity gate: no buyer-intent signal found (labor, expansion, capex, RFP, deployment, or operations hiring)",COLD,0.0,Unknown,1,expansion
7193,9 Robotics Stocks,buyer_opportunity_gate,"buyer opportunity gate: no buyer-intent signal found (labor, expansion, capex, RFP, deployment, or operations hiring)",COLD,0.0,Unknown,1,automation_interest
7194,Norway and US-based Trener Robotics,buyer_opportunity_gate,"buyer opportunity gate: no buyer-intent signal found (labor, expansion, capex, RFP, deployment, or operations hiring)",COLD,0.0,Unknown,1,automation_interest
7195,Morton Plant,buyer_opportunity_gate,"buyer opportunity gate: no buyer-intent signal found (labor, expansion, capex, RFP, deployment, or operations hiring)",COLD,0.0,Healthcare,1,strategic_hire
7197,Gator Bio and Hudson Lab Automation,buyer_opportunity_gate,"buyer opportunity gate: seller/vendor or publisher story, not a buyer opportunity",COLD,0.0,Medical Technology,1,automation_interest
7199,WATCH: Philips CEO Roy Jakobs with CNBC-TV18,buyer_opportunity_gate,"buyer opportunity gate: seller/vendor or publisher story, not a buyer opportunity",COLD,0.0,Unknown,1,news
7200,I’m Never Going,buyer_opportunity_gate,"buyer opportunity gate: no buyer-intent signal found (labor, expansion, capex, RFP, deployment, or operations hiring)",COLD,0.0,Unknown,1,news
7203,SUSE and Industry Leaders,buyer_opportunity_gate,"buyer opportunity gate: no buyer-intent signal found (labor, expansion, capex, RFP, deployment, or operations hiring)",COLD,0.0,Unknown,1,news
7205,Domain hyper-languages,buyer_opportunity_gate,"buyer opportunity gate: no buyer-intent signal found (labor, expansion, capex, RFP, deployment, or operations hiring)",COLD,0.0,Unknown,1,automation_interest
7208,Krones to,buyer_opportunity_gate,"buyer opportunity gate: no buyer-intent signal found (labor, expansion, capex, RFP, deployment, or operations hiring)",COLD,0.0,Logistics,1,automation_interest
7209,"North American Logistics Center,",buyer_opportunity_gate,"buyer opportunity gate: no buyer-intent signal found (labor, expansion, capex, RFP, deployment, or operations hiring)",COLD,0.0,Logistics,1,automation_interest
7210,Krones,buyer_opportunity_gate,"buyer opportunity gate: no buyer-intent signal found (labor, expansion, capex, RFP, deployment, or operations hiring)",COLD,0.0,Logistics,1,automation_interest
7218,Techtextil,buyer_opportunity_gate,"buyer opportunity gate: no buyer-intent signal found (labor, expansion, capex, RFP, deployment, or operations hiring)",COLD,0.0,Apparel & Textiles,1,news
7221,The best TV screen cleaners,buyer_opportunity_gate,"buyer opportunity gate: no buyer-intent signal found (labor, expansion, capex, RFP, deployment, or operations hiring)",COLD,0.0,Unknown,1,news
7224,Six Flags New England looking to fill,buyer_opportunity_gate,"buyer opportunity gate: no buyer-intent signal found (labor, expansion, capex, RFP, deployment, or operations hiring)",COLD,0.0,Theme Parks & Entertainment,1,news
7225,This beloved Californian theme park,buyer_opportunity_gate,"buyer opportunity gate: no buyer-intent signal found (labor, expansion, capex, RFP, deployment, or operations hiring)",COLD,0.0,Theme Parks & Entertainment,2,expansion
7226,The End,buyer_opportunity_gate,"buyer opportunity gate: no buyer-intent signal found (labor, expansion, capex, RFP, deployment, or operations hiring)",COLD,0.0,Theme Parks & Entertainment,1,news
7229,Advanced Diagnostics,buyer_opportunity_gate,"buyer opportunity gate: no buyer-intent signal found (labor, expansion, capex, RFP, deployment, or operations hiring)",COLD,0.0,Unknown,1,news
7230,Top five retail store point,buyer_opportunity_gate,"buyer opportunity gate: no buyer-intent signal found (labor, expansion, capex, RFP, deployment, or operations hiring)",COLD,0.0,Hospitality,1,automation_interest
7232,VDMA,buyer_opportunity_gate,"buyer opportunity gate: no buyer-intent signal found (labor, expansion, capex, RFP, deployment, or operations hiring)",COLD,0.0,Apparel & Textiles,1,news
7235,IntraLogisteX,buyer_opportunity_gate,"buyer opportunity gate: no buyer-intent signal found (labor, expansion, capex, RFP, deployment, or operations hiring)",COLD,0.0,Logistics,1,automation_interest
7236,Food Robotics Market (2026) |,buyer_opportunity_gate,"buyer opportunity gate: no buyer-intent signal found (labor, expansion, capex, RFP, deployment, or operations hiring)",COLD,0.0,Food Service,1,strategic_hire
7237,Hyperscale Data to,buyer_opportunity_gate,"buyer opportunity gate: no buyer-intent signal found (labor, expansion, capex, RFP, deployment, or operations hiring)",COLD,0.0,Datacenters,1,automation_interest
7243,Vail Resorts’ 4th Qtr 2022 Results |,buyer_opportunity_gate,"buyer opportunity gate: no buyer-intent signal found (labor, expansion, capex, RFP, deployment, or operations hiring)",COLD,0.0,Hospitality,1,automation_interest
7245,Five trends to watch,buyer_opportunity_gate,"buyer opportunity gate: no buyer-intent signal found (labor, expansion, capex, RFP, deployment, or operations hiring)",COLD,0.0,Unknown,1,news
7247,Ethermed,buyer_opportunity_gate,"buyer opportunity gate: seller/vendor or publisher story, not a buyer opportunity",COLD,0.0,Unknown,1,funding_round
7248,Tandem Technology to,buyer_opportunity_gate,"buyer opportunity gate: seller/vendor or publisher story, not a buyer opportunity",COLD,0.0,Unknown,1,strategic_hire
7249,Agilent Showcases Advances,buyer_opportunity_gate,"buyer opportunity gate: seller/vendor or publisher story, not a buyer opportunity",COLD,0.0,Medical Technology,1,expansion
7250,Magic Moment Resort,buyer_opportunity_gate,"buyer opportunity gate: no buyer-intent signal found (labor, expansion, capex, RFP, deployment, or operations hiring)",COLD,0.0,Hospitality,1,automation_interest
7251,This California,buyer_opportunity_gate,"buyer opportunity gate: no buyer-intent signal found (labor, expansion, capex, RFP, deployment, or operations hiring)",COLD,0.0,Unknown,1,automation_interest
7253,Newark Airport in spring - ROI-NJ,buyer_opportunity_gate,"buyer opportunity gate: no buyer-intent signal found (labor, expansion, capex, RFP, deployment, or operations hiring)",COLD,0.0,Airports & Aviation,1,expansion
7254,LAX’s,buyer_opportunity_gate,"buyer opportunity gate: no buyer-intent signal found (labor, expansion, capex, RFP, deployment, or operations hiring)",COLD,0.0,Airports & Aviation,1,strategic_hire
7257,ICE Agents,buyer_opportunity_gate,"buyer opportunity gate: no buyer-intent signal found (labor, expansion, capex, RFP, deployment, or operations hiring)",COLD,0.0,Airports & Aviation,1,expansion
7260,Pharmacists,buyer_opportunity_gate,"buyer opportunity gate: no buyer-intent signal found (labor, expansion, capex, RFP, deployment, or operations hiring)",COLD,0.0,Unknown,1,news
7261,Phu Quoc Airport,buyer_opportunity_gate,"buyer opportunity gate: no buyer-intent signal found (labor, expansion, capex, RFP, deployment, or operations hiring)",COLD,0.0,Airports & Aviation,1,strategic_hire
7263,RealMan,buyer_opportunity_gate,"buyer opportunity gate: no buyer-intent signal found (labor, expansion, capex, RFP, deployment, or operations hiring)",COLD,0.0,Unknown,1,strategic_hire
7264,Disney tickets,buyer_opportunity_gate,"buyer opportunity gate: no buyer-intent signal found (labor, expansion, capex, RFP, deployment, or operations hiring)",COLD,0.0,Unknown,1,expansion
7266,Sofidel to,buyer_opportunity_gate,"buyer opportunity gate: no buyer-intent signal found (labor, expansion, capex, RFP, deployment, or operations hiring)",COLD,0.0,Unknown,1,news
7267,MoneyFlare,buyer_opportunity_gate,"buyer opportunity gate: no buyer-intent signal found (labor, expansion, capex, RFP, deployment, or operations hiring)",COLD,0.0,Unknown,2,"automation_interest,news"
7268,Effects,buyer_opportunity_gate,"buyer opportunity gate: no buyer-intent signal found (labor, expansion, capex, RFP, deployment, or operations hiring)",COLD,0.0,Food Service,1,news
7269,DMG MORI,buyer_opportunity_gate,"buyer opportunity gate: no buyer-intent signal found (labor, expansion, capex, RFP, deployment, or operations hiring)",COLD,0.0,Automotive & Manufacturing,1,funding_round
7270,Towards end-to-end automation,buyer_opportunity_gate,"buyer opportunity gate: no buyer-intent signal found (labor, expansion, capex, RFP, deployment, or operations hiring)",COLD,0.0,Unknown,1,automation_interest
7271,Next frontier,buyer_opportunity_gate,"buyer opportunity gate: no buyer-intent signal found (labor, expansion, capex, RFP, deployment, or operations hiring)",COLD,0.0,Apparel & Textiles,1,news
7273,FHVH (RoboOp365) to Showcase AI-Robotics,buyer_opportunity_gate,"buyer opportunity gate: seller/vendor or publisher story, not a buyer opportunity",COLD,0.0,Unknown,2,automation_interest
7276,The Lexington VA Health Care System's,buyer_opportunity_gate,"buyer opportunity gate: no buyer-intent signal found (labor, expansion, capex, RFP, deployment, or operations hiring)",COLD,0.0,Medical Technology,1,expansion
7279,Healthcare AI rakes,buyer_opportunity_gate,"buyer opportunity gate: no buyer-intent signal found (labor, expansion, capex, RFP, deployment, or operations hiring)",COLD,0.0,Healthcare,1,funding_round
7280,The 9 Largest NYC Tech Startup,buyer_opportunity_gate,"buyer opportunity gate: no buyer-intent signal found (labor, expansion, capex, RFP, deployment, or operations hiring)",COLD,0.0,Unknown,1,funding_round
7281,The 17 Largest NYC Tech Startup,buyer_opportunity_gate,"buyer opportunity gate: no buyer-intent signal found (labor, expansion, capex, RFP, deployment, or operations hiring)",COLD,0.0,Unknown,1,funding_round
7282,GT Medical Technologies,buyer_opportunity_gate,"buyer opportunity gate: no buyer-intent signal found (labor, expansion, capex, RFP, deployment, or operations hiring)",COLD,0.0,Healthcare,1,funding_round
7284,Sidewalk robots doing thousands,buyer_opportunity_gate,"buyer opportunity gate: no buyer-intent signal found (labor, expansion, capex, RFP, deployment, or operations hiring)",COLD,0.0,Automotive & Manufacturing,1,strategic_hire
7285,6 Crucial Tasks Universal Robots,buyer_opportunity_gate,"buyer opportunity gate: no buyer-intent signal found (labor, expansion, capex, RFP, deployment, or operations hiring)",COLD,0.0,Unknown,1,automation_interest
7286,Software-Defined Data Center Market,buyer_opportunity_gate,"buyer opportunity gate: no buyer-intent signal found (labor, expansion, capex, RFP, deployment, or operations hiring)",COLD,0.0,Datacenters,1,strategic_hire
7289,Vietnam’s Phu Quoc Airport,buyer_opportunity_gate,"buyer opportunity gate: no buyer-intent signal found (labor, expansion, capex, RFP, deployment, or operations hiring)",COLD,0.0,Airports & Aviation,1,expansion
7290,Argon Medical,buyer_opportunity_gate,"buyer opportunity gate: no buyer-intent signal found (labor, expansion, capex, RFP, deployment, or operations hiring)",COLD,0.0,Unknown,2,automation_interest
7291,Healthcare Robotics Systems Market,fast_junk,junk substring: 'systems market',COLD,0.0,Healthcare,2,robot_installation
7292,SINOBAKE to Showcase Snack Processing Solutions,buyer_opportunity_gate,"buyer opportunity gate: no buyer-intent signal found (labor, expansion, capex, RFP, deployment, or operations hiring)",COLD,0.0,Unknown,1,news
7294,the Port,buyer_opportunity_gate,"buyer opportunity gate: no buyer-intent signal found (labor, expansion, capex, RFP, deployment, or operations hiring)",COLD,0.0,Unknown,1,news
7296,Truckloads,buyer_opportunity_gate,"buyer opportunity gate: no buyer-intent signal found (labor, expansion, capex, RFP, deployment, or operations hiring)",COLD,0.0,Unknown,2,news
7298,GMEX Robotics (GMEX) Shares,buyer_opportunity_gate,"buyer opportunity gate: no buyer-intent signal found (labor, expansion, capex, RFP, deployment, or operations hiring)",COLD,0.0,Food Service,1,automation_interest
7301,Teradyne Robotics leaning,buyer_opportunity_gate,"buyer opportunity gate: no buyer-intent signal found (labor, expansion, capex, RFP, deployment, or operations hiring)",COLD,0.0,Automotive & Manufacturing,1,automation_interest
7302,Top 9 Most In-Demand Logistics Jobs,buyer_opportunity_gate,"buyer opportunity gate: no buyer-intent signal found (labor, expansion, capex, RFP, deployment, or operations hiring)",COLD,0.0,Logistics,1,automation_interest
7304,6 Major,buyer_opportunity_gate,"buyer opportunity gate: no buyer-intent signal found (labor, expansion, capex, RFP, deployment, or operations hiring)",COLD,0.0,Unknown,1,automation_interest
7309,‘Hectic Aseptic’: What Sterile Compounders,buyer_opportunity_gate,"buyer opportunity gate: no buyer-intent signal found (labor, expansion, capex, RFP, deployment, or operations hiring)",COLD,0.0,Medical Technology,1,news
7310,Centralized IV Compounding,buyer_opportunity_gate,"buyer opportunity gate: no buyer-intent signal found (labor, expansion, capex, RFP, deployment, or operations hiring)",COLD,0.0,Medical Technology,1,news
7312,New Instruments,buyer_opportunity_gate,"buyer opportunity gate: no buyer-intent signal found (labor, expansion, capex, RFP, deployment, or operations hiring)",COLD,0.0,Unknown,1,news
7314,Building Automation System Research,buyer_opportunity_gate,"buyer opportunity gate: no buyer-intent signal found (labor, expansion, capex, RFP, deployment, or operations hiring)",COLD,0.0,Automotive & Manufacturing,1,automation_interest
7316,Chinese Humanoid Robots Dominate,buyer_opportunity_gate,"buyer opportunity gate: no buyer-intent signal found (labor, expansion, capex, RFP, deployment, or operations hiring)",COLD,0.0,Automotive & Manufacturing,1,strategic_hire
7317,The Valley Hospital,buyer_opportunity_gate,"buyer opportunity gate: no buyer-intent signal found (labor, expansion, capex, RFP, deployment, or operations hiring)",COLD,0.0,Medical Technology,1,ma_activity
7318,UHS Greater Binghamton,buyer_opportunity_gate,"buyer opportunity gate: no buyer-intent signal found (labor, expansion, capex, RFP, deployment, or operations hiring)",COLD,0.0,Medical Technology,1,ma_activity
7320,Dialog Enterprise,buyer_opportunity_gate,"buyer opportunity gate: no buyer-intent signal found (labor, expansion, capex, RFP, deployment, or operations hiring)",COLD,0.0,Apparel & Textiles,1,news
7322,World-First: Humanoid Robot On Live Industrial,buyer_opportunity_gate,"buyer opportunity gate: no buyer-intent signal found (labor, expansion, capex, RFP, deployment, or operations hiring)",COLD,0.0,Unknown,1,expansion
7323,2026 humanoid robot,buyer_opportunity_gate,"buyer opportunity gate: no buyer-intent signal found (labor, expansion, capex, RFP, deployment, or operations hiring)",COLD,0.0,Unknown,1,automation_interest
7326,BayCare and Robotics Startup Rovex,buyer_opportunity_gate,"buyer opportunity gate: seller/vendor or publisher story, not a buyer opportunity",COLD,0.0,Healthcare,1,expansion
7327,"Winn-Dixie, Montreal cleantech startup",buyer_opportunity_gate,"buyer opportunity gate: no buyer-intent signal found (labor, expansion, capex, RFP, deployment, or operations hiring)",COLD,0.0,Hospitality,1,automation_interest
7328,Jacobi Robotics to,buyer_opportunity_gate,"buyer opportunity gate: no buyer-intent signal found (labor, expansion, capex, RFP, deployment, or operations hiring)",COLD,0.0,Unknown,1,automation_interest
7329,s AMI,buyer_opportunity_gate,"buyer opportunity gate: seller/vendor or publisher story, not a buyer opportunity",COLD,0.0,Unknown,1,expansion
7330,Breezy One from,buyer_opportunity_gate,"buyer opportunity gate: no buyer-intent signal found (labor, expansion, capex, RFP, deployment, or operations hiring)",COLD,0.0,Airports & Aviation,1,automation_interest
7331,Build With Robots,buyer_opportunity_gate,"buyer opportunity gate: no buyer-intent signal found (labor, expansion, capex, RFP, deployment, or operations hiring)",COLD,0.0,Airports & Aviation,1,automation_interest
7334,Flex and Teradyne Robotics,buyer_opportunity_gate,"buyer opportunity gate: no buyer-intent signal found (labor, expansion, capex, RFP, deployment, or operations hiring)",COLD,0.0,Automotive & Manufacturing,2,automation_interest
7335,Opinion | MLB,buyer_opportunity_gate,"buyer opportunity gate: no buyer-intent signal found (labor, expansion, capex, RFP, deployment, or operations hiring)",COLD,0.0,Unknown,1,strategic_hire
7338,Great News! Navi Mumbai International Airport,buyer_opportunity_gate,"buyer opportunity gate: seller/vendor or publisher story, not a buyer opportunity",COLD,0.0,Airports & Aviation,1,automation_interest
7339,Airport Logistics System Market,fast_junk,junk substring: 'system market',COLD,0.0,Logistics,2,"automation_interest,expansion"
7341,Chinese Hospital Robot Video Sparks Debate,buyer_opportunity_gate,"buyer opportunity gate: no buyer-intent signal found (labor, expansion, capex, RFP, deployment, or operations hiring)",COLD,0.0,Healthcare,1,expansion
7342,Pathogen Food Safety,buyer_opportunity_gate,"buyer opportunity gate: no buyer-intent signal found (labor, expansion, capex, RFP, deployment, or operations hiring)",COLD,0.0,Food Processing & Manufacturing,1,expansion
7345,to Know,buyer_opportunity_gate,"buyer opportunity gate: no buyer-intent signal found (labor, expansion, capex, RFP, deployment, or operations hiring)",COLD,0.0,Airports & Aviation,1,automation_interest
7348,Global Pharmacy Retail Market Set,buyer_opportunity_gate,"buyer opportunity gate: no buyer-intent signal found (labor, expansion, capex, RFP, deployment, or operations hiring)",COLD,0.0,Medical Technology,1,news
7349,Cyber defence,buyer_opportunity_gate,"buyer opportunity gate: no buyer-intent signal found (labor, expansion, capex, RFP, deployment, or operations hiring)",COLD,0.0,Unknown,1,news
7353,Sysco stock,buyer_opportunity_gate,"buyer opportunity gate: no buyer-intent signal found (labor, expansion, capex, RFP, deployment, or operations hiring)",COLD,0.0,Food Service,1,news
7354,More Food,buyer_opportunity_gate,"buyer opportunity gate: no buyer-intent signal found (labor, expansion, capex, RFP, deployment, or operations hiring)",COLD,0.0,Unknown,1,news
7355,"Knott’s Berry Farm, Six Flags",buyer_opportunity_gate,"buyer opportunity gate: no buyer-intent signal found (labor, expansion, capex, RFP, deployment, or operations hiring)",COLD,0.0,Theme Parks & Entertainment,1,expansion
7357,The National Parks,buyer_opportunity_gate,"buyer opportunity gate: no buyer-intent signal found (labor, expansion, capex, RFP, deployment, or operations hiring)",COLD,0.0,Media & Publishing,1,news
7359,Key Trends,buyer_opportunity_gate,"buyer opportunity gate: no buyer-intent signal found (labor, expansion, capex, RFP, deployment, or operations hiring)",COLD,0.0,Logistics,1,automation_interest
7366,Research,buyer_opportunity_gate,"buyer opportunity gate: no buyer-intent signal found (labor, expansion, capex, RFP, deployment, or operations hiring)",COLD,0.0,Logistics,1,automation_interest
7367,Thai warehouse automation,buyer_opportunity_gate,"buyer opportunity gate: no buyer-intent signal found (labor, expansion, capex, RFP, deployment, or operations hiring)",COLD,0.0,Logistics,1,automation_interest
7370,Ministry,buyer_opportunity_gate,"buyer opportunity gate: no buyer-intent signal found (labor, expansion, capex, RFP, deployment, or operations hiring)",COLD,0.0,Unknown,1,news
7371,9 Best Automatic Cat Feeders,buyer_opportunity_gate,"buyer opportunity gate: no buyer-intent signal found (labor, expansion, capex, RFP, deployment, or operations hiring)",COLD,0.0,Unknown,1,expansion
7372,Blister Packaging Machines Market Profit to Sources,buyer_opportunity_gate,"buyer opportunity gate: no buyer-intent signal found (labor, expansion, capex, RFP, deployment, or operations hiring)",COLD,0.0,Unknown,1,news
7373,Influencers programming food robots,buyer_opportunity_gate,"buyer opportunity gate: no buyer-intent signal found (labor, expansion, capex, RFP, deployment, or operations hiring)",COLD,0.0,Unknown,1,strategic_hire
7374,NPE2018,buyer_opportunity_gate,"buyer opportunity gate: no buyer-intent signal found (labor, expansion, capex, RFP, deployment, or operations hiring)",COLD,0.0,Healthcare,1,automation_interest
7375,Amazon CEO,buyer_opportunity_gate,"buyer opportunity gate: no buyer-intent signal found (labor, expansion, capex, RFP, deployment, or operations hiring)",COLD,0.0,Unknown,1,news
7376,Global Leader: Anno Robot,buyer_opportunity_gate,"buyer opportunity gate: no buyer-intent signal found (labor, expansion, capex, RFP, deployment, or operations hiring)",COLD,0.0,Unknown,1,automation_interest
7380,First Solar to,buyer_opportunity_gate,"buyer opportunity gate: no buyer-intent signal found (labor, expansion, capex, RFP, deployment, or operations hiring)",COLD,0.0,Logistics,1,automation_interest
7382,Zalando preps,buyer_opportunity_gate,"buyer opportunity gate: no buyer-intent signal found (labor, expansion, capex, RFP, deployment, or operations hiring)",COLD,0.0,Hospitality,1,expansion
7385,Leipzig,buyer_opportunity_gate,"buyer opportunity gate: no buyer-intent signal found (labor, expansion, capex, RFP, deployment, or operations hiring)",COLD,0.0,Unknown,1,news
7387,AirportTransportation.com,buyer_opportunity_gate,"buyer opportunity gate: no buyer-intent signal found (labor, expansion, capex, RFP, deployment, or operations hiring)",COLD,0.0,Airports & Aviation,1,automation_interest
7388,Texas Roadhouse debuts first restaurant,buyer_opportunity_gate,"buyer opportunity gate: no buyer-intent signal found (labor, expansion, capex, RFP, deployment, or operations hiring)",COLD,0.0,Food Service,1,news
7390,Naver,buyer_opportunity_gate,"buyer opportunity gate: no buyer-intent signal found (labor, expansion, capex, RFP, deployment, or operations hiring)",COLD,0.0,Unknown,1,automation_interest
7392,A water company,buyer_opportunity_gate,"buyer opportunity gate: no buyer-intent signal found (labor, expansion, capex, RFP, deployment, or operations hiring)",COLD,0.0,Unknown,1,news
7397,Automation’s hidden,buyer_opportunity_gate,"buyer opportunity gate: no buyer-intent signal found (labor, expansion, capex, RFP, deployment, or operations hiring)",COLD,0.0,Media & Publishing,1,automation_interest
7398,Palletizing: Robotic drum palletizer,buyer_opportunity_gate,"buyer opportunity gate: no buyer-intent signal found (labor, expansion, capex, RFP, deployment, or operations hiring)",COLD,0.0,CPG & Consumer Goods,1,automation_interest
7399,Comment UPS,buyer_opportunity_gate,"buyer opportunity gate: no buyer-intent signal found (labor, expansion, capex, RFP, deployment, or operations hiring)",COLD,0.0,Unknown,1,automation_interest
7400,Aeroporti di Roma,buyer_opportunity_gate,"buyer opportunity gate: no buyer-intent signal found (labor, expansion, capex, RFP, deployment, or operations hiring)",COLD,0.0,Airports & Aviation,1,automation_interest
7401,scale across Fiumicino Airport,buyer_opportunity_gate,"buyer opportunity gate: no buyer-intent signal found (labor, expansion, capex, RFP, deployment, or operations hiring)",COLD,0.0,Airports & Aviation,1,automation_interest
7402,s A&K Robotics,buyer_opportunity_gate,"buyer opportunity gate: seller/vendor or publisher story, not a buyer opportunity",COLD,0.0,Airports & Aviation,1,funding_round
7403,San José airport,buyer_opportunity_gate,"buyer opportunity gate: no buyer-intent signal found (labor, expansion, capex, RFP, deployment, or operations hiring)",COLD,0.0,Airports & Aviation,1,strategic_hire
7405,WATCH: Limerick hospital,buyer_opportunity_gate,"buyer opportunity gate: no buyer-intent signal found (labor, expansion, capex, RFP, deployment, or operations hiring)",COLD,0.0,Medical Technology,1,expansion
7406,White Castle Puts Its Restaurant,buyer_opportunity_gate,"buyer opportunity gate: no buyer-intent signal found (labor, expansion, capex, RFP, deployment, or operations hiring)",COLD,0.0,Food Service,1,expansion
7407,Uber cofounder Travis Kalanick,buyer_opportunity_gate,"buyer opportunity gate: no buyer-intent signal found (labor, expansion, capex, RFP, deployment, or operations hiring)",COLD,0.0,Food Service,1,strategic_hire
7418,Storage and Handling Equipment Market,fast_junk,junk substring: 'equipment market',COLD,0.0,Unknown,1,automation_interest
7419,Agentic AI & Automation,buyer_opportunity_gate,"buyer opportunity gate: seller/vendor or publisher story, not a buyer opportunity",COLD,0.0,Unknown,1,strategic_hire
7421,Blood bank automation systems market,fast_junk,junk substring: 'systems market',COLD,0.0,Unknown,1,automation_interest
7424,a new,buyer_opportunity_gate,"buyer opportunity gate: no buyer-intent signal found (labor, expansion, capex, RFP, deployment, or operations hiring)",COLD,0.0,Datacenters,1,news
7425,Supply chain shortages: What’s,buyer_opportunity_gate,"buyer opportunity gate: no buyer-intent signal found (labor, expansion, capex, RFP, deployment, or operations hiring)",COLD,0.0,Logistics,1,automation_interest
7426,"potential Iran-related supply crunch, sources",logic_engine,logic engine: inference gate: insufficient positive evidence of company name (conf=0.30) — 5-word name (borderline compact); contains distinctive non-generic word,COLD,0.0,Media & Publishing,1,expansion
7427,In the Pipeline: Leo Brown Group,buyer_opportunity_gate,"buyer opportunity gate: no buyer-intent signal found (labor, expansion, capex, RFP, deployment, or operations hiring)",COLD,0.0,Hospitality,1,news
7430,Aramark and Pringle Robotics,buyer_opportunity_gate,"buyer opportunity gate: no buyer-intent signal found (labor, expansion, capex, RFP, deployment, or operations hiring)",COLD,0.0,Media & Publishing,1,automation_interest
7431,Autonomous Cleaning Bots,buyer_opportunity_gate,"buyer opportunity gate: no buyer-intent signal found (labor, expansion, capex, RFP, deployment, or operations hiring)",COLD,0.0,Unknown,1,news
7432,German scientists,buyer_opportunity_gate,"buyer opportunity gate: no buyer-intent signal found (labor, expansion, capex, RFP, deployment, or operations hiring)",COLD,0.0,Apparel & Textiles,1,strategic_hire
7433,ANDRITZ,buyer_opportunity_gate,"buyer opportunity gate: no buyer-intent signal found (labor, expansion, capex, RFP, deployment, or operations hiring)",COLD,0.0,Apparel & Textiles,2,strategic_hire
7434,Marel hf. stock,buyer_opportunity_gate,"buyer opportunity gate: no buyer-intent signal found (labor, expansion, capex, RFP, deployment, or operations hiring)",COLD,0.0,Food Processing & Manufacturing,1,news
7436,Amazon's layoffs and leaked AI,logic_engine,logic engine: inference gate: classified as description (conf=0.75) — possessive fragment with multiple words,COLD,0.0,Unknown,1,strategic_hire
7437,its core,buyer_opportunity_gate,"buyer opportunity gate: seller/vendor or publisher story, not a buyer opportunity",COLD,0.0,Unknown,1,expansion
7438,10 Best POS Systems For Small Businesses,buyer_opportunity_gate,"buyer opportunity gate: no buyer-intent signal found (labor, expansion, capex, RFP, deployment, or operations hiring)",COLD,0.0,Unknown,1,news
7439,First patient,buyer_opportunity_gate,"buyer opportunity gate: no buyer-intent signal found (labor, expansion, capex, RFP, deployment, or operations hiring)",COLD,0.0,Healthcare,1,expansion
7440,s US commercial,buyer_opportunity_gate,"buyer opportunity gate: no buyer-intent signal found (labor, expansion, capex, RFP, deployment, or operations hiring)",COLD,0.0,Medical Technology,1,automation_interest
7441,Humanoid Robotics Market,buyer_opportunity_gate,"buyer opportunity gate: no buyer-intent signal found (labor, expansion, capex, RFP, deployment, or operations hiring)",COLD,0.0,Unknown,1,automation_interest
7442,the grocery store,logic_engine,logic engine: inference gate: insufficient positive evidence of company name (conf=0.30) — compact name (3 word(s)); no sentence-punctuation,COLD,0.0,Retail,1,news
7443,the textile processing trade fair,buyer_opportunity_gate,"buyer opportunity gate: no buyer-intent signal found (labor, expansion, capex, RFP, deployment, or operations hiring)",COLD,0.0,Apparel & Textiles,1,automation_interest
7444,the table,buyer_opportunity_gate,"buyer opportunity gate: no buyer-intent signal found (labor, expansion, capex, RFP, deployment, or operations hiring)",COLD,0.0,Food Service,1,news
7445,New fast-casual Asian fusion spot to,buyer_opportunity_gate,"buyer opportunity gate: no buyer-intent signal found (labor, expansion, capex, RFP, deployment, or operations hiring)",COLD,0.0,Unknown,2,strategic_hire
7446,retirement,buyer_opportunity_gate,"buyer opportunity gate: no buyer-intent signal found (labor, expansion, capex, RFP, deployment, or operations hiring)",COLD,0.0,Unknown,2,"expansion,news"
7447,4 Benefits,buyer_opportunity_gate,"buyer opportunity gate: no buyer-intent signal found (labor, expansion, capex, RFP, deployment, or operations hiring)",COLD,0.0,Healthcare,1,automation_interest
7448,AI automation looks like when it hits everyday life,buyer_opportunity_gate,"buyer opportunity gate: no buyer-intent signal found (labor, expansion, capex, RFP, deployment, or operations hiring)",COLD,0.0,Food Service,2,automation_interest
7450,sort,buyer_opportunity_gate,"buyer opportunity gate: no buyer-intent signal found (labor, expansion, capex, RFP, deployment, or operations hiring)",COLD,0.0,Unknown,1,strategic_hire
7452,Pediatric Compounding,buyer_opportunity_gate,"buyer opportunity gate: no buyer-intent signal found (labor, expansion, capex, RFP, deployment, or operations hiring)",COLD,0.0,Medical Technology,1,news
7453,s tests humanoid robots in Shanghai,logic_engine,logic engine: inference gate: insufficient positive evidence of company name (conf=0.32) — no sentence-punctuation; contains distinctive non-generic word,COLD,0.0,Automotive & Manufacturing,1,automation_interest
7454,a time,buyer_opportunity_gate,"buyer opportunity gate: no buyer-intent signal found (labor, expansion, capex, RFP, deployment, or operations hiring)",COLD,0.0,Apparel & Textiles,2,automation_interest
7455,its bet on robotics went too far,buyer_opportunity_gate,"buyer opportunity gate: no buyer-intent signal found (labor, expansion, capex, RFP, deployment, or operations hiring)",COLD,0.0,Retail,1,automation_interest
7456,Nestle job,buyer_opportunity_gate,"buyer opportunity gate: no buyer-intent signal found (labor, expansion, capex, RFP, deployment, or operations hiring)",COLD,0.0,CPG & Consumer Goods,1,news
7458,From AI to Zero Trust:,buyer_opportunity_gate,"buyer opportunity gate: no buyer-intent signal found (labor, expansion, capex, RFP, deployment, or operations hiring)",COLD,0.0,Retail,1,news
7459,Direct Source Highlights the Hottest Retail Technology Innovations,buyer_opportunity_gate,"buyer opportunity gate: seller/vendor or publisher story, not a buyer opportunity",COLD,0.0,Hospitality,1,expansion
7460,Beacon Technology,buyer_opportunity_gate,"buyer opportunity gate: no buyer-intent signal found (labor, expansion, capex, RFP, deployment, or operations hiring)",COLD,0.0,Retail,1,strategic_hire
7461,Frankfurt Airport Terminal 3,buyer_opportunity_gate,"buyer opportunity gate: no buyer-intent signal found (labor, expansion, capex, RFP, deployment, or operations hiring)",COLD,0.0,Airports & Aviation,1,automation_interest
7462,Airports potential,buyer_opportunity_gate,"buyer opportunity gate: no buyer-intent signal found (labor, expansion, capex, RFP, deployment, or operations hiring)",COLD,0.0,Airports & Aviation,1,automation_interest
7464,the business owner,logic_engine,logic engine: inference gate: classified as description (conf=0.80) — starts with article + generic noun,COLD,0.0,Unknown,1,automation_interest
7465,Research: 98%,buyer_opportunity_gate,"buyer opportunity gate: no buyer-intent signal found (labor, expansion, capex, RFP, deployment, or operations hiring)",COLD,0.0,Hospitality,1,automation_interest
7466,Swiss tram company,buyer_opportunity_gate,"buyer opportunity gate: no buyer-intent signal found (labor, expansion, capex, RFP, deployment, or operations hiring)",COLD,0.0,Unknown,1,strategic_hire
7467,Dialog Enterprise-star Garments pioneer 5G innovation,buyer_opportunity_gate,"buyer opportunity gate: no buyer-intent signal found (labor, expansion, capex, RFP, deployment, or operations hiring)",COLD,0.0,Apparel & Textiles,1,news
7468,Estimates,buyer_opportunity_gate,"buyer opportunity gate: no buyer-intent signal found (labor, expansion, capex, RFP, deployment, or operations hiring)",COLD,0.0,Automotive & Manufacturing,1,automation_interest
7469,Record Highs -,buyer_opportunity_gate,"buyer opportunity gate: no buyer-intent signal found (labor, expansion, capex, RFP, deployment, or operations hiring)",COLD,0.0,Unknown,1,news
7470,one of largest beef plants in,buyer_opportunity_gate,"buyer opportunity gate: no buyer-intent signal found (labor, expansion, capex, RFP, deployment, or operations hiring)",COLD,0.0,Unknown,1,news
7471,cybersecurity,buyer_opportunity_gate,"buyer opportunity gate: no buyer-intent signal found (labor, expansion, capex, RFP, deployment, or operations hiring)",COLD,0.0,Healthcare,1,expansion
7474,economic recovery,logic_engine,logic engine: inference gate: insufficient positive evidence of company name (conf=0.30) — compact name (2 word(s)); no sentence-punctuation,COLD,0.0,Healthcare,1,automation_interest
7475,financial,buyer_opportunity_gate,"buyer opportunity gate: no buyer-intent signal found (labor, expansion, capex, RFP, deployment, or operations hiring)",COLD,0.0,Healthcare,1,automation_interest
7476,D2C Complexities,buyer_opportunity_gate,"buyer opportunity gate: no buyer-intent signal found (labor, expansion, capex, RFP, deployment, or operations hiring)",COLD,0.0,Unknown,1,automation_interest
7477,Cambria,buyer_opportunity_gate,"buyer opportunity gate: no buyer-intent signal found (labor, expansion, capex, RFP, deployment, or operations hiring)",COLD,0.0,Unknown,1,news
7478,We've,buyer_opportunity_gate,"buyer opportunity gate: no buyer-intent signal found (labor, expansion, capex, RFP, deployment, or operations hiring)",COLD,0.0,Hospitality,1,news
7479,Spyce acquisition,buyer_opportunity_gate,"buyer opportunity gate: no buyer-intent signal found (labor, expansion, capex, RFP, deployment, or operations hiring)",COLD,0.0,Food Service,1,ma_activity
7480,Pro Football Focus,buyer_opportunity_gate,"buyer opportunity gate: no buyer-intent signal found (labor, expansion, capex, RFP, deployment, or operations hiring)",COLD,0.0,Unknown,1,ma_activity
7481,CRST,buyer_opportunity_gate,"buyer opportunity gate: no buyer-intent signal found (labor, expansion, capex, RFP, deployment, or operations hiring)",COLD,0.0,Unknown,1,ma_activity
7482,Greek Market Deals Exceed €7 Billion,buyer_opportunity_gate,"buyer opportunity gate: no buyer-intent signal found (labor, expansion, capex, RFP, deployment, or operations hiring)",COLD,0.0,Unknown,1,news
7483,VGRC Summit,buyer_opportunity_gate,"buyer opportunity gate: seller/vendor or publisher story, not a buyer opportunity",COLD,0.0,Apparel & Textiles,1,funding_round
7484,the tightened chipmaking supply chain,buyer_opportunity_gate,"buyer opportunity gate: no buyer-intent signal found (labor, expansion, capex, RFP, deployment, or operations hiring)",COLD,0.0,Logistics,1,automation_interest
7485,National Foods,buyer_opportunity_gate,"buyer opportunity gate: no buyer-intent signal found (labor, expansion, capex, RFP, deployment, or operations hiring)",COLD,0.0,Unknown,1,news
7487,children,buyer_opportunity_gate,"buyer opportunity gate: no buyer-intent signal found (labor, expansion, capex, RFP, deployment, or operations hiring)",COLD,0.0,CPG & Consumer Goods,1,news
7488,Tuscaloosa,buyer_opportunity_gate,"buyer opportunity gate: no buyer-intent signal found (labor, expansion, capex, RFP, deployment, or operations hiring)",COLD,0.0,Logistics,1,automation_interest
7489,Dutch hospitality hits record jobs but,buyer_opportunity_gate,"buyer opportunity gate: no buyer-intent signal found (labor, expansion, capex, RFP, deployment, or operations hiring)",COLD,0.0,Hospitality,1,expansion
7490,shortages of youths,buyer_opportunity_gate,"buyer opportunity gate: no buyer-intent signal found (labor, expansion, capex, RFP, deployment, or operations hiring)",COLD,0.0,Hospitality,1,expansion
7492,April 2026 Industrial,buyer_opportunity_gate,"buyer opportunity gate: no buyer-intent signal found (labor, expansion, capex, RFP, deployment, or operations hiring)",COLD,0.0,Food Service,1,funding_round
7493,BMW and PepsiCo robotics partner Sereact,fast_junk,"junk pattern: ^(?:\S+\s+){1,7}(?:unveil|reinforc|knock|launch|announc|reve",COLD,0.0,CPG & Consumer Goods,1,funding_round
7494,BMW and PepsiCo robotics,buyer_opportunity_gate,"buyer opportunity gate: seller/vendor or publisher story, not a buyer opportunity",COLD,0.0,CPG & Consumer Goods,1,funding_round
7495,sparkling surfaces,logic_engine,logic engine: inference gate: insufficient positive evidence of company name (conf=0.30) — compact name (2 word(s)); no sentence-punctuation,COLD,0.0,Hospitality,1,news
7497,Cedar Point To,buyer_opportunity_gate,"buyer opportunity gate: no buyer-intent signal found (labor, expansion, capex, RFP, deployment, or operations hiring)",COLD,0.0,Theme Parks & Entertainment,1,news
7499,Rohlik Group CEO Tomáš Čupr talks,buyer_opportunity_gate,"buyer opportunity gate: no buyer-intent signal found (labor, expansion, capex, RFP, deployment, or operations hiring)",COLD,0.0,Hospitality,1,funding_round
7501,Tyson debuts $300M highly,buyer_opportunity_gate,"buyer opportunity gate: no buyer-intent signal found (labor, expansion, capex, RFP, deployment, or operations hiring)",COLD,0.0,CPG & Consumer Goods,1,news
7502,Packaging OEMs use Cobots,buyer_opportunity_gate,"buyer opportunity gate: no buyer-intent signal found (labor, expansion, capex, RFP, deployment, or operations hiring)",COLD,0.0,Automotive & Manufacturing,1,automation_interest
7503,Shanghai airport,buyer_opportunity_gate,"buyer opportunity gate: no buyer-intent signal found (labor, expansion, capex, RFP, deployment, or operations hiring)",COLD,0.0,Hospitality,1,expansion
7504,Texas liquor store,buyer_opportunity_gate,"buyer opportunity gate: no buyer-intent signal found (labor, expansion, capex, RFP, deployment, or operations hiring)",COLD,0.0,Logistics,1,expansion
7505,Amazon's plan,logic_engine,logic engine: inference gate: classified as description (conf=0.91) — conjugated verb present: 'plan'; possessive construct also present,COLD,0.0,Logistics,1,expansion
7507,it means for workers,buyer_opportunity_gate,"buyer opportunity gate: no buyer-intent signal found (labor, expansion, capex, RFP, deployment, or operations hiring)",COLD,0.0,Food Service,1,expansion
7509,billion,buyer_opportunity_gate,"buyer opportunity gate: no buyer-intent signal found (labor, expansion, capex, RFP, deployment, or operations hiring)",COLD,0.0,Hospitality,1,funding_round
7511,SNIPES relies on Arvato as its new logistics,logic_engine,logic engine: inference gate: insufficient positive evidence of company name (conf=0.25) — starts with capital letter; very long (8 words) — likely a sentence,COLD,0.0,Logistics,1,automation_interest
7512,Sweden’s,buyer_opportunity_gate,"buyer opportunity gate: no buyer-intent signal found (labor, expansion, capex, RFP, deployment, or operations hiring)",COLD,0.0,Logistics,1,automation_interest
7514,World Webbing,buyer_opportunity_gate,"buyer opportunity gate: no buyer-intent signal found (labor, expansion, capex, RFP, deployment, or operations hiring)",COLD,0.0,Unknown,1,news
7517,adulteration detection,logic_engine,logic engine: inference gate: insufficient positive evidence of company name (conf=0.30) — compact name (2 word(s)); no sentence-punctuation,COLD,0.0,Unknown,1,labor_shortage
7518,Collagen Casings Market,buyer_opportunity_gate,"buyer opportunity gate: no buyer-intent signal found (labor, expansion, capex, RFP, deployment, or operations hiring)",COLD,0.0,Unknown,1,news
7519,Carving cash out,buyer_opportunity_gate,"buyer opportunity gate: no buyer-intent signal found (labor, expansion, capex, RFP, deployment, or operations hiring)",COLD,0.0,Unknown,1,news
7520,processor automates production and pack-out systems,buyer_opportunity_gate,"buyer opportunity gate: no buyer-intent signal found (labor, expansion, capex, RFP, deployment, or operations hiring)",COLD,0.0,CPG & Consumer Goods,1,strategic_hire
7521,Sun Chemical,buyer_opportunity_gate,"buyer opportunity gate: no buyer-intent signal found (labor, expansion, capex, RFP, deployment, or operations hiring)",COLD,0.0,Unknown,1,news
7522,CPG Sustainability:,buyer_opportunity_gate,"buyer opportunity gate: no buyer-intent signal found (labor, expansion, capex, RFP, deployment, or operations hiring)",COLD,0.0,CPG & Consumer Goods,1,news
7523,"iWok, fast-casual Asian fusion spot, to",buyer_opportunity_gate,"buyer opportunity gate: no buyer-intent signal found (labor, expansion, capex, RFP, deployment, or operations hiring)",COLD,0.0,Unknown,1,automation_interest
7524,"iWok, fast-casual Asian fusion spot,",logic_engine,logic engine: inference gate: insufficient positive evidence of company name (conf=0.30) — 5-word name (borderline compact); contains distinctive non-generic word,COLD,0.0,Unknown,1,automation_interest
7528,Japan Airports,buyer_opportunity_gate,"buyer opportunity gate: no buyer-intent signal found (labor, expansion, capex, RFP, deployment, or operations hiring)",COLD,0.0,Airports & Aviation,1,automation_interest
7530,Advances Smart Aviation as Tokyo Haneda Airport,buyer_opportunity_gate,"buyer opportunity gate: no buyer-intent signal found (labor, expansion, capex, RFP, deployment, or operations hiring)",COLD,0.0,Airports & Aviation,1,automation_interest
7531,AI’s,buyer_opportunity_gate,"buyer opportunity gate: no buyer-intent signal found (labor, expansion, capex, RFP, deployment, or operations hiring)",COLD,0.0,Automotive & Manufacturing,1,expansion
7532,The Green Paradox,buyer_opportunity_gate,"buyer opportunity gate: no buyer-intent signal found (labor, expansion, capex, RFP, deployment, or operations hiring)",COLD,0.0,Unknown,1,expansion
7533,NC AI,buyer_opportunity_gate,"buyer opportunity gate: no buyer-intent signal found (labor, expansion, capex, RFP, deployment, or operations hiring)",COLD,0.0,Unknown,1,news
7535,Survival outcomes following prehospital intubation,buyer_opportunity_gate,"buyer opportunity gate: no buyer-intent signal found (labor, expansion, capex, RFP, deployment, or operations hiring)",COLD,0.0,Healthcare,1,expansion
7537,Top Cloud Executives to Watch,buyer_opportunity_gate,"buyer opportunity gate: no buyer-intent signal found (labor, expansion, capex, RFP, deployment, or operations hiring)",COLD,0.0,Unknown,1,news
7538,Aehr Receives Follow-On Order for Fully,buyer_opportunity_gate,"buyer opportunity gate: no buyer-intent signal found (labor, expansion, capex, RFP, deployment, or operations hiring)",COLD,0.0,Healthcare,1,news
7542,Production Plant DPR & Unit Setup,buyer_opportunity_gate,"buyer opportunity gate: no buyer-intent signal found (labor, expansion, capex, RFP, deployment, or operations hiring)",COLD,0.0,Unknown,1,news
7546,airports during,logic_engine,logic engine: inference gate: insufficient positive evidence of company name (conf=0.30) — compact name (2 word(s)); no sentence-punctuation,COLD,0.0,Airports & Aviation,1,automation_interest
7555,Mandalay Bay Resort and Casino,logic_engine,logic engine: structural headline artifact,COLD,0.0,Hospitality,1,automation_interest
7560,Seegene debuts STAgora platform,buyer_opportunity_gate,"buyer opportunity gate: no buyer-intent signal found (labor, expansion, capex, RFP, deployment, or operations hiring)",COLD,0.0,Unknown,1,news
7561,Laboratory Automation Systems Market,fast_junk,junk substring: 'systems market',COLD,0.0,Medical Technology,1,labor_shortage
7562,Allergy Diagnostics Market Demand,buyer_opportunity_gate,"buyer opportunity gate: no buyer-intent signal found (labor, expansion, capex, RFP, deployment, or operations hiring)",COLD,0.0,Unknown,1,expansion
7563,Endocrine,buyer_opportunity_gate,"buyer opportunity gate: no buyer-intent signal found (labor, expansion, capex, RFP, deployment, or operations hiring)",COLD,0.0,Unknown,1,news
7564,pins grocery ambitions on Orbital platform as it,buyer_opportunity_gate,"buyer opportunity gate: no buyer-intent signal found (labor, expansion, capex, RFP, deployment, or operations hiring)",COLD,0.0,Retail,1,strategic_hire
7567,the country's largest for-profit hospital chain,logic_engine,logic engine: inference gate: classified as description (conf=0.75) — possessive fragment with multiple words,COLD,0.0,Healthcare,1,robot_installation
7568,Detection and Prevention through AI,buyer_opportunity_gate,"buyer opportunity gate: no buyer-intent signal found (labor, expansion, capex, RFP, deployment, or operations hiring)",COLD,0.0,Healthcare,1,expansion
7570,Ohio Democratic governor candidate Amy Acton,buyer_opportunity_gate,"buyer opportunity gate: no buyer-intent signal found (labor, expansion, capex, RFP, deployment, or operations hiring)",COLD,0.0,Unknown,1,news
7571,Choco,buyer_opportunity_gate,"buyer opportunity gate: no buyer-intent signal found (labor, expansion, capex, RFP, deployment, or operations hiring)",COLD,0.0,Logistics,1,strategic_hire
7574,shuttle link to Hartsfield-Jackson slated to,logic_engine,logic engine: inference gate: insufficient positive evidence of company name (conf=0.32) — no sentence-punctuation; contains distinctive non-generic word,COLD,0.0,Unknown,1,strategic_hire
7575,went wrong,logic_engine,logic engine: inference gate: insufficient positive evidence of company name (conf=0.30) — compact name (2 word(s)); no sentence-punctuation,COLD,0.0,Unknown,1,news
7576,perfect,buyer_opportunity_gate,"buyer opportunity gate: no buyer-intent signal found (labor, expansion, capex, RFP, deployment, or operations hiring)",COLD,0.0,Unknown,1,strategic_hire
7577,Russian missiles,buyer_opportunity_gate,"buyer opportunity gate: no buyer-intent signal found (labor, expansion, capex, RFP, deployment, or operations hiring)",COLD,0.0,Unknown,1,news
7578,Merger & Acquisition Trends,buyer_opportunity_gate,"buyer opportunity gate: no buyer-intent signal found (labor, expansion, capex, RFP, deployment, or operations hiring)",COLD,0.0,Unknown,1,ma_activity
7580,2026: The Year Technology,buyer_opportunity_gate,"buyer opportunity gate: no buyer-intent signal found (labor, expansion, capex, RFP, deployment, or operations hiring)",COLD,0.0,Logistics,1,automation_interest
7581,Unlocking Cost-Efficiency,buyer_opportunity_gate,"buyer opportunity gate: seller/vendor or publisher story, not a buyer opportunity",COLD,0.0,Unknown,1,news
7582,US Manufacturing & Packaging,buyer_opportunity_gate,"buyer opportunity gate: no buyer-intent signal found (labor, expansion, capex, RFP, deployment, or operations hiring)",COLD,0.0,Unknown,1,funding_round
7583,alderman,buyer_opportunity_gate,"buyer opportunity gate: no buyer-intent signal found (labor, expansion, capex, RFP, deployment, or operations hiring)",COLD,0.0,Unknown,1,automation_interest
7584,prescription renewals gets OK from Utah,logic_engine,logic engine: inference gate: insufficient positive evidence of company name (conf=0.32) — no sentence-punctuation; contains distinctive non-generic word,COLD,0.0,Healthcare,1,robot_installation
7585,Mapei,buyer_opportunity_gate,"buyer opportunity gate: no buyer-intent signal found (labor, expansion, capex, RFP, deployment, or operations hiring)",COLD,0.0,Logistics,1,automation_interest
7587,The 8 Largest NYC Tech Startup,buyer_opportunity_gate,"buyer opportunity gate: no buyer-intent signal found (labor, expansion, capex, RFP, deployment, or operations hiring)",COLD,0.0,Unknown,1,funding_round
7588,LabVantage,buyer_opportunity_gate,"buyer opportunity gate: no buyer-intent signal found (labor, expansion, capex, RFP, deployment, or operations hiring)",COLD,0.0,Unknown,1,automation_interest
7590,Robust.AI,buyer_opportunity_gate,"buyer opportunity gate: no buyer-intent signal found (labor, expansion, capex, RFP, deployment, or operations hiring)",COLD,0.0,Hospitality,1,news
7591,"As AI enters the operating room,",logic_engine,logic engine: inference gate: insufficient positive evidence of company name (conf=0.32) — starts with capital letter; contains distinctive non-generic word,COLD,0.0,Media & Publishing,1,automation_interest
7593,safe staffing,logic_engine,logic engine: inference gate: insufficient positive evidence of company name (conf=0.30) — compact name (2 word(s)); no sentence-punctuation,COLD,0.0,Healthcare,1,news
7595,Weekly protein,buyer_opportunity_gate,"buyer opportunity gate: no buyer-intent signal found (labor, expansion, capex, RFP, deployment, or operations hiring)",COLD,0.0,Unknown,1,news
7598,the coronavirus,buyer_opportunity_gate,"buyer opportunity gate: no buyer-intent signal found (labor, expansion, capex, RFP, deployment, or operations hiring)",COLD,0.0,Unknown,1,expansion
7600,Canada needs,buyer_opportunity_gate,"buyer opportunity gate: no buyer-intent signal found (labor, expansion, capex, RFP, deployment, or operations hiring)",COLD,0.0,Unknown,1,strategic_hire
7601,Warehouses to Last Mile,buyer_opportunity_gate,"buyer opportunity gate: no buyer-intent signal found (labor, expansion, capex, RFP, deployment, or operations hiring)",COLD,0.0,Logistics,1,expansion
7602,massive metro warehouse,logic_engine,logic engine: inference gate: insufficient positive evidence of company name (conf=0.30) — compact name (3 word(s)); no sentence-punctuation,COLD,0.0,Logistics,1,expansion
7604,Japan Airport To 'Reduce Burden On Workers',buyer_opportunity_gate,"buyer opportunity gate: no buyer-intent signal found (labor, expansion, capex, RFP, deployment, or operations hiring)",COLD,0.0,Airports & Aviation,1,expansion
7607,Pharma Robots Supply Footprint,buyer_opportunity_gate,"buyer opportunity gate: no buyer-intent signal found (labor, expansion, capex, RFP, deployment, or operations hiring)",COLD,0.0,Unknown,1,strategic_hire
7608,TechFlow Intelligence,buyer_opportunity_gate,"buyer opportunity gate: no buyer-intent signal found (labor, expansion, capex, RFP, deployment, or operations hiring)",COLD,0.0,Unknown,1,expansion
7609,Tesla (TSLA) Stock Down 16%,buyer_opportunity_gate,"buyer opportunity gate: no buyer-intent signal found (labor, expansion, capex, RFP, deployment, or operations hiring)",COLD,0.0,Unknown,1,automation_interest
7610,Haiti’s new UN,buyer_opportunity_gate,"buyer opportunity gate: no buyer-intent signal found (labor, expansion, capex, RFP, deployment, or operations hiring)",COLD,0.0,Unknown,1,news
7611,Q2 recommends active allocation,buyer_opportunity_gate,"buyer opportunity gate: no buyer-intent signal found (labor, expansion, capex, RFP, deployment, or operations hiring)",COLD,0.0,Unknown,1,automation_interest
7612,Symbotic Thesis Scorecard: The Q1 Performance,buyer_opportunity_gate,"buyer opportunity gate: no buyer-intent signal found (labor, expansion, capex, RFP, deployment, or operations hiring)",COLD,0.0,Unknown,1,news
7613,PLI Scheme,buyer_opportunity_gate,"buyer opportunity gate: no buyer-intent signal found (labor, expansion, capex, RFP, deployment, or operations hiring)",COLD,0.0,Apparel & Textiles,1,news
7614,Tech investor Bill Gurley,buyer_opportunity_gate,"buyer opportunity gate: no buyer-intent signal found (labor, expansion, capex, RFP, deployment, or operations hiring)",COLD,0.0,Unknown,1,strategic_hire
7615,high risk of AI automation,buyer_opportunity_gate,"buyer opportunity gate: no buyer-intent signal found (labor, expansion, capex, RFP, deployment, or operations hiring)",COLD,0.0,Unknown,1,strategic_hire
7616,the first time,logic_engine,logic engine: inference gate: insufficient positive evidence of company name (conf=0.30) — compact name (3 word(s)); no sentence-punctuation,COLD,0.0,Unknown,1,expansion
7619,Siemens partnership,buyer_opportunity_gate,"buyer opportunity gate: no buyer-intent signal found (labor, expansion, capex, RFP, deployment, or operations hiring)",COLD,0.0,Media & Publishing,1,automation_interest
7620,hotel with event space,logic_engine,logic engine: inference gate: insufficient positive evidence of company name (conf=0.30) — compact name (4 word(s)); no sentence-punctuation,COLD,0.0,Hospitality,1,expansion
7621,This Henderson casino,buyer_opportunity_gate,"buyer opportunity gate: no buyer-intent signal found (labor, expansion, capex, RFP, deployment, or operations hiring)",COLD,0.0,Logistics,1,automation_interest
7622,Nevada's long-term care facilities,logic_engine,logic engine: inference gate: classified as description (conf=0.75) — possessive fragment with multiple words,COLD,0.0,Healthcare,1,labor_shortage
7623,"a year out of S&P 500 budgets, Morgan Stanley",buyer_opportunity_gate,"buyer opportunity gate: no buyer-intent signal found (labor, expansion, capex, RFP, deployment, or operations hiring)",COLD,0.0,Unknown,1,automation_interest
7624,Dematic to debut Multishuttle FD system,buyer_opportunity_gate,"buyer opportunity gate: no buyer-intent signal found (labor, expansion, capex, RFP, deployment, or operations hiring)",COLD,0.0,Unknown,1,news
7625,Global Warehouse Automation Market,buyer_opportunity_gate,"buyer opportunity gate: no buyer-intent signal found (labor, expansion, capex, RFP, deployment, or operations hiring)",COLD,0.0,Logistics,2,automation_interest
7626,Cashier Training,buyer_opportunity_gate,"buyer opportunity gate: no buyer-intent signal found (labor, expansion, capex, RFP, deployment, or operations hiring)",COLD,0.0,Retail,1,news
7627,Top 5 Jobs,buyer_opportunity_gate,"buyer opportunity gate: no buyer-intent signal found (labor, expansion, capex, RFP, deployment, or operations hiring)",COLD,0.0,Retail,1,news
7628,Burnout and Shortages Put the Blood Supply,buyer_opportunity_gate,"buyer opportunity gate: no buyer-intent signal found (labor, expansion, capex, RFP, deployment, or operations hiring)",COLD,0.0,Unknown,1,news
7629,Four engineers,buyer_opportunity_gate,"buyer opportunity gate: no buyer-intent signal found (labor, expansion, capex, RFP, deployment, or operations hiring)",COLD,0.0,Unknown,1,strategic_hire
7630,Marco's Pizza to,logic_engine,logic engine: inference gate: classified as description (conf=0.75) — possessive fragment with multiple words,COLD,0.0,Unknown,1,news
7632,continued uncertainty,logic_engine,logic engine: inference gate: insufficient positive evidence of company name (conf=0.30) — compact name (2 word(s)); no sentence-punctuation,COLD,0.0,Logistics,1,expansion
7633,Pros to Know Award: Supply Chain Leaders,buyer_opportunity_gate,"buyer opportunity gate: no buyer-intent signal found (labor, expansion, capex, RFP, deployment, or operations hiring)",COLD,0.0,Logistics,1,expansion
7634,New Job,buyer_opportunity_gate,"buyer opportunity gate: no buyer-intent signal found (labor, expansion, capex, RFP, deployment, or operations hiring)",COLD,0.0,Logistics,1,automation_interest
7637,new candy,buyer_opportunity_gate,"buyer opportunity gate: no buyer-intent signal found (labor, expansion, capex, RFP, deployment, or operations hiring)",COLD,0.0,Retail,1,news
7638,The 20 Best Free Shopify Apps,buyer_opportunity_gate,"buyer opportunity gate: no buyer-intent signal found (labor, expansion, capex, RFP, deployment, or operations hiring)",COLD,0.0,Unknown,1,news
7639,processors,buyer_opportunity_gate,"buyer opportunity gate: no buyer-intent signal found (labor, expansion, capex, RFP, deployment, or operations hiring)",COLD,0.0,Hospitality,1,expansion
7640,Agentforce,buyer_opportunity_gate,"buyer opportunity gate: no buyer-intent signal found (labor, expansion, capex, RFP, deployment, or operations hiring)",COLD,0.0,Unknown,1,expansion
7642,Agilent to shell out $725M,buyer_opportunity_gate,"buyer opportunity gate: no buyer-intent signal found (labor, expansion, capex, RFP, deployment, or operations hiring)",COLD,0.0,Unknown,1,news
7643,The CDMO/CMO,buyer_opportunity_gate,"buyer opportunity gate: no buyer-intent signal found (labor, expansion, capex, RFP, deployment, or operations hiring)",COLD,0.0,Contract Manufacturing,2,expansion
7644,Shangri-La's Hotel Jen Brand,logic_engine,logic engine: inference gate: classified as description (conf=0.75) — possessive fragment with multiple words,COLD,0.0,Hospitality,1,expansion
7645,Put Its Comeback On,buyer_opportunity_gate,"buyer opportunity gate: no buyer-intent signal found (labor, expansion, capex, RFP, deployment, or operations hiring)",COLD,0.0,Unknown,1,news
7646,new manufacturing,buyer_opportunity_gate,"buyer opportunity gate: no buyer-intent signal found (labor, expansion, capex, RFP, deployment, or operations hiring)",COLD,0.0,Logistics,1,strategic_hire
7647,I Am Future Beginner,buyer_opportunity_gate,"buyer opportunity gate: no buyer-intent signal found (labor, expansion, capex, RFP, deployment, or operations hiring)",COLD,0.0,Hospitality,1,news
7650,Baggage Handling System Market,fast_junk,junk substring: 'system market',COLD,0.0,Airports & Aviation,1,automation_interest
7651,"Management Market to Reach USD 11 Billion by 2032,",buyer_opportunity_gate,"buyer opportunity gate: no buyer-intent signal found (labor, expansion, capex, RFP, deployment, or operations hiring)",COLD,0.0,Datacenters,1,news
7652,Housing systems with automatic sorting,buyer_opportunity_gate,"buyer opportunity gate: no buyer-intent signal found (labor, expansion, capex, RFP, deployment, or operations hiring)",COLD,0.0,Unknown,1,news
7653,Keefam,buyer_opportunity_gate,"buyer opportunity gate: no buyer-intent signal found (labor, expansion, capex, RFP, deployment, or operations hiring)",COLD,0.0,Logistics,1,automation_interest
7656,Portable Diagnostics Devices Market to,buyer_opportunity_gate,"buyer opportunity gate: no buyer-intent signal found (labor, expansion, capex, RFP, deployment, or operations hiring)",COLD,0.0,Unknown,1,news
7657,Portable Diagnostics Devices Market,buyer_opportunity_gate,"buyer opportunity gate: no buyer-intent signal found (labor, expansion, capex, RFP, deployment, or operations hiring)",COLD,0.0,Unknown,1,news
7658,Echodyne,buyer_opportunity_gate,"buyer opportunity gate: no buyer-intent signal found (labor, expansion, capex, RFP, deployment, or operations hiring)",COLD,0.0,Unknown,1,strategic_hire
7659,Vantor,buyer_opportunity_gate,"buyer opportunity gate: no buyer-intent signal found (labor, expansion, capex, RFP, deployment, or operations hiring)",COLD,0.0,Media & Publishing,1,funding_round
7661,Tokyo Haneda,buyer_opportunity_gate,"buyer opportunity gate: no buyer-intent signal found (labor, expansion, capex, RFP, deployment, or operations hiring)",COLD,0.0,Airports & Aviation,1,funding_round
7662,Tokyo Haneda Airport,buyer_opportunity_gate,"buyer opportunity gate: no buyer-intent signal found (labor, expansion, capex, RFP, deployment, or operations hiring)",COLD,0.0,Airports & Aviation,2,"automation_interest,expansion"
7665,Smithfield to,buyer_opportunity_gate,"buyer opportunity gate: no buyer-intent signal found (labor, expansion, capex, RFP, deployment, or operations hiring)",COLD,0.0,CPG & Consumer Goods,1,news
7666,AI Venture Roze,buyer_opportunity_gate,"buyer opportunity gate: no buyer-intent signal found (labor, expansion, capex, RFP, deployment, or operations hiring)",COLD,0.0,Automotive & Manufacturing,1,funding_round
7667,growth amid cloud,logic_engine,logic engine: inference gate: insufficient positive evidence of company name (conf=0.30) — compact name (3 word(s)); no sentence-punctuation,COLD,0.0,Retail,1,expansion
7668,Epic Group,buyer_opportunity_gate,"buyer opportunity gate: no buyer-intent signal found (labor, expansion, capex, RFP, deployment, or operations hiring)",COLD,0.0,Apparel & Textiles,1,news
7670,South Abington Twp. to hear,buyer_opportunity_gate,"buyer opportunity gate: no buyer-intent signal found (labor, expansion, capex, RFP, deployment, or operations hiring)",COLD,0.0,Unknown,1,news
7671,crisis level,logic_engine,logic engine: inference gate: insufficient positive evidence of company name (conf=0.30) — compact name (2 word(s)); no sentence-punctuation,COLD,0.0,Hospitality,1,labor_shortage
7672,Rockwell Automation Demonstrates the Future,buyer_opportunity_gate,"buyer opportunity gate: no buyer-intent signal found (labor, expansion, capex, RFP, deployment, or operations hiring)",COLD,0.0,Automotive & Manufacturing,1,automation_interest
7673,Edge AI,buyer_opportunity_gate,"buyer opportunity gate: no buyer-intent signal found (labor, expansion, capex, RFP, deployment, or operations hiring)",COLD,0.0,Unknown,1,news
7674,once bankrupted it,logic_engine,logic engine: inference gate: insufficient positive evidence of company name (conf=0.30) — compact name (3 word(s)); no sentence-punctuation,COLD,0.0,Food Service,1,news
7675,Ahold Delhaize's Albert,logic_engine,logic engine: inference gate: classified as description (conf=0.75) — possessive fragment with multiple words,COLD,0.0,Hospitality,1,automation_interest
7676,Albert,buyer_opportunity_gate,"buyer opportunity gate: seller/vendor or publisher story, not a buyer opportunity",COLD,0.0,Healthcare,1,expansion
7677,Otel AI,buyer_opportunity_gate,"buyer opportunity gate: no buyer-intent signal found (labor, expansion, capex, RFP, deployment, or operations hiring)",COLD,0.0,Unknown,1,expansion
7678,Exclusive: See,buyer_opportunity_gate,"buyer opportunity gate: no buyer-intent signal found (labor, expansion, capex, RFP, deployment, or operations hiring)",COLD,0.0,Unknown,1,news
7679,Massimo Group,buyer_opportunity_gate,"buyer opportunity gate: no buyer-intent signal found (labor, expansion, capex, RFP, deployment, or operations hiring)",COLD,0.0,Media & Publishing,1,automation_interest
7680,Shenzhen AIBO Robotics,buyer_opportunity_gate,"buyer opportunity gate: no buyer-intent signal found (labor, expansion, capex, RFP, deployment, or operations hiring)",COLD,0.0,Media & Publishing,1,automation_interest
7686,Humanoid Robots Move,buyer_opportunity_gate,"buyer opportunity gate: no buyer-intent signal found (labor, expansion, capex, RFP, deployment, or operations hiring)",COLD,0.0,Automotive & Manufacturing,1,automation_interest
7687,Interview with the CEO,buyer_opportunity_gate,"buyer opportunity gate: no buyer-intent signal found (labor, expansion, capex, RFP, deployment, or operations hiring)",COLD,0.0,Unknown,1,automation_interest
7688,AI robotics: Moving,buyer_opportunity_gate,"buyer opportunity gate: no buyer-intent signal found (labor, expansion, capex, RFP, deployment, or operations hiring)",COLD,0.0,Unknown,1,automation_interest
7689,SoftBank,buyer_opportunity_gate,"buyer opportunity gate: seller/vendor or publisher story, not a buyer opportunity",COLD,0.0,Datacenters,4,"automation_interest,funding_round,strategic_hire"
7691,AI workflow automation,buyer_opportunity_gate,"buyer opportunity gate: no buyer-intent signal found (labor, expansion, capex, RFP, deployment, or operations hiring)",COLD,0.0,Unknown,1,automation_interest
7692,s hard to,buyer_opportunity_gate,"buyer opportunity gate: no buyer-intent signal found (labor, expansion, capex, RFP, deployment, or operations hiring)",COLD,0.0,Unknown,1,news
7693,Number,buyer_opportunity_gate,"buyer opportunity gate: no buyer-intent signal found (labor, expansion, capex, RFP, deployment, or operations hiring)",COLD,0.0,Unknown,1,news
7694,Pennsylvania Whole Foods,buyer_opportunity_gate,"buyer opportunity gate: no buyer-intent signal found (labor, expansion, capex, RFP, deployment, or operations hiring)",COLD,0.0,Retail,1,news
7695,hold CPG goods,buyer_opportunity_gate,"buyer opportunity gate: no buyer-intent signal found (labor, expansion, capex, RFP, deployment, or operations hiring)",COLD,0.0,Hospitality,2,automation_interest
7697,Top Examples,buyer_opportunity_gate,"buyer opportunity gate: no buyer-intent signal found (labor, expansion, capex, RFP, deployment, or operations hiring)",COLD,0.0,Automotive & Manufacturing,1,automation_interest
7698,CARE Ratings Limited Receives SEBI Authorization to,buyer_opportunity_gate,"buyer opportunity gate: no buyer-intent signal found (labor, expansion, capex, RFP, deployment, or operations hiring)",COLD,0.0,Unknown,1,news
7699,Tracking 7,buyer_opportunity_gate,"buyer opportunity gate: no buyer-intent signal found (labor, expansion, capex, RFP, deployment, or operations hiring)",COLD,0.0,Media & Publishing,1,news
7701,Tokyo's Haneda airport as labor shortages bite,logic_engine,logic engine: inference gate: classified as description (conf=0.75) — possessive fragment with multiple words,COLD,0.0,Airports & Aviation,2,labor_shortage
7702,Tokyo Airport in New Trial,buyer_opportunity_gate,"buyer opportunity gate: no buyer-intent signal found (labor, expansion, capex, RFP, deployment, or operations hiring)",COLD,0.0,Airports & Aviation,1,automation_interest
7703,Morrisons becomes first UK retailer to,buyer_opportunity_gate,"buyer opportunity gate: no buyer-intent signal found (labor, expansion, capex, RFP, deployment, or operations hiring)",COLD,0.0,Hospitality,1,automation_interest
7704,unity,buyer_opportunity_gate,"buyer opportunity gate: no buyer-intent signal found (labor, expansion, capex, RFP, deployment, or operations hiring)",COLD,0.0,Retail,1,news
7705,Grubhub,buyer_opportunity_gate,"buyer opportunity gate: no buyer-intent signal found (labor, expansion, capex, RFP, deployment, or operations hiring)",COLD,0.0,Unknown,1,news
7706,CHUV,buyer_opportunity_gate,"buyer opportunity gate: no buyer-intent signal found (labor, expansion, capex, RFP, deployment, or operations hiring)",COLD,0.0,Medical Technology,1,expansion
7707,automation startup Nomagic raids Google DeepMind to,logic_engine,logic engine: inference gate: insufficient positive evidence of company name (conf=0.32) — no sentence-punctuation; contains distinctive non-generic word,COLD,0.0,Logistics,1,automation_interest
7708,10 Best Health Care Stocks,buyer_opportunity_gate,"buyer opportunity gate: no buyer-intent signal found (labor, expansion, capex, RFP, deployment, or operations hiring)",COLD,0.0,Unknown,1,news
7709,Turkey Food Product Machinery,buyer_opportunity_gate,"buyer opportunity gate: no buyer-intent signal found (labor, expansion, capex, RFP, deployment, or operations hiring)",COLD,0.0,Unknown,1,news
7710,DNA-RNA Extraction Market,buyer_opportunity_gate,"buyer opportunity gate: no buyer-intent signal found (labor, expansion, capex, RFP, deployment, or operations hiring)",COLD,0.0,Unknown,1,strategic_hire
7712,A Day,buyer_opportunity_gate,"buyer opportunity gate: no buyer-intent signal found (labor, expansion, capex, RFP, deployment, or operations hiring)",COLD,0.0,Unknown,1,automation_interest
7713,Trützschler to showcase advanced,buyer_opportunity_gate,"buyer opportunity gate: no buyer-intent signal found (labor, expansion, capex, RFP, deployment, or operations hiring)",COLD,0.0,Hospitality,1,expansion
7714,Dualmode,buyer_opportunity_gate,"buyer opportunity gate: no buyer-intent signal found (labor, expansion, capex, RFP, deployment, or operations hiring)",COLD,0.0,Retail,1,automation_interest
7715,Vietnam’s New AI Robot,buyer_opportunity_gate,"buyer opportunity gate: no buyer-intent signal found (labor, expansion, capex, RFP, deployment, or operations hiring)",COLD,0.0,Unknown,1,automation_interest
7716,The new,buyer_opportunity_gate,"buyer opportunity gate: no buyer-intent signal found (labor, expansion, capex, RFP, deployment, or operations hiring)",COLD,0.0,Food Service,1,strategic_hire
7717,Florida Polytechnic University,buyer_opportunity_gate,"buyer opportunity gate: no buyer-intent signal found (labor, expansion, capex, RFP, deployment, or operations hiring)",COLD,0.0,Food Service,1,automation_interest
7718,5 Stocks,buyer_opportunity_gate,"buyer opportunity gate: no buyer-intent signal found (labor, expansion, capex, RFP, deployment, or operations hiring)",COLD,0.0,Unknown,1,automation_interest
7719,AI in Operating Room,buyer_opportunity_gate,"buyer opportunity gate: no buyer-intent signal found (labor, expansion, capex, RFP, deployment, or operations hiring)",COLD,0.0,Unknown,1,automation_interest
7720,Investor Outlook: Shopify,buyer_opportunity_gate,"buyer opportunity gate: no buyer-intent signal found (labor, expansion, capex, RFP, deployment, or operations hiring)",COLD,0.0,Unknown,1,expansion
7721,Hybrid,buyer_opportunity_gate,"buyer opportunity gate: no buyer-intent signal found (labor, expansion, capex, RFP, deployment, or operations hiring)",COLD,0.0,Unknown,2,"expansion,news"
7722,Chick-fil-A,buyer_opportunity_gate,"buyer opportunity gate: no buyer-intent signal found (labor, expansion, capex, RFP, deployment, or operations hiring)",COLD,0.0,Food Service,1,automation_interest
7723,Tokyo Airports,buyer_opportunity_gate,"buyer opportunity gate: no buyer-intent signal found (labor, expansion, capex, RFP, deployment, or operations hiring)",COLD,0.0,Airports & Aviation,1,expansion
7724,Japan airport,buyer_opportunity_gate,"buyer opportunity gate: no buyer-intent signal found (labor, expansion, capex, RFP, deployment, or operations hiring)",COLD,0.0,Airports & Aviation,1,expansion
7727,goop kitchen,logic_engine,logic engine: inference gate: insufficient positive evidence of company name (conf=0.30) — compact name (2 word(s)); no sentence-punctuation,COLD,0.0,Food Service,1,news
7728,China Mobile,buyer_opportunity_gate,"buyer opportunity gate: no buyer-intent signal found (labor, expansion, capex, RFP, deployment, or operations hiring)",COLD,0.0,Food Service,1,automation_interest
7729,Chinese coffee titan set,buyer_opportunity_gate,"buyer opportunity gate: no buyer-intent signal found (labor, expansion, capex, RFP, deployment, or operations hiring)",COLD,0.0,Unknown,1,news
7730,Hartsfield-Jackson Atlanta International Airport,buyer_opportunity_gate,"buyer opportunity gate: no buyer-intent signal found (labor, expansion, capex, RFP, deployment, or operations hiring)",COLD,0.0,Airports & Aviation,1,automation_interest
7731,Industrial Machine Vision Market,buyer_opportunity_gate,"buyer opportunity gate: no buyer-intent signal found (labor, expansion, capex, RFP, deployment, or operations hiring)",COLD,0.0,Unknown,1,automation_interest
7733,Emerson Electric,buyer_opportunity_gate,"buyer opportunity gate: no buyer-intent signal found (labor, expansion, capex, RFP, deployment, or operations hiring)",COLD,0.0,Unknown,1,news
7734,it means for jobs,buyer_opportunity_gate,"buyer opportunity gate: no buyer-intent signal found (labor, expansion, capex, RFP, deployment, or operations hiring)",COLD,0.0,Unknown,1,news
7735,Labs,buyer_opportunity_gate,"buyer opportunity gate: no buyer-intent signal found (labor, expansion, capex, RFP, deployment, or operations hiring)",COLD,0.0,Healthcare,1,expansion
7736,Competitive Overview,buyer_opportunity_gate,"buyer opportunity gate: no buyer-intent signal found (labor, expansion, capex, RFP, deployment, or operations hiring)",COLD,0.0,Unknown,1,news
7737,Dallas store,buyer_opportunity_gate,"buyer opportunity gate: no buyer-intent signal found (labor, expansion, capex, RFP, deployment, or operations hiring)",COLD,0.0,Logistics,1,expansion
7738,Telecom 2026: A Year,buyer_opportunity_gate,"buyer opportunity gate: no buyer-intent signal found (labor, expansion, capex, RFP, deployment, or operations hiring)",COLD,0.0,Unknown,1,news
7739,"cloud deal despite AI rivalry, sources",buyer_opportunity_gate,"buyer opportunity gate: no buyer-intent signal found (labor, expansion, capex, RFP, deployment, or operations hiring)",COLD,0.0,Media & Publishing,1,news
7740,Mettler-Toledo,buyer_opportunity_gate,"buyer opportunity gate: no buyer-intent signal found (labor, expansion, capex, RFP, deployment, or operations hiring)",COLD,0.0,Unknown,1,funding_round
7741,ITM 2026 in,buyer_opportunity_gate,"buyer opportunity gate: no buyer-intent signal found (labor, expansion, capex, RFP, deployment, or operations hiring)",COLD,0.0,Apparel & Textiles,1,expansion
7742,ITM 2026 in Istanbul,buyer_opportunity_gate,"buyer opportunity gate: no buyer-intent signal found (labor, expansion, capex, RFP, deployment, or operations hiring)",COLD,0.0,Apparel & Textiles,1,expansion
7743,10 Top Innovative eCommerce Solutions to Watch,buyer_opportunity_gate,"buyer opportunity gate: no buyer-intent signal found (labor, expansion, capex, RFP, deployment, or operations hiring)",COLD,0.0,Hospitality,1,news
7744,Top 10 robotics stories,buyer_opportunity_gate,"buyer opportunity gate: no buyer-intent signal found (labor, expansion, capex, RFP, deployment, or operations hiring)",COLD,0.0,Unknown,1,automation_interest
7745,return of seized tankers,logic_engine,logic engine: inference gate: insufficient positive evidence of company name (conf=0.30) — compact name (4 word(s)); no sentence-punctuation,COLD,0.0,Logistics,1,automation_interest
7746,Here’s How Labor Disputes,buyer_opportunity_gate,"buyer opportunity gate: no buyer-intent signal found (labor, expansion, capex, RFP, deployment, or operations hiring)",COLD,0.0,Food Service,1,news
7748,AFFLINK,buyer_opportunity_gate,"buyer opportunity gate: no buyer-intent signal found (labor, expansion, capex, RFP, deployment, or operations hiring)",COLD,0.0,Logistics,1,automation_interest
7749,Hollis,buyer_opportunity_gate,"buyer opportunity gate: no buyer-intent signal found (labor, expansion, capex, RFP, deployment, or operations hiring)",COLD,0.0,Unknown,1,news
7750,"GXO creates new client leadership role,",logic_engine,logic engine: inference gate: insufficient positive evidence of company name (conf=0.32) — starts with capital letter; contains distinctive non-generic word,COLD,0.0,Unknown,1,news
7751,"The White Company, M&S, Ganni",buyer_opportunity_gate,"buyer opportunity gate: no buyer-intent signal found (labor, expansion, capex, RFP, deployment, or operations hiring)",COLD,0.0,Retail,1,news
7752,least 59,buyer_opportunity_gate,"buyer opportunity gate: no buyer-intent signal found (labor, expansion, capex, RFP, deployment, or operations hiring)",COLD,0.0,Unknown,1,news
7753,risk as Trump seeks to deport Haitian workers,buyer_opportunity_gate,"buyer opportunity gate: no buyer-intent signal found (labor, expansion, capex, RFP, deployment, or operations hiring)",COLD,0.0,Unknown,1,news
7755,Germany's Cellbox Solutions,logic_engine,logic engine: inference gate: classified as description (conf=0.75) — possessive fragment with multiple words,COLD,0.0,Unknown,1,strategic_hire
7756,Build-to-Suit Data Center Market,buyer_opportunity_gate,"buyer opportunity gate: no buyer-intent signal found (labor, expansion, capex, RFP, deployment, or operations hiring)",COLD,0.0,Datacenters,1,news
7759,Arvato,buyer_opportunity_gate,"buyer opportunity gate: no buyer-intent signal found (labor, expansion, capex, RFP, deployment, or operations hiring)",COLD,0.0,Logistics,1,automation_interest
7760,Artificial Intelligence Based Surgical Robots Price,buyer_opportunity_gate,"buyer opportunity gate: no buyer-intent signal found (labor, expansion, capex, RFP, deployment, or operations hiring)",COLD,0.0,Medical Technology,1,strategic_hire
7761,Packaging Flour Bags,buyer_opportunity_gate,"buyer opportunity gate: no buyer-intent signal found (labor, expansion, capex, RFP, deployment, or operations hiring)",COLD,0.0,Food Processing & Manufacturing,1,expansion
7762,Amsterdam,buyer_opportunity_gate,"buyer opportunity gate: no buyer-intent signal found (labor, expansion, capex, RFP, deployment, or operations hiring)",COLD,0.0,Apparel & Textiles,1,news
7763,The 2026 Tech Forecast: Why Voice AI,buyer_opportunity_gate,"buyer opportunity gate: no buyer-intent signal found (labor, expansion, capex, RFP, deployment, or operations hiring)",COLD,0.0,Food Service,1,news
7764,America’s Job Market,buyer_opportunity_gate,"buyer opportunity gate: no buyer-intent signal found (labor, expansion, capex, RFP, deployment, or operations hiring)",COLD,0.0,Unknown,1,news
7769,customer experience centre,logic_engine,logic engine: inference gate: insufficient positive evidence of company name (conf=0.30) — compact name (3 word(s)); no sentence-punctuation,COLD,0.0,Automotive & Manufacturing,1,automation_interest
7771,Schnucks,buyer_opportunity_gate,"buyer opportunity gate: no buyer-intent signal found (labor, expansion, capex, RFP, deployment, or operations hiring)",COLD,0.0,Retail,1,automation_interest
7773,RoadOne,buyer_opportunity_gate,"buyer opportunity gate: no buyer-intent signal found (labor, expansion, capex, RFP, deployment, or operations hiring)",COLD,0.0,Logistics,1,expansion
7774,Richtech Robotics’ Big Valuation,buyer_opportunity_gate,"buyer opportunity gate: no buyer-intent signal found (labor, expansion, capex, RFP, deployment, or operations hiring)",COLD,0.0,Unknown,1,automation_interest
7775,Top 10 AI Prompts and Use Cases,buyer_opportunity_gate,"buyer opportunity gate: no buyer-intent signal found (labor, expansion, capex, RFP, deployment, or operations hiring)",COLD,0.0,Hospitality,1,automation_interest
7776,AI in Aging and Elderly Care Market,buyer_opportunity_gate,"buyer opportunity gate: no buyer-intent signal found (labor, expansion, capex, RFP, deployment, or operations hiring)",COLD,0.0,Unknown,1,news
7778,Amsterdam’s VNYX,buyer_opportunity_gate,"buyer opportunity gate: no buyer-intent signal found (labor, expansion, capex, RFP, deployment, or operations hiring)",COLD,0.0,Apparel & Textiles,1,news
7781,things we learnt about the Universal Studios UK,buyer_opportunity_gate,"buyer opportunity gate: no buyer-intent signal found (labor, expansion, capex, RFP, deployment, or operations hiring)",COLD,0.0,Theme Parks & Entertainment,1,news
7782,Dorney Park,buyer_opportunity_gate,"buyer opportunity gate: no buyer-intent signal found (labor, expansion, capex, RFP, deployment, or operations hiring)",COLD,0.0,Unknown,1,expansion
7783,insurers,buyer_opportunity_gate,"buyer opportunity gate: no buyer-intent signal found (labor, expansion, capex, RFP, deployment, or operations hiring)",COLD,0.0,Unknown,2,"expansion,news"
7784,"fuel fresh wave of layoffs in 2026, Goldman Sachs",buyer_opportunity_gate,"buyer opportunity gate: no buyer-intent signal found (labor, expansion, capex, RFP, deployment, or operations hiring)",COLD,0.0,Unknown,1,automation_interest
7785,as global firms prioritise AI over new,logic_engine,logic engine: inference gate: insufficient positive evidence of company name (conf=0.32) — no sentence-punctuation; contains distinctive non-generic word,COLD,0.0,Unknown,1,news
7787,Popular Korean Restaurant in Georgia,buyer_opportunity_gate,"buyer opportunity gate: no buyer-intent signal found (labor, expansion, capex, RFP, deployment, or operations hiring)",COLD,0.0,Food Service,1,automation_interest
7788,Odesi,buyer_opportunity_gate,"buyer opportunity gate: no buyer-intent signal found (labor, expansion, capex, RFP, deployment, or operations hiring)",COLD,0.0,Apparel & Textiles,1,expansion
7789,Gartex Texprocess India to showcase innovations,buyer_opportunity_gate,"buyer opportunity gate: no buyer-intent signal found (labor, expansion, capex, RFP, deployment, or operations hiring)",COLD,0.0,Hospitality,1,expansion
7790,"Exclusive: Nvidia, Foxconn",buyer_opportunity_gate,"buyer opportunity gate: no buyer-intent signal found (labor, expansion, capex, RFP, deployment, or operations hiring)",COLD,0.0,Automotive & Manufacturing,1,automation_interest
7791,The Luxury,buyer_opportunity_gate,"buyer opportunity gate: no buyer-intent signal found (labor, expansion, capex, RFP, deployment, or operations hiring)",COLD,0.0,Unknown,1,news
7792,Expo Pack México 2026 to focus on sustainability,buyer_opportunity_gate,"buyer opportunity gate: seller/vendor or publisher story, not a buyer opportunity",COLD,0.0,Hospitality,1,expansion
7794,Avalon Healthcare Solutions,buyer_opportunity_gate,"buyer opportunity gate: no buyer-intent signal found (labor, expansion, capex, RFP, deployment, or operations hiring)",COLD,0.0,Healthcare,1,funding_round
7795,8 Best Quantum Computing Stocks,buyer_opportunity_gate,"buyer opportunity gate: no buyer-intent signal found (labor, expansion, capex, RFP, deployment, or operations hiring)",COLD,0.0,Unknown,1,news
7796,us: Skill partnerships,buyer_opportunity_gate,"buyer opportunity gate: no buyer-intent signal found (labor, expansion, capex, RFP, deployment, or operations hiring)",COLD,0.0,Unknown,1,automation_interest
7797,Ensign Group,buyer_opportunity_gate,"buyer opportunity gate: no buyer-intent signal found (labor, expansion, capex, RFP, deployment, or operations hiring)",COLD,0.0,Healthcare,1,ma_activity
7799,Surgical Instrument Tracking Systems Market,fast_junk,junk substring: 'systems market',COLD,0.0,Medical Technology,1,news
7800,Bastian Solutions,buyer_opportunity_gate,"buyer opportunity gate: no buyer-intent signal found (labor, expansion, capex, RFP, deployment, or operations hiring)",COLD,0.0,Unknown,1,automation_interest
7801,the Three D,buyer_opportunity_gate,"buyer opportunity gate: no buyer-intent signal found (labor, expansion, capex, RFP, deployment, or operations hiring)",COLD,0.0,Unknown,1,strategic_hire
7802,megasite,buyer_opportunity_gate,"buyer opportunity gate: no buyer-intent signal found (labor, expansion, capex, RFP, deployment, or operations hiring)",COLD,0.0,Automotive & Manufacturing,1,expansion
7803,Italy Non Condensing,buyer_opportunity_gate,"buyer opportunity gate: no buyer-intent signal found (labor, expansion, capex, RFP, deployment, or operations hiring)",COLD,0.0,Food Processing & Manufacturing,1,news
7804,"Broadcom flags supply constraints,",buyer_opportunity_gate,"buyer opportunity gate: no buyer-intent signal found (labor, expansion, capex, RFP, deployment, or operations hiring)",COLD,0.0,Media & Publishing,1,expansion
7805,India’s Industrial Production,buyer_opportunity_gate,"buyer opportunity gate: no buyer-intent signal found (labor, expansion, capex, RFP, deployment, or operations hiring)",COLD,0.0,Unknown,1,expansion
7808,Popeyes,buyer_opportunity_gate,"buyer opportunity gate: no buyer-intent signal found (labor, expansion, capex, RFP, deployment, or operations hiring)",COLD,0.0,Food Service,1,strategic_hire
7810,Conveyors and Belt Loaders Market,buyer_opportunity_gate,"buyer opportunity gate: no buyer-intent signal found (labor, expansion, capex, RFP, deployment, or operations hiring)",COLD,0.0,Logistics,1,expansion
7811,Pick Fill Seal Machines Market,buyer_opportunity_gate,"buyer opportunity gate: no buyer-intent signal found (labor, expansion, capex, RFP, deployment, or operations hiring)",COLD,0.0,CPG & Consumer Goods,1,automation_interest
7812,New Indoor Drone Uses UVC Lights for Disinfection,buyer_opportunity_gate,"buyer opportunity gate: no buyer-intent signal found (labor, expansion, capex, RFP, deployment, or operations hiring)",COLD,0.0,Unknown,1,strategic_hire
7813,The secret,buyer_opportunity_gate,"buyer opportunity gate: no buyer-intent signal found (labor, expansion, capex, RFP, deployment, or operations hiring)",COLD,0.0,Airports & Aviation,1,automation_interest
7814,Jazeera Airways Resumes Direct Flights,buyer_opportunity_gate,"buyer opportunity gate: no buyer-intent signal found (labor, expansion, capex, RFP, deployment, or operations hiring)",COLD,0.0,Airports & Aviation,1,automation_interest
7815,US airport to enhance passenger experience,buyer_opportunity_gate,"buyer opportunity gate: no buyer-intent signal found (labor, expansion, capex, RFP, deployment, or operations hiring)",COLD,0.0,Airports & Aviation,1,expansion
7817,SaintQuant,buyer_opportunity_gate,"buyer opportunity gate: no buyer-intent signal found (labor, expansion, capex, RFP, deployment, or operations hiring)",COLD,0.0,Retail,1,expansion
7818,Emerging F&B trends,buyer_opportunity_gate,"buyer opportunity gate: no buyer-intent signal found (labor, expansion, capex, RFP, deployment, or operations hiring)",COLD,0.0,Unknown,1,news
7819,Green AI Data Center Market Market,buyer_opportunity_gate,"buyer opportunity gate: no buyer-intent signal found (labor, expansion, capex, RFP, deployment, or operations hiring)",COLD,0.0,Datacenters,1,expansion
7820,GFT Technologies AI-powered robots move,buyer_opportunity_gate,"buyer opportunity gate: no buyer-intent signal found (labor, expansion, capex, RFP, deployment, or operations hiring)",COLD,0.0,Automotive & Manufacturing,1,strategic_hire
7821,the Quickest Crisping and the Smallest Spaces,buyer_opportunity_gate,"buyer opportunity gate: no buyer-intent signal found (labor, expansion, capex, RFP, deployment, or operations hiring)",COLD,0.0,Media & Publishing,1,funding_round
7822,home,buyer_opportunity_gate,"buyer opportunity gate: no buyer-intent signal found (labor, expansion, capex, RFP, deployment, or operations hiring)",COLD,0.0,Unknown,1,automation_interest
7824,Moxi 2.0 mobile manipulator,buyer_opportunity_gate,"buyer opportunity gate: no buyer-intent signal found (labor, expansion, capex, RFP, deployment, or operations hiring)",COLD,0.0,Unknown,1,strategic_hire
7825,Dark Data Centers: Autonomous lights-out operations,buyer_opportunity_gate,"buyer opportunity gate: no buyer-intent signal found (labor, expansion, capex, RFP, deployment, or operations hiring)",COLD,0.0,Datacenters,1,automation_interest
7826,Digital Twins & Intelligent Automation,buyer_opportunity_gate,"buyer opportunity gate: no buyer-intent signal found (labor, expansion, capex, RFP, deployment, or operations hiring)",COLD,0.0,Unknown,1,automation_interest
7827,Peterson,buyer_opportunity_gate,"buyer opportunity gate: no buyer-intent signal found (labor, expansion, capex, RFP, deployment, or operations hiring)",COLD,0.0,Hospitality,1,news
7828,manufactures one smartphone per second,logic_engine,logic engine: inference gate: insufficient positive evidence of company name (conf=0.30) — 5-word name (borderline compact); no sentence-punctuation,COLD,0.0,Automotive & Manufacturing,1,news
7829,Mechanical Recycling,buyer_opportunity_gate,"buyer opportunity gate: no buyer-intent signal found (labor, expansion, capex, RFP, deployment, or operations hiring)",COLD,0.0,Apparel & Textiles,1,news
7830,Data Center Infrastructure Management Market,buyer_opportunity_gate,"buyer opportunity gate: no buyer-intent signal found (labor, expansion, capex, RFP, deployment, or operations hiring)",COLD,0.0,Datacenters,1,news
7831,Seek,buyer_opportunity_gate,"buyer opportunity gate: no buyer-intent signal found (labor, expansion, capex, RFP, deployment, or operations hiring)",COLD,0.0,Unknown,1,news
7832,IntraLogisteX 2026:,buyer_opportunity_gate,"buyer opportunity gate: no buyer-intent signal found (labor, expansion, capex, RFP, deployment, or operations hiring)",COLD,0.0,Logistics,1,automation_interest
7833,Packaging-Focused Job Site,buyer_opportunity_gate,"buyer opportunity gate: no buyer-intent signal found (labor, expansion, capex, RFP, deployment, or operations hiring)",COLD,0.0,Unknown,1,news
7834,Appetronix,buyer_opportunity_gate,"buyer opportunity gate: no buyer-intent signal found (labor, expansion, capex, RFP, deployment, or operations hiring)",COLD,0.0,Unknown,1,ma_activity
7835,Sportswear brand On,buyer_opportunity_gate,"buyer opportunity gate: no buyer-intent signal found (labor, expansion, capex, RFP, deployment, or operations hiring)",COLD,0.0,Logistics,1,strategic_hire
7836,‘It’s survival,buyer_opportunity_gate,"buyer opportunity gate: no buyer-intent signal found (labor, expansion, capex, RFP, deployment, or operations hiring)",COLD,0.0,Unknown,1,automation_interest
7837,Glimpse $35M,buyer_opportunity_gate,"buyer opportunity gate: no buyer-intent signal found (labor, expansion, capex, RFP, deployment, or operations hiring)",COLD,0.0,Retail,1,funding_round
7838,Textile Machine Lubricants Market,buyer_opportunity_gate,"buyer opportunity gate: no buyer-intent signal found (labor, expansion, capex, RFP, deployment, or operations hiring)",COLD,0.0,Apparel & Textiles,1,news
7840,Italian TravelTech startup Smartness,buyer_opportunity_gate,"buyer opportunity gate: seller/vendor or publisher story, not a buyer opportunity",COLD,0.0,Unknown,1,funding_round
7841,Ericsson,buyer_opportunity_gate,"buyer opportunity gate: no buyer-intent signal found (labor, expansion, capex, RFP, deployment, or operations hiring)",COLD,0.0,Unknown,1,news
7843,Nurabot AI Robot Eases Nurse Shortage,buyer_opportunity_gate,"buyer opportunity gate: no buyer-intent signal found (labor, expansion, capex, RFP, deployment, or operations hiring)",COLD,0.0,Healthcare,1,expansion
7845,St John's Hospital,logic_engine,logic engine: inference gate: classified as description (conf=0.75) — possessive fragment with multiple words,COLD,0.0,Healthcare,1,robot_installation
7846,World Second Lid Air Leakage,buyer_opportunity_gate,"buyer opportunity gate: no buyer-intent signal found (labor, expansion, capex, RFP, deployment, or operations hiring)",COLD,0.0,Unknown,1,news
7847,Factory Automation Sensor Market,buyer_opportunity_gate,"buyer opportunity gate: no buyer-intent signal found (labor, expansion, capex, RFP, deployment, or operations hiring)",COLD,0.0,Unknown,1,strategic_hire
7849,Vegas-Style Casino,buyer_opportunity_gate,"buyer opportunity gate: no buyer-intent signal found (labor, expansion, capex, RFP, deployment, or operations hiring)",COLD,0.0,Casinos & Gaming,1,news
7850,Formic,buyer_opportunity_gate,"buyer opportunity gate: no buyer-intent signal found (labor, expansion, capex, RFP, deployment, or operations hiring)",COLD,0.0,CPG & Consumer Goods,1,automation_interest
7851,VNYX,buyer_opportunity_gate,"buyer opportunity gate: no buyer-intent signal found (labor, expansion, capex, RFP, deployment, or operations hiring)",COLD,0.0,Apparel & Textiles,1,strategic_hire
7854,Costco's Warehouse Expansion,logic_engine,logic engine: inference gate: classified as description (conf=0.75) — possessive fragment with multiple words,COLD,0.0,Logistics,1,expansion
7855,Austin-based robotics company,buyer_opportunity_gate,"buyer opportunity gate: seller/vendor or publisher story, not a buyer opportunity",COLD,0.0,Unknown,1,expansion
7860,"Twin Health, metabolic health startup,",buyer_opportunity_gate,"buyer opportunity gate: seller/vendor or publisher story, not a buyer opportunity",COLD,0.0,Unknown,1,funding_round
7861,Driftwood Hospitality Management,buyer_opportunity_gate,"buyer opportunity gate: no buyer-intent signal found (labor, expansion, capex, RFP, deployment, or operations hiring)",COLD,0.0,Hospitality,3,strategic_hire
7862,Icon Hotels,buyer_opportunity_gate,"buyer opportunity gate: no buyer-intent signal found (labor, expansion, capex, RFP, deployment, or operations hiring)",COLD,0.0,Hospitality,1,strategic_hire
7863,Rebel Hotel Company,buyer_opportunity_gate,"buyer opportunity gate: no buyer-intent signal found (labor, expansion, capex, RFP, deployment, or operations hiring)",COLD,0.0,Hospitality,1,strategic_hire
7864,Lanson Place,buyer_opportunity_gate,"buyer opportunity gate: no buyer-intent signal found (labor, expansion, capex, RFP, deployment, or operations hiring)",COLD,0.0,Unknown,2,strategic_hire
7866,Opinion | Who,buyer_opportunity_gate,"buyer opportunity gate: no buyer-intent signal found (labor, expansion, capex, RFP, deployment, or operations hiring)",COLD,0.0,Unknown,1,news
7867,Retailers in UK,buyer_opportunity_gate,"buyer opportunity gate: no buyer-intent signal found (labor, expansion, capex, RFP, deployment, or operations hiring)",COLD,0.0,Retail,1,news
7868,a glance,buyer_opportunity_gate,"buyer opportunity gate: no buyer-intent signal found (labor, expansion, capex, RFP, deployment, or operations hiring)",COLD,0.0,Hospitality,3,automation_interest
7869,Sweetgreen’s dream,buyer_opportunity_gate,"buyer opportunity gate: no buyer-intent signal found (labor, expansion, capex, RFP, deployment, or operations hiring)",COLD,0.0,Unknown,1,news
7870,historic highs,logic_engine,logic engine: inference gate: insufficient positive evidence of company name (conf=0.30) — compact name (2 word(s)); no sentence-punctuation,COLD,0.0,Unknown,1,news
7872,World Fiber,buyer_opportunity_gate,"buyer opportunity gate: no buyer-intent signal found (labor, expansion, capex, RFP, deployment, or operations hiring)",COLD,0.0,Hospitality,1,expansion
7873,New IDF artillery ‘robot’,buyer_opportunity_gate,"buyer opportunity gate: no buyer-intent signal found (labor, expansion, capex, RFP, deployment, or operations hiring)",COLD,0.0,Unknown,1,automation_interest
7875,RORO,buyer_opportunity_gate,"buyer opportunity gate: no buyer-intent signal found (labor, expansion, capex, RFP, deployment, or operations hiring)",COLD,0.0,Logistics,1,news
7876,36Kr Exclusive: Ex-Thermo Fisher Employee,buyer_opportunity_gate,"buyer opportunity gate: no buyer-intent signal found (labor, expansion, capex, RFP, deployment, or operations hiring)",COLD,0.0,Unknown,2,news
7877,Resort 2026:,buyer_opportunity_gate,"buyer opportunity gate: no buyer-intent signal found (labor, expansion, capex, RFP, deployment, or operations hiring)",COLD,0.0,Hospitality,1,automation_interest
7879,Humanoid Robots at Haneda Airport,buyer_opportunity_gate,"buyer opportunity gate: no buyer-intent signal found (labor, expansion, capex, RFP, deployment, or operations hiring)",COLD,0.0,Airports & Aviation,1,automation_interest
7880,ASSP,buyer_opportunity_gate,"buyer opportunity gate: no buyer-intent signal found (labor, expansion, capex, RFP, deployment, or operations hiring)",COLD,0.0,Unknown,1,news
7882,Eliminating the Firefighting Overload,buyer_opportunity_gate,"buyer opportunity gate: no buyer-intent signal found (labor, expansion, capex, RFP, deployment, or operations hiring)",COLD,0.0,Logistics,1,automation_interest
7883,lowered this year,logic_engine,logic engine: inference gate: insufficient positive evidence of company name (conf=0.30) — compact name (3 word(s)); no sentence-punctuation,COLD,0.0,Unknown,1,expansion
7884,Milestone: Sunland Logistics Solutions,buyer_opportunity_gate,"buyer opportunity gate: no buyer-intent signal found (labor, expansion, capex, RFP, deployment, or operations hiring)",COLD,0.0,Logistics,1,automation_interest
7885,Second tranche,buyer_opportunity_gate,"buyer opportunity gate: no buyer-intent signal found (labor, expansion, capex, RFP, deployment, or operations hiring)",COLD,0.0,Unknown,1,expansion
7886,a time when 'we need more help',buyer_opportunity_gate,"buyer opportunity gate: no buyer-intent signal found (labor, expansion, capex, RFP, deployment, or operations hiring)",COLD,0.0,Unknown,1,news
7887,Supercomputers can stay chill with hot water,buyer_opportunity_gate,"buyer opportunity gate: no buyer-intent signal found (labor, expansion, capex, RFP, deployment, or operations hiring)",COLD,0.0,Unknown,1,expansion
7888,hot water,buyer_opportunity_gate,"buyer opportunity gate: no buyer-intent signal found (labor, expansion, capex, RFP, deployment, or operations hiring)",COLD,0.0,Unknown,1,expansion
7889,s fried chicken to,logic_engine,logic engine: inference gate: insufficient positive evidence of company name (conf=0.30) — compact name (4 word(s)); no sentence-punctuation,COLD,0.0,Unknown,1,funding_round
7890,s fried chicken,logic_engine,logic engine: inference gate: insufficient positive evidence of company name (conf=0.30) — compact name (3 word(s)); no sentence-punctuation,COLD,0.0,Unknown,1,funding_round
7892,The 10 Most Influential,buyer_opportunity_gate,"buyer opportunity gate: no buyer-intent signal found (labor, expansion, capex, RFP, deployment, or operations hiring)",COLD,0.0,Logistics,1,automation_interest
7894,The best,buyer_opportunity_gate,"buyer opportunity gate: no buyer-intent signal found (labor, expansion, capex, RFP, deployment, or operations hiring)",COLD,0.0,Unknown,1,news
7895,delivery drivers amid automation,logic_engine,logic engine: inference gate: insufficient positive evidence of company name (conf=0.30) — compact name (4 word(s)); no sentence-punctuation,COLD,0.0,Hospitality,1,strategic_hire
7897,Tomato Processing Machine Market,fast_junk,junk substring: 'machine market',COLD,0.0,Unknown,1,strategic_hire
7899,Food Pathogen,buyer_opportunity_gate,"buyer opportunity gate: no buyer-intent signal found (labor, expansion, capex, RFP, deployment, or operations hiring)",COLD,0.0,Logistics,1,automation_interest
7901,Kepler Cheuvreux,buyer_opportunity_gate,"buyer opportunity gate: no buyer-intent signal found (labor, expansion, capex, RFP, deployment, or operations hiring)",COLD,0.0,Unknown,1,news
7902,workers over several demands,logic_engine,logic engine: inference gate: insufficient positive evidence of company name (conf=0.30) — compact name (4 word(s)); no sentence-punctuation,COLD,0.0,Unknown,1,news
7903,Companies with AI-Led Processes Outperform Peers,buyer_opportunity_gate,"buyer opportunity gate: no buyer-intent signal found (labor, expansion, capex, RFP, deployment, or operations hiring)",COLD,0.0,Hospitality,1,news
7905,Abbott’s New Lab Automation System,buyer_opportunity_gate,"buyer opportunity gate: no buyer-intent signal found (labor, expansion, capex, RFP, deployment, or operations hiring)",COLD,0.0,Medical Technology,1,strategic_hire
7907,Snow,buyer_opportunity_gate,"buyer opportunity gate: no buyer-intent signal found (labor, expansion, capex, RFP, deployment, or operations hiring)",COLD,0.0,Unknown,1,news
7909,The Airport Leader’s,buyer_opportunity_gate,"buyer opportunity gate: no buyer-intent signal found (labor, expansion, capex, RFP, deployment, or operations hiring)",COLD,0.0,Airports & Aviation,1,expansion
7911,Chip Shortage,buyer_opportunity_gate,"buyer opportunity gate: no buyer-intent signal found (labor, expansion, capex, RFP, deployment, or operations hiring)",COLD,0.0,Media & Publishing,1,news
7912,Syntegon,buyer_opportunity_gate,"buyer opportunity gate: no buyer-intent signal found (labor, expansion, capex, RFP, deployment, or operations hiring)",COLD,0.0,Unknown,1,news
7915,Disinfection drones not yet practical,buyer_opportunity_gate,"buyer opportunity gate: no buyer-intent signal found (labor, expansion, capex, RFP, deployment, or operations hiring)",COLD,0.0,Unknown,1,automation_interest
7917,Two Kitchen Robots,buyer_opportunity_gate,"buyer opportunity gate: no buyer-intent signal found (labor, expansion, capex, RFP, deployment, or operations hiring)",COLD,0.0,Food Service,1,strategic_hire
7919,Surgery,buyer_opportunity_gate,"buyer opportunity gate: no buyer-intent signal found (labor, expansion, capex, RFP, deployment, or operations hiring)",COLD,0.0,Unknown,2,"expansion,news"
7921,Indy,buyer_opportunity_gate,"buyer opportunity gate: no buyer-intent signal found (labor, expansion, capex, RFP, deployment, or operations hiring)",COLD,0.0,CPG & Consumer Goods,1,news
7922,YASH Technologies Recognized as a Disruptor in Avasant,buyer_opportunity_gate,"buyer opportunity gate: no buyer-intent signal found (labor, expansion, capex, RFP, deployment, or operations hiring)",COLD,0.0,Datacenters,1,expansion
7923,AI Trading Bots,buyer_opportunity_gate,"buyer opportunity gate: no buyer-intent signal found (labor, expansion, capex, RFP, deployment, or operations hiring)",COLD,0.0,Healthcare,2,"automation_interest,expansion"
7924,Smokey Bones Chain,buyer_opportunity_gate,"buyer opportunity gate: no buyer-intent signal found (labor, expansion, capex, RFP, deployment, or operations hiring)",COLD,0.0,Food Service,1,news
7925,These New Restaurants,buyer_opportunity_gate,"buyer opportunity gate: no buyer-intent signal found (labor, expansion, capex, RFP, deployment, or operations hiring)",COLD,0.0,Food Service,1,news
7926,Curtains,buyer_opportunity_gate,"buyer opportunity gate: no buyer-intent signal found (labor, expansion, capex, RFP, deployment, or operations hiring)",COLD,0.0,Media & Publishing,1,news
7927,World Wrap,buyer_opportunity_gate,"buyer opportunity gate: no buyer-intent signal found (labor, expansion, capex, RFP, deployment, or operations hiring)",COLD,0.0,Unknown,1,news
7929,Marc Lore wants,buyer_opportunity_gate,"buyer opportunity gate: no buyer-intent signal found (labor, expansion, capex, RFP, deployment, or operations hiring)",COLD,0.0,Food Service,1,news
7930,Stereotaxis to,buyer_opportunity_gate,"buyer opportunity gate: seller/vendor or publisher story, not a buyer opportunity",COLD,0.0,Unknown,1,news
7931,PROCEPT BioRobotics®,buyer_opportunity_gate,"buyer opportunity gate: no buyer-intent signal found (labor, expansion, capex, RFP, deployment, or operations hiring)",COLD,0.0,Unknown,1,expansion
7934,Canada's restaurants,buyer_opportunity_gate,"buyer opportunity gate: no buyer-intent signal found (labor, expansion, capex, RFP, deployment, or operations hiring)",COLD,0.0,Food Service,1,news
7937,Nestle,buyer_opportunity_gate,"buyer opportunity gate: no buyer-intent signal found (labor, expansion, capex, RFP, deployment, or operations hiring)",COLD,0.0,CPG & Consumer Goods,1,news
7938,News Hyundai Glovis,buyer_opportunity_gate,"buyer opportunity gate: no buyer-intent signal found (labor, expansion, capex, RFP, deployment, or operations hiring)",COLD,0.0,Logistics,1,automation_interest
7939,Beyond Cost Savings: The True ROI,buyer_opportunity_gate,"buyer opportunity gate: no buyer-intent signal found (labor, expansion, capex, RFP, deployment, or operations hiring)",COLD,0.0,Logistics,1,automation_interest
7940,AI and robotics poised,buyer_opportunity_gate,"buyer opportunity gate: no buyer-intent signal found (labor, expansion, capex, RFP, deployment, or operations hiring)",COLD,0.0,Logistics,1,automation_interest
7942,Norwegian retailer,buyer_opportunity_gate,"buyer opportunity gate: no buyer-intent signal found (labor, expansion, capex, RFP, deployment, or operations hiring)",COLD,0.0,Retail,2,"expansion,strategic_hire"
7944,DFW This Summer,buyer_opportunity_gate,"buyer opportunity gate: no buyer-intent signal found (labor, expansion, capex, RFP, deployment, or operations hiring)",COLD,0.0,Airports & Aviation,1,news
7945,OrionStar Robotics to,buyer_opportunity_gate,"buyer opportunity gate: no buyer-intent signal found (labor, expansion, capex, RFP, deployment, or operations hiring)",COLD,0.0,Food Service,1,expansion
7946,Middleby Food Processing Spin-Off Leadership,buyer_opportunity_gate,"buyer opportunity gate: no buyer-intent signal found (labor, expansion, capex, RFP, deployment, or operations hiring)",COLD,0.0,Food Processing & Manufacturing,1,expansion
7947,Rebellyous Foods Commercially,buyer_opportunity_gate,"buyer opportunity gate: no buyer-intent signal found (labor, expansion, capex, RFP, deployment, or operations hiring)",COLD,0.0,Unknown,1,news
7948,World Point,buyer_opportunity_gate,"buyer opportunity gate: no buyer-intent signal found (labor, expansion, capex, RFP, deployment, or operations hiring)",COLD,0.0,Unknown,1,expansion
7949,Advancing Food,buyer_opportunity_gate,"buyer opportunity gate: no buyer-intent signal found (labor, expansion, capex, RFP, deployment, or operations hiring)",COLD,0.0,Food Processing & Manufacturing,1,expansion
7950,Wyoming Ranchers,buyer_opportunity_gate,"buyer opportunity gate: no buyer-intent signal found (labor, expansion, capex, RFP, deployment, or operations hiring)",COLD,0.0,Unknown,1,news
7951,Idnet,buyer_opportunity_gate,"buyer opportunity gate: no buyer-intent signal found (labor, expansion, capex, RFP, deployment, or operations hiring)",COLD,0.0,Logistics,1,automation_interest
7952,First Sulphur Shipment Crosses the Strait,buyer_opportunity_gate,"buyer opportunity gate: no buyer-intent signal found (labor, expansion, capex, RFP, deployment, or operations hiring)",COLD,0.0,Unknown,1,news
7953,Edinburgh Airport,buyer_opportunity_gate,"buyer opportunity gate: no buyer-intent signal found (labor, expansion, capex, RFP, deployment, or operations hiring)",COLD,0.0,Airports & Aviation,1,automation_interest
7954,The 12 Best Smart Home Devices,buyer_opportunity_gate,"buyer opportunity gate: no buyer-intent signal found (labor, expansion, capex, RFP, deployment, or operations hiring)",COLD,0.0,Unknown,1,funding_round
7957,USD 1,buyer_opportunity_gate,"buyer opportunity gate: no buyer-intent signal found (labor, expansion, capex, RFP, deployment, or operations hiring)",COLD,0.0,Food Processing & Manufacturing,1,news
7958,cloud-based,buyer_opportunity_gate,"buyer opportunity gate: no buyer-intent signal found (labor, expansion, capex, RFP, deployment, or operations hiring)",COLD,0.0,Unknown,1,news
7961,Capsa Healthcare,buyer_opportunity_gate,"buyer opportunity gate: no buyer-intent signal found (labor, expansion, capex, RFP, deployment, or operations hiring)",COLD,0.0,Healthcare,1,strategic_hire
7963,Three Months,buyer_opportunity_gate,"buyer opportunity gate: no buyer-intent signal found (labor, expansion, capex, RFP, deployment, or operations hiring)",COLD,0.0,Unknown,1,news
7968,Aviatize,buyer_opportunity_gate,"buyer opportunity gate: no buyer-intent signal found (labor, expansion, capex, RFP, deployment, or operations hiring)",COLD,0.0,Unknown,1,news
7969,Ain Sokhna,buyer_opportunity_gate,"buyer opportunity gate: no buyer-intent signal found (labor, expansion, capex, RFP, deployment, or operations hiring)",COLD,0.0,Airports & Aviation,1,strategic_hire
7970,Electric Avenue — News,buyer_opportunity_gate,"buyer opportunity gate: no buyer-intent signal found (labor, expansion, capex, RFP, deployment, or operations hiring)",COLD,0.0,Unknown,1,news
7971,Food & Beverage Bounces,buyer_opportunity_gate,"buyer opportunity gate: no buyer-intent signal found (labor, expansion, capex, RFP, deployment, or operations hiring)",COLD,0.0,Unknown,1,news
7975,Digital Textile Printer Market,buyer_opportunity_gate,"buyer opportunity gate: no buyer-intent signal found (labor, expansion, capex, RFP, deployment, or operations hiring)",COLD,0.0,Apparel & Textiles,1,news
7976,Automatic Bag,buyer_opportunity_gate,"buyer opportunity gate: no buyer-intent signal found (labor, expansion, capex, RFP, deployment, or operations hiring)",COLD,0.0,Apparel & Textiles,1,strategic_hire
7977,Utah's AI prescription refill,logic_engine,logic engine: inference gate: classified as description (conf=0.75) — possessive fragment with multiple words,COLD,0.0,Healthcare,1,robot_installation
7978,Blackstone,buyer_opportunity_gate,"buyer opportunity gate: no buyer-intent signal found (labor, expansion, capex, RFP, deployment, or operations hiring)",COLD,0.0,Hospitality,1,ma_activity
7979,least 68,buyer_opportunity_gate,"buyer opportunity gate: no buyer-intent signal found (labor, expansion, capex, RFP, deployment, or operations hiring)",COLD,0.0,Unknown,1,news
7980,SEG Solar,buyer_opportunity_gate,"buyer opportunity gate: no buyer-intent signal found (labor, expansion, capex, RFP, deployment, or operations hiring)",COLD,0.0,Unknown,1,news
7982,Shoals,buyer_opportunity_gate,"buyer opportunity gate: no buyer-intent signal found (labor, expansion, capex, RFP, deployment, or operations hiring)",COLD,0.0,Media & Publishing,1,news
7983,Nvidia to,buyer_opportunity_gate,"buyer opportunity gate: no buyer-intent signal found (labor, expansion, capex, RFP, deployment, or operations hiring)",COLD,0.0,Unknown,1,news
7988,On-Demand: How a 3PL,buyer_opportunity_gate,"buyer opportunity gate: no buyer-intent signal found (labor, expansion, capex, RFP, deployment, or operations hiring)",COLD,0.0,Logistics,1,automation_interest
7989,growth driven by economic,logic_engine,logic engine: inference gate: insufficient positive evidence of company name (conf=0.30) — compact name (4 word(s)); no sentence-punctuation,COLD,0.0,Healthcare,1,robot_installation
7990,Executives Need to Know,buyer_opportunity_gate,"buyer opportunity gate: no buyer-intent signal found (labor, expansion, capex, RFP, deployment, or operations hiring)",COLD,0.0,Automotive & Manufacturing,1,strategic_hire
7991,Coinbase,buyer_opportunity_gate,"buyer opportunity gate: no buyer-intent signal found (labor, expansion, capex, RFP, deployment, or operations hiring)",COLD,0.0,Unknown,1,news
7992,"Amazon's workforce in the coming years, CEO Jassy",logic_engine,logic engine: inference gate: classified as description (conf=0.75) — possessive fragment with multiple words,COLD,0.0,Unknown,1,news
7993,Latest News Headlines,buyer_opportunity_gate,"buyer opportunity gate: no buyer-intent signal found (labor, expansion, capex, RFP, deployment, or operations hiring)",COLD,0.0,Unknown,1,news
7994,French ID Logistics,buyer_opportunity_gate,"buyer opportunity gate: no buyer-intent signal found (labor, expansion, capex, RFP, deployment, or operations hiring)",COLD,0.0,Logistics,1,automation_interest
7995,Xenia Hotels & Resorts,buyer_opportunity_gate,"buyer opportunity gate: seller/vendor or publisher story, not a buyer opportunity",COLD,0.0,Hospitality,1,expansion
7997,‘You don’t,buyer_opportunity_gate,"buyer opportunity gate: no buyer-intent signal found (labor, expansion, capex, RFP, deployment, or operations hiring)",COLD,0.0,Unknown,1,strategic_hire
7998,Europe’s Truck Driver Shortage: What’s,buyer_opportunity_gate,"buyer opportunity gate: no buyer-intent signal found (labor, expansion, capex, RFP, deployment, or operations hiring)",COLD,0.0,Logistics,1,automation_interest
7999,Nigeria Customs,buyer_opportunity_gate,"buyer opportunity gate: no buyer-intent signal found (labor, expansion, capex, RFP, deployment, or operations hiring)",COLD,0.0,Unknown,1,automation_interest
8000,Minute Maid's,buyer_opportunity_gate,"buyer opportunity gate: no buyer-intent signal found (labor, expansion, capex, RFP, deployment, or operations hiring)",COLD,0.0,Food Processing & Manufacturing,1,news
8001,Japanese scientists,buyer_opportunity_gate,"buyer opportunity gate: no buyer-intent signal found (labor, expansion, capex, RFP, deployment, or operations hiring)",COLD,0.0,Unknown,1,news
8002,From Lab to Factory Floor: KUKA,buyer_opportunity_gate,"buyer opportunity gate: no buyer-intent signal found (labor, expansion, capex, RFP, deployment, or operations hiring)",COLD,0.0,Unknown,1,strategic_hire
8003,the National Restaurant Association Show in Chicago,buyer_opportunity_gate,"buyer opportunity gate: no buyer-intent signal found (labor, expansion, capex, RFP, deployment, or operations hiring)",COLD,0.0,Food Service,2,automation_interest
8007,San Antonio airport,buyer_opportunity_gate,"buyer opportunity gate: no buyer-intent signal found (labor, expansion, capex, RFP, deployment, or operations hiring)",COLD,0.0,Airports & Aviation,1,automation_interest
8009,Chicago's restaurant show,logic_engine,logic engine: inference gate: classified as description (conf=0.75) — possessive fragment with multiple words,COLD,0.0,Food Service,1,strategic_hire
8010,MedOS,buyer_opportunity_gate,"buyer opportunity gate: no buyer-intent signal found (labor, expansion, capex, RFP, deployment, or operations hiring)",COLD,0.0,Healthcare,1,automation_interest
8011,Atlas Performs High-Difficulty Gymnastics,buyer_opportunity_gate,"buyer opportunity gate: no buyer-intent signal found (labor, expansion, capex, RFP, deployment, or operations hiring)",COLD,0.0,Unknown,1,news
8013,2026 EXEED International Business Summit: Four-Model Lineup,buyer_opportunity_gate,"buyer opportunity gate: seller/vendor or publisher story, not a buyer opportunity",COLD,0.0,Unknown,1,news
8015,s Humanoid Robot Maker Robotera,buyer_opportunity_gate,"buyer opportunity gate: seller/vendor or publisher story, not a buyer opportunity",COLD,0.0,Unknown,1,funding_round
8016,Overcoming Retail,buyer_opportunity_gate,"buyer opportunity gate: no buyer-intent signal found (labor, expansion, capex, RFP, deployment, or operations hiring)",COLD,0.0,Retail,1,expansion
8017,"s logistics network, now",buyer_opportunity_gate,"buyer opportunity gate: no buyer-intent signal found (labor, expansion, capex, RFP, deployment, or operations hiring)",COLD,0.0,Logistics,1,automation_interest
8018,The Next Wave,buyer_opportunity_gate,"buyer opportunity gate: no buyer-intent signal found (labor, expansion, capex, RFP, deployment, or operations hiring)",COLD,0.0,Logistics,1,automation_interest
8019,Smartsheet,buyer_opportunity_gate,"buyer opportunity gate: no buyer-intent signal found (labor, expansion, capex, RFP, deployment, or operations hiring)",COLD,0.0,Unknown,1,strategic_hire
8020,Efficio,buyer_opportunity_gate,"buyer opportunity gate: no buyer-intent signal found (labor, expansion, capex, RFP, deployment, or operations hiring)",COLD,0.0,Unknown,1,news
8021,Pret,buyer_opportunity_gate,"buyer opportunity gate: no buyer-intent signal found (labor, expansion, capex, RFP, deployment, or operations hiring)",COLD,0.0,Logistics,1,automation_interest
8024,Czech retailer Albert,buyer_opportunity_gate,"buyer opportunity gate: no buyer-intent signal found (labor, expansion, capex, RFP, deployment, or operations hiring)",COLD,0.0,Food Processing & Manufacturing,1,automation_interest
8025,Six new smart stores,buyer_opportunity_gate,"buyer opportunity gate: no buyer-intent signal found (labor, expansion, capex, RFP, deployment, or operations hiring)",COLD,0.0,Unknown,1,funding_round
8028,15 Best,buyer_opportunity_gate,"buyer opportunity gate: no buyer-intent signal found (labor, expansion, capex, RFP, deployment, or operations hiring)",COLD,0.0,Logistics,2,news
8029,an Automatic Litter Box,buyer_opportunity_gate,"buyer opportunity gate: no buyer-intent signal found (labor, expansion, capex, RFP, deployment, or operations hiring)",COLD,0.0,Media & Publishing,1,news
8030,Pee,buyer_opportunity_gate,"buyer opportunity gate: no buyer-intent signal found (labor, expansion, capex, RFP, deployment, or operations hiring)",COLD,0.0,Media & Publishing,1,news
8031,You Need to Know About the Company,buyer_opportunity_gate,"buyer opportunity gate: no buyer-intent signal found (labor, expansion, capex, RFP, deployment, or operations hiring)",COLD,0.0,Unknown,1,news
8032,You Need to Know About,buyer_opportunity_gate,"buyer opportunity gate: no buyer-intent signal found (labor, expansion, capex, RFP, deployment, or operations hiring)",COLD,0.0,Unknown,1,news
8033,Bpost enables Click & Collect,buyer_opportunity_gate,"buyer opportunity gate: no buyer-intent signal found (labor, expansion, capex, RFP, deployment, or operations hiring)",COLD,0.0,Unknown,1,news
8034,Experts see AI,buyer_opportunity_gate,"buyer opportunity gate: no buyer-intent signal found (labor, expansion, capex, RFP, deployment, or operations hiring)",COLD,0.0,Unknown,1,automation_interest
8035,Data Center Networking Market,buyer_opportunity_gate,"buyer opportunity gate: no buyer-intent signal found (labor, expansion, capex, RFP, deployment, or operations hiring)",COLD,0.0,Datacenters,2,news
8037,Miso,buyer_opportunity_gate,"buyer opportunity gate: no buyer-intent signal found (labor, expansion, capex, RFP, deployment, or operations hiring)",COLD,0.0,Unknown,1,expansion
8038,Penske’s New Supply Chain Insight Platform,buyer_opportunity_gate,"buyer opportunity gate: no buyer-intent signal found (labor, expansion, capex, RFP, deployment, or operations hiring)",COLD,0.0,Logistics,1,automation_interest
8039,s for,buyer_opportunity_gate,"buyer opportunity gate: no buyer-intent signal found (labor, expansion, capex, RFP, deployment, or operations hiring)",COLD,0.0,Logistics,1,automation_interest
8040,US Motor Works,buyer_opportunity_gate,"buyer opportunity gate: no buyer-intent signal found (labor, expansion, capex, RFP, deployment, or operations hiring)",COLD,0.0,Unknown,1,news
8042,Medication Safety ADC Insights,buyer_opportunity_gate,"buyer opportunity gate: no buyer-intent signal found (labor, expansion, capex, RFP, deployment, or operations hiring)",COLD,0.0,Medical Technology,1,expansion
8043,Shaping the Future,buyer_opportunity_gate,"buyer opportunity gate: no buyer-intent signal found (labor, expansion, capex, RFP, deployment, or operations hiring)",COLD,0.0,Retail,1,expansion
8044,Periodic Labs,buyer_opportunity_gate,"buyer opportunity gate: no buyer-intent signal found (labor, expansion, capex, RFP, deployment, or operations hiring)",COLD,0.0,Unknown,1,news
8045,Fei-Fei Li's World Labs,logic_engine,logic engine: inference gate: classified as description (conf=0.75) — possessive fragment with multiple words,COLD,0.0,Unknown,1,funding_round
8046,Make it in,buyer_opportunity_gate,"buyer opportunity gate: no buyer-intent signal found (labor, expansion, capex, RFP, deployment, or operations hiring)",COLD,0.0,Unknown,1,strategic_hire
8047,UAE officials put Micropolis in focus as it,logic_engine,logic engine: inference gate: insufficient positive evidence of company name (conf=0.25) — starts with capital letter; very long (8 words) — likely a sentence,COLD,0.0,Unknown,1,automation_interest
8048,Smart Retail Market,buyer_opportunity_gate,"buyer opportunity gate: no buyer-intent signal found (labor, expansion, capex, RFP, deployment, or operations hiring)",COLD,0.0,Retail,1,news
8049,DdbuShen,buyer_opportunity_gate,"buyer opportunity gate: no buyer-intent signal found (labor, expansion, capex, RFP, deployment, or operations hiring)",COLD,0.0,Unknown,1,strategic_hire
8050,Sterile Compounding Pharmacies Market,buyer_opportunity_gate,"buyer opportunity gate: no buyer-intent signal found (labor, expansion, capex, RFP, deployment, or operations hiring)",COLD,0.0,Unknown,1,news
8051,Jim Cramer Highlights the “Incredible,buyer_opportunity_gate,"buyer opportunity gate: no buyer-intent signal found (labor, expansion, capex, RFP, deployment, or operations hiring)",COLD,0.0,Automotive & Manufacturing,1,automation_interest
8052,spare warehouse workers,logic_engine,logic engine: inference gate: insufficient positive evidence of company name (conf=0.30) — compact name (3 word(s)); no sentence-punctuation,COLD,0.0,Logistics,1,expansion
8054,cities and cost them millions,buyer_opportunity_gate,"buyer opportunity gate: no buyer-intent signal found (labor, expansion, capex, RFP, deployment, or operations hiring)",COLD,0.0,Unknown,1,expansion
8057,Sysco Price,buyer_opportunity_gate,"buyer opportunity gate: no buyer-intent signal found (labor, expansion, capex, RFP, deployment, or operations hiring)",COLD,0.0,Food Service,1,ma_activity
8058,Alimentation Couche-Tard,buyer_opportunity_gate,"buyer opportunity gate: no buyer-intent signal found (labor, expansion, capex, RFP, deployment, or operations hiring)",COLD,0.0,Unknown,1,news
8059,"adopting automation, but few see real results,",buyer_opportunity_gate,"buyer opportunity gate: no buyer-intent signal found (labor, expansion, capex, RFP, deployment, or operations hiring)",COLD,0.0,Unknown,1,automation_interest
8060,Ballad,buyer_opportunity_gate,"buyer opportunity gate: no buyer-intent signal found (labor, expansion, capex, RFP, deployment, or operations hiring)",COLD,0.0,Unknown,1,strategic_hire
8062,Deals tracker: Cross Country Healthcare,buyer_opportunity_gate,"buyer opportunity gate: no buyer-intent signal found (labor, expansion, capex, RFP, deployment, or operations hiring)",COLD,0.0,Healthcare,1,ma_activity
8064,Border System Crash,buyer_opportunity_gate,"buyer opportunity gate: no buyer-intent signal found (labor, expansion, capex, RFP, deployment, or operations hiring)",COLD,0.0,Unknown,1,news
8065,Nashville hospital,buyer_opportunity_gate,"buyer opportunity gate: no buyer-intent signal found (labor, expansion, capex, RFP, deployment, or operations hiring)",COLD,0.0,Healthcare,1,strategic_hire
8066,Winding down,buyer_opportunity_gate,"buyer opportunity gate: no buyer-intent signal found (labor, expansion, capex, RFP, deployment, or operations hiring)",COLD,0.0,Unknown,1,expansion
8067,Stonebridge Companies,buyer_opportunity_gate,"buyer opportunity gate: no buyer-intent signal found (labor, expansion, capex, RFP, deployment, or operations hiring)",COLD,0.0,Hospitality,1,strategic_hire
8068,Stonebridge,buyer_opportunity_gate,"buyer opportunity gate: no buyer-intent signal found (labor, expansion, capex, RFP, deployment, or operations hiring)",COLD,0.0,Hospitality,2,strategic_hire
8069,Trestle Studio LLC,buyer_opportunity_gate,"buyer opportunity gate: no buyer-intent signal found (labor, expansion, capex, RFP, deployment, or operations hiring)",COLD,0.0,Hospitality,1,strategic_hire
8070,Amsa Hospitality,buyer_opportunity_gate,"buyer opportunity gate: no buyer-intent signal found (labor, expansion, capex, RFP, deployment, or operations hiring)",COLD,0.0,Hospitality,1,expansion
8072,APM Terminals,buyer_opportunity_gate,"buyer opportunity gate: no buyer-intent signal found (labor, expansion, capex, RFP, deployment, or operations hiring)",COLD,0.0,Airports & Aviation,1,expansion
